{
    "docker": {
        "command": null,
        "cpu_quota": 20000,
        "detach": true,
        "entrypoint": "'/sb/bin/do_solidity.sh' '/sb/IUraniumCallee.sol.sol' '3600' '/sb/bin'",
        "image": "trailofbits/eth-security-toolbox",
        "mem_limit": "1g",
        "user": 0,
        "volumes": {
            "/tmp/tmpbws668uj": {
                "bind": "/sb",
                "mode": "rw"
            }
        }
    },
    "filename": "/home/kaixuan/sast_study/solidity/smartbugs/samples/poc_shift/source_code_vuln/inconsistent value in balance calculation/Uranium_exp/home/camille/Project/swap/uranium/swap-core/contracts/interfaces/IUraniumCallee.sol.sol",
    "platform": {
        "cpu": "Intel(R) Xeon(R) Gold 6248 CPU @ 2.50GHz",
        "python": "3.8.10.final.0 (64 bit)",
        "release": "5.15.0-91-generic",
        "smartbugs": "2.0.8",
        "system": "Linux",
        "version": "#101~20.04.1-Ubuntu SMP Thu Nov 16 14:22:28 UTC 2023"
    },
    "result": {
        "duration": 30.307706356048584,
        "exit_code": 255,
        "logs": "result.log",
        "output": "result.tar",
        "start": 1714314575.76186
    },
    "runid": "20240428_1408",
    "solc": "0.5.17",
    "tool": {
        "bin": "scripts",
        "command": null,
        "cpu_quota": null,
        "entrypoint": "'$BIN/do_solidity.sh' '$FILENAME' '$TIMEOUT' '$BIN'",
        "id": "slither",
        "image": "trailofbits/eth-security-toolbox",
        "info": "Slither is a Solidity static analysis framework written in Python 3. It runs a suite of vulnerability detectors and prints visual information about contract details. Slither enables developers to find vulnerabilities, enhance their code comphrehension, and quickly prototype custom analyses.",
        "mem_limit": null,
        "mode": "solidity",
        "name": "Slither",
        "origin": "https://github.com/crytic/slither",
        "output": "/output.json",
        "parser": "parser.py",
        "solc": true,
        "version": "0.10.0"
    }
}
