{
    "errors": [
        "EXIT_CODE_255"
    ],
    "fails": [],
    "findings": [
        {
            "confidence": "Medium",
            "contract": "/sb/NimbusPair.sol",
            "filename": "/home/kaixuan/sast_study/solidity/smartbugs/samples/poc_shift/source_code_vuln/inconsistent value in balance calculation/Nimbus_exp/NimbusPair.sol",
            "function": "_update",
            "impact": "High",
            "line": 279,
            "line_end": 292,
            "message": "NimbusPair._update(uint256,uint256,uint112,uint112) (../..NimbusPair.sol#279-292) uses a weak PRNG: \"blockTimestamp = uint32(block.timestamp % 2 ** 32) (../..NimbusPair.sol#281)\" \n",
            "name": "weak-prng"
        },
        {
            "confidence": "High",
            "contract": "/sb/NimbusPair.sol",
            "filename": "/home/kaixuan/sast_study/solidity/smartbugs/samples/poc_shift/source_code_vuln/inconsistent value in balance calculation/Nimbus_exp/NimbusPair.sol",
            "function": "_safeTransfer",
            "impact": "Medium",
            "line": 262,
            "line_end": 265,
            "message": "NimbusPair._safeTransfer(address,address,uint256) (../..NimbusPair.sol#262-265) uses a dangerous strict equality:\n\t- require(bool,string)(success && (data.length == 0 || abi.decode(data,(bool))),Nimbus: TRANSFER_FAILED) (../..NimbusPair.sol#264)\n",
            "name": "incorrect-equality"
        },
        {
            "confidence": "High",
            "contract": "/sb/NimbusPair.sol",
            "filename": "/home/kaixuan/sast_study/solidity/smartbugs/samples/poc_shift/source_code_vuln/inconsistent value in balance calculation/Nimbus_exp/NimbusPair.sol",
            "function": "mint",
            "impact": "Medium",
            "line": 316,
            "line_end": 337,
            "message": "NimbusPair.mint(address) (../..NimbusPair.sol#316-337) uses a dangerous strict equality:\n\t- _totalSupply == 0 (../..NimbusPair.sol#325)\n",
            "name": "incorrect-equality"
        },
        {
            "confidence": "Medium",
            "contract": "/sb/NimbusPair.sol",
            "filename": "/home/kaixuan/sast_study/solidity/smartbugs/samples/poc_shift/source_code_vuln/inconsistent value in balance calculation/Nimbus_exp/NimbusPair.sol",
            "function": "burn",
            "impact": "Medium",
            "line": 340,
            "line_end": 362,
            "message": "Reentrancy in NimbusPair.burn(address) (../..NimbusPair.sol#340-362):\n\tExternal calls:\n\t- _safeTransfer(_token0,to,amount0) (../..NimbusPair.sol#354)\n\t\t- (success,data) = token.call(abi.encodeWithSelector(SELECTOR,to,value)) (../..NimbusPair.sol#263)\n\t- _safeTransfer(_token1,to,amount1) (../..NimbusPair.sol#355)\n\t\t- (success,data) = token.call(abi.encodeWithSelector(SELECTOR,to,value)) (../..NimbusPair.sol#263)\n\tState variables written after the call(s):\n\t- _update(balance0,balance1,_reserve0,_reserve1) (../..NimbusPair.sol#359)\n\t\t- blockTimestampLast = blockTimestamp (../..NimbusPair.sol#290)\n\tNimbusPair.blockTimestampLast (../..NimbusPair.sol#242) can be used in cross function reentrancies:\n\t- NimbusPair._update(uint256,uint256,uint112,uint112) (../..NimbusPair.sol#279-292)\n\t- NimbusPair.getReserves() (../..NimbusPair.sol#256-260)\n\t- kLast = uint256(reserve0).mul(reserve1) (../..NimbusPair.sol#360)\n\tNimbusPair.kLast (../..NimbusPair.sol#246) can be used in cross function reentrancies:\n\t- NimbusPair._mintFee(uint112,uint112) (../..NimbusPair.sol#295-313)\n\t- NimbusPair.burn(address) (../..NimbusPair.sol#340-362)\n\t- NimbusPair.kLast (../..NimbusPair.sol#246)\n\t- NimbusPair.mint(address) (../..NimbusPair.sol#316-337)\n\t- _update(balance0,balance1,_reserve0,_reserve1) (../..NimbusPair.sol#359)\n\t\t- reserve0 = uint112(balance0) (../..NimbusPair.sol#288)\n\tNimbusPair.reserve0 (../..NimbusPair.sol#240) can be used in cross function reentrancies:\n\t- NimbusPair._update(uint256,uint256,uint112,uint112) (../..NimbusPair.sol#279-292)\n\t- NimbusPair.burn(address) (../..NimbusPair.sol#340-362)\n\t- NimbusPair.getReserves() (../..NimbusPair.sol#256-260)\n\t- NimbusPair.mint(address) (../..NimbusPair.sol#316-337)\n\t- NimbusPair.skim(address) (../..NimbusPair.sol#415-420)\n\t- NimbusPair.sync() (../..NimbusPair.sol#423-425)\n\t- _update(balance0,balance1,_reserve0,_reserve1) (../..NimbusPair.sol#359)\n\t\t- reserve1 = uint112(balance1) (../..NimbusPair.sol#289)\n\tNimbusPair.reserve1 (../..NimbusPair.sol#241) can be used in cross function reentrancies:\n\t- NimbusPair._update(uint256,uint256,uint112,uint112) (../..NimbusPair.sol#279-292)\n\t- NimbusPair.burn(address) (../..NimbusPair.sol#340-362)\n\t- NimbusPair.getReserves() (../..NimbusPair.sol#256-260)\n\t- NimbusPair.mint(address) (../..NimbusPair.sol#316-337)\n\t- NimbusPair.skim(address) (../..NimbusPair.sol#415-420)\n\t- NimbusPair.sync() (../..NimbusPair.sol#423-425)\n",
            "name": "reentrancy-no-eth"
        },
        {
            "confidence": "Medium",
            "contract": "/sb/NimbusPair.sol",
            "filename": "/home/kaixuan/sast_study/solidity/smartbugs/samples/poc_shift/source_code_vuln/inconsistent value in balance calculation/Nimbus_exp/NimbusPair.sol",
            "function": "swap",
            "impact": "Medium",
            "line": 365,
            "line_end": 412,
            "message": "Reentrancy in NimbusPair.swap(uint256,uint256,address,bytes) (../..NimbusPair.sol#365-412):\n\tExternal calls:\n\t- _safeTransfer(_token0,to,amount0Out) (../..NimbusPair.sol#376)\n\t\t- (success,data) = token.call(abi.encodeWithSelector(SELECTOR,to,value)) (../..NimbusPair.sol#263)\n\t- _safeTransfer(_token1,to,amount1Out) (../..NimbusPair.sol#377)\n\t\t- (success,data) = token.call(abi.encodeWithSelector(SELECTOR,to,value)) (../..NimbusPair.sol#263)\n\t- INimbusCallee(to).NimbusCall(msg.sender,amount0Out,amount1Out,data) (../..NimbusPair.sol#378)\n\t- _safeTransfer(_token0_scope_0,referralProgram,refFee) (../..NimbusPair.sol#391)\n\t\t- (success,data) = token.call(abi.encodeWithSelector(SELECTOR,to,value)) (../..NimbusPair.sol#263)\n\t- INimbusReferralProgram(referralProgram).recordFee(_token0_scope_0,to,refFee) (../..NimbusPair.sol#392)\n\t- _safeTransfer(_token1_scope_2,referralProgram,refFee_scope_1) (../..NimbusPair.sol#398)\n\t\t- (success,data) = token.call(abi.encodeWithSelector(SELECTOR,to,value)) (../..NimbusPair.sol#263)\n\t- INimbusReferralProgram(referralProgram).recordFee(_token1_scope_2,to,refFee_scope_1) (../..NimbusPair.sol#399)\n\tState variables written after the call(s):\n\t- _update(balance0,balance1,_reserve0,_reserve1) (../..NimbusPair.sol#410)\n\t\t- blockTimestampLast = blockTimestamp (../..NimbusPair.sol#290)\n\tNimbusPair.blockTimestampLast (../..NimbusPair.sol#242) can be used in cross function reentrancies:\n\t- NimbusPair._update(uint256,uint256,uint112,uint112) (../..NimbusPair.sol#279-292)\n\t- NimbusPair.getReserves() (../..NimbusPair.sol#256-260)\n\t- _update(balance0,balance1,_reserve0,_reserve1) (../..NimbusPair.sol#410)\n\t\t- reserve0 = uint112(balance0) (../..NimbusPair.sol#288)\n\tNimbusPair.reserve0 (../..NimbusPair.sol#240) can be used in cross function reentrancies:\n\t- NimbusPair._update(uint256,uint256,uint112,uint112) (../..NimbusPair.sol#279-292)\n\t- NimbusPair.burn(address) (../..NimbusPair.sol#340-362)\n\t- NimbusPair.getReserves() (../..NimbusPair.sol#256-260)\n\t- NimbusPair.mint(address) (../..NimbusPair.sol#316-337)\n\t- NimbusPair.skim(address) (../..NimbusPair.sol#415-420)\n\t- NimbusPair.sync() (../..NimbusPair.sol#423-425)\n\t- _update(balance0,balance1,_reserve0,_reserve1) (../..NimbusPair.sol#410)\n\t\t- reserve1 = uint112(balance1) (../..NimbusPair.sol#289)\n\tNimbusPair.reserve1 (../..NimbusPair.sol#241) can be used in cross function reentrancies:\n\t- NimbusPair._update(uint256,uint256,uint112,uint112) (../..NimbusPair.sol#279-292)\n\t- NimbusPair.burn(address) (../..NimbusPair.sol#340-362)\n\t- NimbusPair.getReserves() (../..NimbusPair.sol#256-260)\n\t- NimbusPair.mint(address) (../..NimbusPair.sol#316-337)\n\t- NimbusPair.skim(address) (../..NimbusPair.sol#415-420)\n\t- NimbusPair.sync() (../..NimbusPair.sol#423-425)\n",
            "name": "reentrancy-no-eth"
        },
        {
            "confidence": "Medium",
            "filename": "/home/kaixuan/sast_study/solidity/smartbugs/samples/poc_shift/source_code_vuln/inconsistent value in balance calculation/Nimbus_exp/NimbusPair.sol",
            "impact": "Low",
            "line": 272,
            "message": "NimbusPair.initialize(address,address)._token1 (../..NimbusPair.sol#272) lacks a zero-check on :\n\t\t- token1 = _token1 (../..NimbusPair.sol#275)\n",
            "name": "missing-zero-check"
        },
        {
            "confidence": "Medium",
            "filename": "/home/kaixuan/sast_study/solidity/smartbugs/samples/poc_shift/source_code_vuln/inconsistent value in balance calculation/Nimbus_exp/NimbusPair.sol",
            "impact": "Low",
            "line": 272,
            "message": "NimbusPair.initialize(address,address)._token0 (../..NimbusPair.sol#272) lacks a zero-check on :\n\t\t- token0 = _token0 (../..NimbusPair.sol#274)\n",
            "name": "missing-zero-check"
        },
        {
            "confidence": "Medium",
            "contract": "/sb/NimbusPair.sol",
            "filename": "/home/kaixuan/sast_study/solidity/smartbugs/samples/poc_shift/source_code_vuln/inconsistent value in balance calculation/Nimbus_exp/NimbusPair.sol",
            "function": "burn",
            "impact": "Low",
            "line": 340,
            "line_end": 362,
            "message": "Reentrancy in NimbusPair.burn(address) (../..NimbusPair.sol#340-362):\n\tExternal calls:\n\t- _safeTransfer(_token0,to,amount0) (../..NimbusPair.sol#354)\n\t\t- (success,data) = token.call(abi.encodeWithSelector(SELECTOR,to,value)) (../..NimbusPair.sol#263)\n\t- _safeTransfer(_token1,to,amount1) (../..NimbusPair.sol#355)\n\t\t- (success,data) = token.call(abi.encodeWithSelector(SELECTOR,to,value)) (../..NimbusPair.sol#263)\n\tState variables written after the call(s):\n\t- _update(balance0,balance1,_reserve0,_reserve1) (../..NimbusPair.sol#359)\n\t\t- price0CumulativeLast += uint256(UQ112x112.encode(_reserve1).uqdiv(_reserve0)) * timeElapsed (../..NimbusPair.sol#285)\n\t- _update(balance0,balance1,_reserve0,_reserve1) (../..NimbusPair.sol#359)\n\t\t- price1CumulativeLast += uint256(UQ112x112.encode(_reserve0).uqdiv(_reserve1)) * timeElapsed (../..NimbusPair.sol#286)\n",
            "name": "reentrancy-benign"
        },
        {
            "confidence": "Medium",
            "contract": "/sb/NimbusPair.sol",
            "filename": "/home/kaixuan/sast_study/solidity/smartbugs/samples/poc_shift/source_code_vuln/inconsistent value in balance calculation/Nimbus_exp/NimbusPair.sol",
            "function": "swap",
            "impact": "Low",
            "line": 365,
            "line_end": 412,
            "message": "Reentrancy in NimbusPair.swap(uint256,uint256,address,bytes) (../..NimbusPair.sol#365-412):\n\tExternal calls:\n\t- _safeTransfer(_token0,to,amount0Out) (../..NimbusPair.sol#376)\n\t\t- (success,data) = token.call(abi.encodeWithSelector(SELECTOR,to,value)) (../..NimbusPair.sol#263)\n\t- _safeTransfer(_token1,to,amount1Out) (../..NimbusPair.sol#377)\n\t\t- (success,data) = token.call(abi.encodeWithSelector(SELECTOR,to,value)) (../..NimbusPair.sol#263)\n\t- INimbusCallee(to).NimbusCall(msg.sender,amount0Out,amount1Out,data) (../..NimbusPair.sol#378)\n\t- _safeTransfer(_token0_scope_0,referralProgram,refFee) (../..NimbusPair.sol#391)\n\t\t- (success,data) = token.call(abi.encodeWithSelector(SELECTOR,to,value)) (../..NimbusPair.sol#263)\n\t- INimbusReferralProgram(referralProgram).recordFee(_token0_scope_0,to,refFee) (../..NimbusPair.sol#392)\n\t- _safeTransfer(_token1_scope_2,referralProgram,refFee_scope_1) (../..NimbusPair.sol#398)\n\t\t- (success,data) = token.call(abi.encodeWithSelector(SELECTOR,to,value)) (../..NimbusPair.sol#263)\n\t- INimbusReferralProgram(referralProgram).recordFee(_token1_scope_2,to,refFee_scope_1) (../..NimbusPair.sol#399)\n\tState variables written after the call(s):\n\t- _update(balance0,balance1,_reserve0,_reserve1) (../..NimbusPair.sol#410)\n\t\t- price0CumulativeLast += uint256(UQ112x112.encode(_reserve1).uqdiv(_reserve0)) * timeElapsed (../..NimbusPair.sol#285)\n\t- _update(balance0,balance1,_reserve0,_reserve1) (../..NimbusPair.sol#410)\n\t\t- price1CumulativeLast += uint256(UQ112x112.encode(_reserve0).uqdiv(_reserve1)) * timeElapsed (../..NimbusPair.sol#286)\n",
            "name": "reentrancy-benign"
        },
        {
            "confidence": "Medium",
            "contract": "/sb/NimbusPair.sol",
            "filename": "/home/kaixuan/sast_study/solidity/smartbugs/samples/poc_shift/source_code_vuln/inconsistent value in balance calculation/Nimbus_exp/NimbusPair.sol",
            "function": "swap",
            "impact": "Low",
            "line": 365,
            "line_end": 412,
            "message": "Reentrancy in NimbusPair.swap(uint256,uint256,address,bytes) (../..NimbusPair.sol#365-412):\n\tExternal calls:\n\t- _safeTransfer(_token0,to,amount0Out) (../..NimbusPair.sol#376)\n\t\t- (success,data) = token.call(abi.encodeWithSelector(SELECTOR,to,value)) (../..NimbusPair.sol#263)\n\t- _safeTransfer(_token1,to,amount1Out) (../..NimbusPair.sol#377)\n\t\t- (success,data) = token.call(abi.encodeWithSelector(SELECTOR,to,value)) (../..NimbusPair.sol#263)\n\t- INimbusCallee(to).NimbusCall(msg.sender,amount0Out,amount1Out,data) (../..NimbusPair.sol#378)\n\t- _safeTransfer(_token0_scope_0,referralProgram,refFee) (../..NimbusPair.sol#391)\n\t\t- (success,data) = token.call(abi.encodeWithSelector(SELECTOR,to,value)) (../..NimbusPair.sol#263)\n\t- INimbusReferralProgram(referralProgram).recordFee(_token0_scope_0,to,refFee) (../..NimbusPair.sol#392)\n\t- _safeTransfer(_token1_scope_2,referralProgram,refFee_scope_1) (../..NimbusPair.sol#398)\n\t\t- (success,data) = token.call(abi.encodeWithSelector(SELECTOR,to,value)) (../..NimbusPair.sol#263)\n\t- INimbusReferralProgram(referralProgram).recordFee(_token1_scope_2,to,refFee_scope_1) (../..NimbusPair.sol#399)\n\tEvent emitted after the call(s):\n\t- Swap(msg.sender,amount0In,amount1In,amount0Out,amount1Out,to) (../..NimbusPair.sol#411)\n\t- Sync(reserve0,reserve1) (../..NimbusPair.sol#291)\n\t\t- _update(balance0,balance1,_reserve0,_reserve1) (../..NimbusPair.sol#410)\n",
            "name": "reentrancy-events"
        },
        {
            "confidence": "Medium",
            "contract": "/sb/NimbusPair.sol",
            "filename": "/home/kaixuan/sast_study/solidity/smartbugs/samples/poc_shift/source_code_vuln/inconsistent value in balance calculation/Nimbus_exp/NimbusPair.sol",
            "function": "burn",
            "impact": "Low",
            "line": 340,
            "line_end": 362,
            "message": "Reentrancy in NimbusPair.burn(address) (../..NimbusPair.sol#340-362):\n\tExternal calls:\n\t- _safeTransfer(_token0,to,amount0) (../..NimbusPair.sol#354)\n\t\t- (success,data) = token.call(abi.encodeWithSelector(SELECTOR,to,value)) (../..NimbusPair.sol#263)\n\t- _safeTransfer(_token1,to,amount1) (../..NimbusPair.sol#355)\n\t\t- (success,data) = token.call(abi.encodeWithSelector(SELECTOR,to,value)) (../..NimbusPair.sol#263)\n\tEvent emitted after the call(s):\n\t- Burn(msg.sender,amount0,amount1,to) (../..NimbusPair.sol#361)\n\t- Sync(reserve0,reserve1) (../..NimbusPair.sol#291)\n\t\t- _update(balance0,balance1,_reserve0,_reserve1) (../..NimbusPair.sol#359)\n",
            "name": "reentrancy-events"
        },
        {
            "confidence": "Medium",
            "contract": "/sb/NimbusPair.sol",
            "filename": "/home/kaixuan/sast_study/solidity/smartbugs/samples/poc_shift/source_code_vuln/inconsistent value in balance calculation/Nimbus_exp/NimbusPair.sol",
            "function": "permit",
            "impact": "Low",
            "line": 156,
            "line_end": 168,
            "message": "NimbusERC20.permit(address,address,uint256,uint256,uint8,bytes32,bytes32) (../..NimbusPair.sol#156-168) uses timestamp for comparisons\n\tDangerous comparisons:\n\t- require(bool,string)(deadline >= block.timestamp,Nimbus: EXPIRED) (../..NimbusPair.sol#157)\n",
            "name": "timestamp"
        },
        {
            "confidence": "Medium",
            "contract": "/sb/NimbusPair.sol",
            "filename": "/home/kaixuan/sast_study/solidity/smartbugs/samples/poc_shift/source_code_vuln/inconsistent value in balance calculation/Nimbus_exp/NimbusPair.sol",
            "function": "_update",
            "impact": "Low",
            "line": 279,
            "line_end": 292,
            "message": "NimbusPair._update(uint256,uint256,uint112,uint112) (../..NimbusPair.sol#279-292) uses timestamp for comparisons\n\tDangerous comparisons:\n\t- timeElapsed > 0 && _reserve0 != 0 && _reserve1 != 0 (../..NimbusPair.sol#283)\n",
            "name": "timestamp"
        },
        {
            "confidence": "High",
            "filename": "/home/kaixuan/sast_study/solidity/smartbugs/samples/poc_shift/source_code_vuln/inconsistent value in balance calculation/Nimbus_exp/NimbusPair.sol",
            "impact": "Informational",
            "line": 1,
            "message": "Pragma version=0.8.0 (../..NimbusPair.sol#1) allows old versions\n",
            "name": "solc-version"
        },
        {
            "confidence": "High",
            "filename": "/home/kaixuan/sast_study/solidity/smartbugs/samples/poc_shift/source_code_vuln/inconsistent value in balance calculation/Nimbus_exp/NimbusPair.sol",
            "impact": "Informational",
            "message": "solc-0.8.0 is not recommended for deployment\n",
            "name": "solc-version"
        },
        {
            "confidence": "High",
            "contract": "/sb/NimbusPair.sol",
            "filename": "/home/kaixuan/sast_study/solidity/smartbugs/samples/poc_shift/source_code_vuln/inconsistent value in balance calculation/Nimbus_exp/NimbusPair.sol",
            "function": "_safeTransfer",
            "impact": "Informational",
            "line": 262,
            "line_end": 265,
            "message": "Low level call in NimbusPair._safeTransfer(address,address,uint256) (../..NimbusPair.sol#262-265):\n\t- (success,data) = token.call(abi.encodeWithSelector(SELECTOR,to,value)) (../..NimbusPair.sol#263)\n",
            "name": "low-level-calls"
        },
        {
            "confidence": "High",
            "contract": "/sb/NimbusPair.sol",
            "filename": "/home/kaixuan/sast_study/solidity/smartbugs/samples/poc_shift/source_code_vuln/inconsistent value in balance calculation/Nimbus_exp/NimbusPair.sol",
            "function": "NimbusCall",
            "impact": "Informational",
            "line": 222,
            "message": "Function INimbusCallee.NimbusCall(address,uint256,uint256,bytes) (../..NimbusPair.sol#222) is not in mixedCase\n",
            "name": "naming-convention"
        },
        {
            "confidence": "High",
            "filename": "/home/kaixuan/sast_study/solidity/smartbugs/samples/poc_shift/source_code_vuln/inconsistent value in balance calculation/Nimbus_exp/NimbusPair.sol",
            "impact": "Informational",
            "line": 272,
            "message": "Parameter NimbusPair.initialize(address,address)._token0 (../..NimbusPair.sol#272) is not in mixedCase\n",
            "name": "naming-convention"
        },
        {
            "confidence": "High",
            "contract": "/sb/NimbusPair.sol",
            "filename": "/home/kaixuan/sast_study/solidity/smartbugs/samples/poc_shift/source_code_vuln/inconsistent value in balance calculation/Nimbus_exp/NimbusPair.sol",
            "function": "DOMAIN_SEPARATOR",
            "impact": "Informational",
            "line": 35,
            "message": "Function INimbusERC20.DOMAIN_SEPARATOR() (../..NimbusPair.sol#35) is not in mixedCase\n",
            "name": "naming-convention"
        },
        {
            "confidence": "High",
            "filename": "/home/kaixuan/sast_study/solidity/smartbugs/samples/poc_shift/source_code_vuln/inconsistent value in balance calculation/Nimbus_exp/NimbusPair.sol",
            "impact": "Informational",
            "line": 272,
            "message": "Parameter NimbusPair.initialize(address,address)._token1 (../..NimbusPair.sol#272) is not in mixedCase\n",
            "name": "naming-convention"
        },
        {
            "confidence": "High",
            "filename": "/home/kaixuan/sast_study/solidity/smartbugs/samples/poc_shift/source_code_vuln/inconsistent value in balance calculation/Nimbus_exp/NimbusPair.sol",
            "impact": "Informational",
            "line": 97,
            "message": "Variable NimbusERC20.DOMAIN_SEPARATOR (../..NimbusPair.sol#97) is not in mixedCase\n",
            "name": "naming-convention"
        },
        {
            "confidence": "High",
            "contract": "/sb/NimbusPair.sol",
            "filename": "/home/kaixuan/sast_study/solidity/smartbugs/samples/poc_shift/source_code_vuln/inconsistent value in balance calculation/Nimbus_exp/NimbusPair.sol",
            "function": "MINIMUM_LIQUIDITY",
            "impact": "Informational",
            "line": 55,
            "message": "Function INimbusPair.MINIMUM_LIQUIDITY() (../..NimbusPair.sol#55) is not in mixedCase\n",
            "name": "naming-convention"
        },
        {
            "confidence": "High",
            "contract": "/sb/NimbusPair.sol",
            "filename": "/home/kaixuan/sast_study/solidity/smartbugs/samples/poc_shift/source_code_vuln/inconsistent value in balance calculation/Nimbus_exp/NimbusPair.sol",
            "function": "PERMIT_TYPEHASH",
            "impact": "Informational",
            "line": 36,
            "message": "Function INimbusERC20.PERMIT_TYPEHASH() (../..NimbusPair.sol#36) is not in mixedCase\n",
            "name": "naming-convention"
        },
        {
            "confidence": "Medium",
            "filename": "/home/kaixuan/sast_study/solidity/smartbugs/samples/poc_shift/source_code_vuln/inconsistent value in balance calculation/Nimbus_exp/NimbusPair.sol",
            "impact": "Informational",
            "line": 244,
            "message": "Variable NimbusPair.price0CumulativeLast (../..NimbusPair.sol#244) is too similar to NimbusPair.price1CumulativeLast (../..NimbusPair.sol#245)\n",
            "name": "similar-names"
        },
        {
            "confidence": "Medium",
            "filename": "/home/kaixuan/sast_study/solidity/smartbugs/samples/poc_shift/source_code_vuln/inconsistent value in balance calculation/Nimbus_exp/NimbusPair.sol",
            "impact": "Informational",
            "line": 405,
            "message": "Variable NimbusPair.swap(uint256,uint256,address,bytes).balance0Adjusted (../..NimbusPair.sol#405) is too similar to NimbusPair.swap(uint256,uint256,address,bytes).balance1Adjusted (../..NimbusPair.sol#406)\n",
            "name": "similar-names"
        },
        {
            "confidence": "High",
            "filename": "/home/kaixuan/sast_study/solidity/smartbugs/samples/poc_shift/source_code_vuln/inconsistent value in balance calculation/Nimbus_exp/NimbusPair.sol",
            "impact": "Optimization",
            "line": 97,
            "message": "NimbusERC20.DOMAIN_SEPARATOR (../..NimbusPair.sol#97) should be immutable \n",
            "name": "immutable-states"
        },
        {
            "confidence": "High",
            "filename": "/home/kaixuan/sast_study/solidity/smartbugs/samples/poc_shift/source_code_vuln/inconsistent value in balance calculation/Nimbus_exp/NimbusPair.sol",
            "impact": "Optimization",
            "line": 236,
            "message": "NimbusPair.factory (../..NimbusPair.sol#236) should be immutable \n",
            "name": "immutable-states"
        }
    ],
    "infos": [],
    "parser": {
        "id": "slither",
        "mode": "solidity",
        "version": "2022/11/14"
    }
}
