{
    "errors": [
        "EXIT_CODE_255"
    ],
    "fails": [],
    "findings": [
        {
            "confidence": "High",
            "filename": "/home/kaixuan/sast_study/solidity/smartbugs/samples/poc_shift/source_code_vuln/skim_transfer/Upswing_exp/IERC20.sol.sol",
            "impact": "Informational",
            "line": 2,
            "message": "Pragma version^0.6.0 (../..IERC20.sol.sol#2) allows old versions\n",
            "name": "solc-version"
        },
        {
            "confidence": "High",
            "filename": "/home/kaixuan/sast_study/solidity/smartbugs/samples/poc_shift/source_code_vuln/skim_transfer/Upswing_exp/IERC20.sol.sol",
            "impact": "Informational",
            "message": "solc-0.6.12 is not recommended for deployment\n",
            "name": "solc-version"
        }
    ],
    "infos": [],
    "parser": {
        "id": "slither",
        "mode": "solidity",
        "version": "2022/11/14"
    }
}
