{
    "docker": {
        "command": null,
        "cpu_quota": 20000,
        "detach": true,
        "entrypoint": "'/sb/bin/do_solidity.sh' '/sb/SafeMath.sol.sol' '/sb/bin'",
        "image": "smartbugs/solhint:3.3.8",
        "mem_limit": "1g",
        "user": 0,
        "volumes": {
            "/tmp/tmproo3hq4q": {
                "bind": "/sb",
                "mode": "rw"
            }
        }
    },
    "filename": "/home/kaixuan/sast_study/solidity/smartbugs/samples/poc_shift/source_code_vuln/inconsistent value in balance calculation/Uranium_exp/home/camille/Project/swap/uranium/swap-core/contracts/libraries/SafeMath.sol.sol",
    "platform": {
        "cpu": "Intel(R) Xeon(R) Gold 6248 CPU @ 2.50GHz",
        "python": "3.8.10.final.0 (64 bit)",
        "release": "5.15.0-91-generic",
        "smartbugs": "2.0.8",
        "system": "Linux",
        "version": "#101~20.04.1-Ubuntu SMP Thu Nov 16 14:22:28 UTC 2023"
    },
    "result": {
        "duration": 25.85122561454773,
        "exit_code": 1,
        "logs": "result.log",
        "output": null,
        "start": 1714313654.8132927
    },
    "runid": "20240428_1408",
    "solc": "0.5.16",
    "tool": {
        "bin": "scripts",
        "command": null,
        "cpu_quota": null,
        "entrypoint": "'$BIN/do_solidity.sh' '$FILENAME' '$BIN'",
        "id": "solhint-3.3.8",
        "image": "smartbugs/solhint:3.3.8",
        "info": "Open source project for linting solidity code. This project provide both security and style guide validations.",
        "mem_limit": null,
        "mode": "solidity",
        "name": "Solhint",
        "origin": "https://github.com/protofire/solhint",
        "output": null,
        "parser": "parser.py",
        "solc": true,
        "version": "3.3.8"
    }
}
