{
    "errors": [
        "EXIT_CODE_255"
    ],
    "fails": [],
    "findings": [
        {
            "confidence": "Medium",
            "contract": "/sb/MultiChainCapital.sol",
            "filename": "/home/kaixuan/sast_study/solidity/smartbugs/samples/poc_shift/source_code_vuln/deliver/MultiChainCapital_exp/MultiChainCapital.sol",
            "function": "sendETHToTeam",
            "impact": "High",
            "line": 930,
            "line_end": 933,
            "message": "MultiChainCapital.sendETHToTeam(uint256) (../..MultiChainCapital.sol#930-933) sends eth to arbitrary user\n\tDangerous calls:\n\t- _MCCWalletAddress.transfer(amount.div(2)) (../..MultiChainCapital.sol#931)\n\t- _marketingWalletAddress.transfer(amount.div(2)) (../..MultiChainCapital.sol#932)\n",
            "name": "arbitrary-send-eth"
        },
        {
            "confidence": "Medium",
            "contract": "/sb/MultiChainCapital.sol",
            "filename": "/home/kaixuan/sast_study/solidity/smartbugs/samples/poc_shift/source_code_vuln/deliver/MultiChainCapital_exp/MultiChainCapital.sol",
            "function": "_transfer",
            "impact": "High",
            "line": 870,
            "line_end": 910,
            "message": "Reentrancy in MultiChainCapital._transfer(address,address,uint256) (../..MultiChainCapital.sol#870-910):\n\tExternal calls:\n\t- swapTokensForEth(contractTokenBalance) (../..MultiChainCapital.sol#892)\n\t\t- uniswapV2Router.swapExactTokensForETHSupportingFeeOnTransferTokens(tokenAmount,0,path,address(this),block.timestamp) (../..MultiChainCapital.sol#921-927)\n\tExternal calls sending eth:\n\t- sendETHToTeam(address(this).balance) (../..MultiChainCapital.sol#896)\n\t\t- _MCCWalletAddress.transfer(amount.div(2)) (../..MultiChainCapital.sol#931)\n\t\t- _marketingWalletAddress.transfer(amount.div(2)) (../..MultiChainCapital.sol#932)\n\tState variables written after the call(s):\n\t- _tokenTransfer(sender,recipient,amount,takeFee) (../..MultiChainCapital.sol#909)\n\t\t- _rOwned[address(this)] = _rOwned[address(this)].add(rTeam) (../..MultiChainCapital.sol#1014)\n\t\t- _rOwned[sender] = _rOwned[sender].sub(rAmount) (../..MultiChainCapital.sol#973)\n\t\t- _rOwned[sender] = _rOwned[sender].sub(rAmount) (../..MultiChainCapital.sol#982)\n\t\t- _rOwned[sender] = _rOwned[sender].sub(rAmount) (../..MultiChainCapital.sol#1003)\n\t\t- _rOwned[recipient] = _rOwned[recipient].add(rTransferAmount) (../..MultiChainCapital.sol#974)\n\t\t- _rOwned[sender] = _rOwned[sender].sub(rAmount) (../..MultiChainCapital.sol#993)\n\t\t- _rOwned[recipient] = _rOwned[recipient].add(rTransferAmount) (../..MultiChainCapital.sol#994)\n\t\t- _rOwned[recipient] = _rOwned[recipient].add(rTransferAmount) (../..MultiChainCapital.sol#984)\n\t\t- _rOwned[recipient] = _rOwned[recipient].add(rTransferAmount) (../..MultiChainCapital.sol#1005)\n\tMultiChainCapital._rOwned (../..MultiChainCapital.sol#666) can be used in cross function reentrancies:\n\t- MultiChainCapital._getCurrentSupply() (../..MultiChainCapital.sol#1053-1063)\n\t- MultiChainCapital._takeTeam(uint256) (../..MultiChainCapital.sol#1011-1017)\n\t- MultiChainCapital._transferBothExcluded(address,address,uint256) (../..MultiChainCapital.sol#1000-1009)\n\t- MultiChainCapital._transferFromExcluded(address,address,uint256) (../..MultiChainCapital.sol#990-998)\n\t- MultiChainCapital._transferStandard(address,address,uint256) (../..MultiChainCapital.sol#971-978)\n\t- MultiChainCapital._transferToExcluded(address,address,uint256) (../..MultiChainCapital.sol#980-988)\n\t- MultiChainCapital.balanceOf(address) (../..MultiChainCapital.sol#747-750)\n\t- MultiChainCapital.constructor(address,address) (../..MultiChainCapital.sol#711-729)\n\t- MultiChainCapital.deliver(uint256) (../..MultiChainCapital.sol#794-801)\n\t- MultiChainCapital.excludeAccount(address) (../..MultiChainCapital.sol#820-828)\n\t- _tokenTransfer(sender,recipient,amount,takeFee) (../..MultiChainCapital.sol#909)\n\t\t- _rTotal = _rTotal.sub(rFee) (../..MultiChainCapital.sol#1020)\n\tMultiChainCapital._rTotal (../..MultiChainCapital.sol#677) can be used in cross function reentrancies:\n\t- MultiChainCapital._getCurrentSupply() (../..MultiChainCapital.sol#1053-1063)\n\t- MultiChainCapital._reflectFee(uint256,uint256) (../..MultiChainCapital.sol#1019-1022)\n\t- MultiChainCapital.constructor(address,address) (../..MultiChainCapital.sol#711-729)\n\t- MultiChainCapital.deliver(uint256) (../..MultiChainCapital.sol#794-801)\n\t- MultiChainCapital.tokenFromReflection(uint256) (../..MultiChainCapital.sol#814-818)\n\t- _tokenTransfer(sender,recipient,amount,takeFee) (../..MultiChainCapital.sol#909)\n\t\t- _tOwned[address(this)] = _tOwned[address(this)].add(tTeam) (../..MultiChainCapital.sol#1016)\n\t\t- _tOwned[sender] = _tOwned[sender].sub(tAmount) (../..MultiChainCapital.sol#1002)\n\t\t- _tOwned[sender] = _tOwned[sender].sub(tAmount) (../..MultiChainCapital.sol#992)\n\t\t- _tOwned[recipient] = _tOwned[recipient].add(tTransferAmount) (../..MultiChainCapital.sol#983)\n\t\t- _tOwned[recipient] = _tOwned[recipient].add(tTransferAmount) (../..MultiChainCapital.sol#1004)\n\tMultiChainCapital._tOwned (../..MultiChainCapital.sol#667) can be used in cross function reentrancies:\n\t- MultiChainCapital._getCurrentSupply() (../..MultiChainCapital.sol#1053-1063)\n\t- MultiChainCapital._takeTeam(uint256) (../..MultiChainCapital.sol#1011-1017)\n\t- MultiChainCapital._transferBothExcluded(address,address,uint256) (../..MultiChainCapital.sol#1000-1009)\n\t- MultiChainCapital._transferFromExcluded(address,address,uint256) (../..MultiChainCapital.sol#990-998)\n\t- MultiChainCapital._transferToExcluded(address,address,uint256) (../..MultiChainCapital.sol#980-988)\n\t- MultiChainCapital.balanceOf(address) (../..MultiChainCapital.sol#747-750)\n\t- MultiChainCapital.excludeAccount(address) (../..MultiChainCapital.sol#820-828)\n\t- MultiChainCapital.includeAccount(address) (../..MultiChainCapital.sol#830-841)\n",
            "name": "reentrancy-eth"
        },
        {
            "confidence": "High",
            "contract": "/sb/MultiChainCapital.sol",
            "filename": "/home/kaixuan/sast_study/solidity/smartbugs/samples/poc_shift/source_code_vuln/deliver/MultiChainCapital_exp/MultiChainCapital.sol",
            "function": "owner",
            "impact": "Low",
            "line": 862,
            "message": "MultiChainCapital._approve(address,address,uint256).owner (../..MultiChainCapital.sol#862) shadows:\n\t- Ownable.owner() (../..MultiChainCapital.sol#404-406) (function)\n",
            "name": "shadowing-local"
        },
        {
            "confidence": "High",
            "contract": "/sb/MultiChainCapital.sol",
            "filename": "/home/kaixuan/sast_study/solidity/smartbugs/samples/poc_shift/source_code_vuln/deliver/MultiChainCapital_exp/MultiChainCapital.sol",
            "function": "owner",
            "impact": "Low",
            "line": 757,
            "message": "MultiChainCapital.allowance(address,address).owner (../..MultiChainCapital.sol#757) shadows:\n\t- Ownable.owner() (../..MultiChainCapital.sol#404-406) (function)\n",
            "name": "shadowing-local"
        },
        {
            "confidence": "Medium",
            "contract": "/sb/MultiChainCapital.sol",
            "filename": "/home/kaixuan/sast_study/solidity/smartbugs/samples/poc_shift/source_code_vuln/deliver/MultiChainCapital_exp/MultiChainCapital.sol",
            "function": "_setMaxTxAmount",
            "impact": "Low",
            "line": 1091,
            "line_end": 1094,
            "message": "MultiChainCapital._setMaxTxAmount(uint256) (../..MultiChainCapital.sol#1091-1094) should emit an event for: \n\t- _maxTxAmount = maxTxAmount (../..MultiChainCapital.sol#1093) \n",
            "name": "events-maths"
        },
        {
            "confidence": "Medium",
            "contract": "/sb/MultiChainCapital.sol",
            "filename": "/home/kaixuan/sast_study/solidity/smartbugs/samples/poc_shift/source_code_vuln/deliver/MultiChainCapital_exp/MultiChainCapital.sol",
            "function": "_setTaxFee",
            "impact": "Low",
            "line": 1077,
            "line_end": 1080,
            "message": "MultiChainCapital._setTaxFee(uint256) (../..MultiChainCapital.sol#1077-1080) should emit an event for: \n\t- _taxFee = taxFee (../..MultiChainCapital.sol#1079) \n",
            "name": "events-maths"
        },
        {
            "confidence": "Medium",
            "contract": "/sb/MultiChainCapital.sol",
            "filename": "/home/kaixuan/sast_study/solidity/smartbugs/samples/poc_shift/source_code_vuln/deliver/MultiChainCapital_exp/MultiChainCapital.sol",
            "function": "_setTeamFee",
            "impact": "Low",
            "line": 1082,
            "line_end": 1085,
            "message": "MultiChainCapital._setTeamFee(uint256) (../..MultiChainCapital.sol#1082-1085) should emit an event for: \n\t- _teamFee = teamFee (../..MultiChainCapital.sol#1084) \n",
            "name": "events-maths"
        },
        {
            "confidence": "Medium",
            "filename": "/home/kaixuan/sast_study/solidity/smartbugs/samples/poc_shift/source_code_vuln/deliver/MultiChainCapital_exp/MultiChainCapital.sol",
            "impact": "Low",
            "line": 1087,
            "message": "MultiChainCapital._setMCCWallet(address).MCCWalletAddress (../..MultiChainCapital.sol#1087) lacks a zero-check on :\n\t\t- _MCCWalletAddress = MCCWalletAddress (../..MultiChainCapital.sol#1088)\n",
            "name": "missing-zero-check"
        },
        {
            "confidence": "Medium",
            "filename": "/home/kaixuan/sast_study/solidity/smartbugs/samples/poc_shift/source_code_vuln/deliver/MultiChainCapital_exp/MultiChainCapital.sol",
            "impact": "Low",
            "line": 711,
            "message": "MultiChainCapital.constructor(address,address).MCCWalletAddress (../..MultiChainCapital.sol#711) lacks a zero-check on :\n\t\t- _MCCWalletAddress = MCCWalletAddress (../..MultiChainCapital.sol#712)\n",
            "name": "missing-zero-check"
        },
        {
            "confidence": "Medium",
            "filename": "/home/kaixuan/sast_study/solidity/smartbugs/samples/poc_shift/source_code_vuln/deliver/MultiChainCapital_exp/MultiChainCapital.sol",
            "impact": "Low",
            "line": 711,
            "message": "MultiChainCapital.constructor(address,address).marketingWalletAddress (../..MultiChainCapital.sol#711) lacks a zero-check on :\n\t\t- _marketingWalletAddress = marketingWalletAddress (../..MultiChainCapital.sol#713)\n",
            "name": "missing-zero-check"
        },
        {
            "confidence": "Medium",
            "contract": "/sb/MultiChainCapital.sol",
            "filename": "/home/kaixuan/sast_study/solidity/smartbugs/samples/poc_shift/source_code_vuln/deliver/MultiChainCapital_exp/MultiChainCapital.sol",
            "function": "transferFrom",
            "impact": "Low",
            "line": 766,
            "line_end": 770,
            "message": "Reentrancy in MultiChainCapital.transferFrom(address,address,uint256) (../..MultiChainCapital.sol#766-770):\n\tExternal calls:\n\t- _transfer(sender,recipient,amount) (../..MultiChainCapital.sol#767)\n\t\t- uniswapV2Router.swapExactTokensForETHSupportingFeeOnTransferTokens(tokenAmount,0,path,address(this),block.timestamp) (../..MultiChainCapital.sol#921-927)\n\tExternal calls sending eth:\n\t- _transfer(sender,recipient,amount) (../..MultiChainCapital.sol#767)\n\t\t- _MCCWalletAddress.transfer(amount.div(2)) (../..MultiChainCapital.sol#931)\n\t\t- _marketingWalletAddress.transfer(amount.div(2)) (../..MultiChainCapital.sol#932)\n\tState variables written after the call(s):\n\t- _approve(sender,_msgSender(),_allowances[sender][_msgSender()].sub(amount,ERC20: transfer amount exceeds allowance)) (../..MultiChainCapital.sol#768)\n\t\t- _allowances[owner][spender] = amount (../..MultiChainCapital.sol#866)\n",
            "name": "reentrancy-benign"
        },
        {
            "confidence": "Medium",
            "contract": "/sb/MultiChainCapital.sol",
            "filename": "/home/kaixuan/sast_study/solidity/smartbugs/samples/poc_shift/source_code_vuln/deliver/MultiChainCapital_exp/MultiChainCapital.sol",
            "function": "_transfer",
            "impact": "Low",
            "line": 870,
            "line_end": 910,
            "message": "Reentrancy in MultiChainCapital._transfer(address,address,uint256) (../..MultiChainCapital.sol#870-910):\n\tExternal calls:\n\t- swapTokensForEth(contractTokenBalance) (../..MultiChainCapital.sol#892)\n\t\t- uniswapV2Router.swapExactTokensForETHSupportingFeeOnTransferTokens(tokenAmount,0,path,address(this),block.timestamp) (../..MultiChainCapital.sol#921-927)\n\tExternal calls sending eth:\n\t- sendETHToTeam(address(this).balance) (../..MultiChainCapital.sol#896)\n\t\t- _MCCWalletAddress.transfer(amount.div(2)) (../..MultiChainCapital.sol#931)\n\t\t- _marketingWalletAddress.transfer(amount.div(2)) (../..MultiChainCapital.sol#932)\n\tState variables written after the call(s):\n\t- _tokenTransfer(sender,recipient,amount,takeFee) (../..MultiChainCapital.sol#909)\n\t\t- _previousTaxFee = _taxFee (../..MultiChainCapital.sol#846)\n\t- _tokenTransfer(sender,recipient,amount,takeFee) (../..MultiChainCapital.sol#909)\n\t\t- _previousTeamFee = _teamFee (../..MultiChainCapital.sol#847)\n\t- _tokenTransfer(sender,recipient,amount,takeFee) (../..MultiChainCapital.sol#909)\n\t\t- _tFeeTotal = _tFeeTotal.add(tFee) (../..MultiChainCapital.sol#1021)\n\t- _tokenTransfer(sender,recipient,amount,takeFee) (../..MultiChainCapital.sol#909)\n\t\t- _taxFee = _previousTaxFee (../..MultiChainCapital.sol#854)\n\t\t- _taxFee = 0 (../..MultiChainCapital.sol#849)\n\t- _tokenTransfer(sender,recipient,amount,takeFee) (../..MultiChainCapital.sol#909)\n\t\t- _teamFee = _previousTeamFee (../..MultiChainCapital.sol#855)\n\t\t- _teamFee = 0 (../..MultiChainCapital.sol#850)\n",
            "name": "reentrancy-benign"
        },
        {
            "confidence": "Medium",
            "contract": "/sb/MultiChainCapital.sol",
            "filename": "/home/kaixuan/sast_study/solidity/smartbugs/samples/poc_shift/source_code_vuln/deliver/MultiChainCapital_exp/MultiChainCapital.sol",
            "function": "transferFrom",
            "impact": "Low",
            "line": 766,
            "line_end": 770,
            "message": "Reentrancy in MultiChainCapital.transferFrom(address,address,uint256) (../..MultiChainCapital.sol#766-770):\n\tExternal calls:\n\t- _transfer(sender,recipient,amount) (../..MultiChainCapital.sol#767)\n\t\t- uniswapV2Router.swapExactTokensForETHSupportingFeeOnTransferTokens(tokenAmount,0,path,address(this),block.timestamp) (../..MultiChainCapital.sol#921-927)\n\tExternal calls sending eth:\n\t- _transfer(sender,recipient,amount) (../..MultiChainCapital.sol#767)\n\t\t- _MCCWalletAddress.transfer(amount.div(2)) (../..MultiChainCapital.sol#931)\n\t\t- _marketingWalletAddress.transfer(amount.div(2)) (../..MultiChainCapital.sol#932)\n\tEvent emitted after the call(s):\n\t- Approval(owner,spender,amount) (../..MultiChainCapital.sol#867)\n\t\t- _approve(sender,_msgSender(),_allowances[sender][_msgSender()].sub(amount,ERC20: transfer amount exceeds allowance)) (../..MultiChainCapital.sol#768)\n",
            "name": "reentrancy-events"
        },
        {
            "confidence": "Medium",
            "contract": "/sb/MultiChainCapital.sol",
            "filename": "/home/kaixuan/sast_study/solidity/smartbugs/samples/poc_shift/source_code_vuln/deliver/MultiChainCapital_exp/MultiChainCapital.sol",
            "function": "_transfer",
            "impact": "Low",
            "line": 870,
            "line_end": 910,
            "message": "Reentrancy in MultiChainCapital._transfer(address,address,uint256) (../..MultiChainCapital.sol#870-910):\n\tExternal calls:\n\t- swapTokensForEth(contractTokenBalance) (../..MultiChainCapital.sol#892)\n\t\t- uniswapV2Router.swapExactTokensForETHSupportingFeeOnTransferTokens(tokenAmount,0,path,address(this),block.timestamp) (../..MultiChainCapital.sol#921-927)\n\tExternal calls sending eth:\n\t- sendETHToTeam(address(this).balance) (../..MultiChainCapital.sol#896)\n\t\t- _MCCWalletAddress.transfer(amount.div(2)) (../..MultiChainCapital.sol#931)\n\t\t- _marketingWalletAddress.transfer(amount.div(2)) (../..MultiChainCapital.sol#932)\n\tEvent emitted after the call(s):\n\t- Transfer(sender,recipient,tTransferAmount) (../..MultiChainCapital.sol#977)\n\t\t- _tokenTransfer(sender,recipient,amount,takeFee) (../..MultiChainCapital.sol#909)\n\t- Transfer(sender,recipient,tTransferAmount) (../..MultiChainCapital.sol#997)\n\t\t- _tokenTransfer(sender,recipient,amount,takeFee) (../..MultiChainCapital.sol#909)\n\t- Transfer(sender,recipient,tTransferAmount) (../..MultiChainCapital.sol#987)\n\t\t- _tokenTransfer(sender,recipient,amount,takeFee) (../..MultiChainCapital.sol#909)\n\t- Transfer(sender,recipient,tTransferAmount) (../..MultiChainCapital.sol#1008)\n\t\t- _tokenTransfer(sender,recipient,amount,takeFee) (../..MultiChainCapital.sol#909)\n",
            "name": "reentrancy-events"
        },
        {
            "confidence": "Medium",
            "contract": "/sb/MultiChainCapital.sol",
            "filename": "/home/kaixuan/sast_study/solidity/smartbugs/samples/poc_shift/source_code_vuln/deliver/MultiChainCapital_exp/MultiChainCapital.sol",
            "function": "unlock",
            "impact": "Low",
            "line": 451,
            "line_end": 456,
            "message": "Ownable.unlock() (../..MultiChainCapital.sol#451-456) uses timestamp for comparisons\n\tDangerous comparisons:\n\t- require(bool,string)(now > _lockTime,Contract is locked until 7 days) (../..MultiChainCapital.sol#453)\n",
            "name": "timestamp"
        },
        {
            "confidence": "High",
            "contract": "/sb/MultiChainCapital.sol",
            "filename": "/home/kaixuan/sast_study/solidity/smartbugs/samples/poc_shift/source_code_vuln/deliver/MultiChainCapital_exp/MultiChainCapital.sol",
            "function": "_functionCallWithValue",
            "impact": "Informational",
            "line": 361,
            "line_end": 382,
            "message": "Address._functionCallWithValue(address,bytes,uint256,string) (../..MultiChainCapital.sol#361-382) uses assembly\n\t- INLINE ASM (../..MultiChainCapital.sol#374-377)\n",
            "name": "assembly"
        },
        {
            "confidence": "High",
            "contract": "/sb/MultiChainCapital.sol",
            "filename": "/home/kaixuan/sast_study/solidity/smartbugs/samples/poc_shift/source_code_vuln/deliver/MultiChainCapital_exp/MultiChainCapital.sol",
            "function": "isContract",
            "impact": "Informational",
            "line": 268,
            "line_end": 277,
            "message": "Address.isContract(address) (../..MultiChainCapital.sol#268-277) uses assembly\n\t- INLINE ASM (../..MultiChainCapital.sol#275)\n",
            "name": "assembly"
        },
        {
            "confidence": "Medium",
            "contract": "/sb/MultiChainCapital.sol",
            "filename": "/home/kaixuan/sast_study/solidity/smartbugs/samples/poc_shift/source_code_vuln/deliver/MultiChainCapital_exp/MultiChainCapital.sol",
            "function": "includeAccount",
            "impact": "Informational",
            "line": 830,
            "line_end": 841,
            "message": "MultiChainCapital.includeAccount(address) (../..MultiChainCapital.sol#830-841) has costly operations inside a loop:\n\t- _excluded.pop() (../..MultiChainCapital.sol#837)\n",
            "name": "costly-loop"
        },
        {
            "confidence": "Medium",
            "contract": "/sb/MultiChainCapital.sol",
            "filename": "/home/kaixuan/sast_study/solidity/smartbugs/samples/poc_shift/source_code_vuln/deliver/MultiChainCapital_exp/MultiChainCapital.sol",
            "function": "sendValue",
            "impact": "Informational",
            "line": 295,
            "line_end": 301,
            "message": "Address.sendValue(address,uint256) (../..MultiChainCapital.sol#295-301) is never used and should be removed\n",
            "name": "dead-code"
        },
        {
            "confidence": "Medium",
            "contract": "/sb/MultiChainCapital.sol",
            "filename": "/home/kaixuan/sast_study/solidity/smartbugs/samples/poc_shift/source_code_vuln/deliver/MultiChainCapital_exp/MultiChainCapital.sol",
            "function": "functionCallWithValue",
            "impact": "Informational",
            "line": 346,
            "line_end": 348,
            "message": "Address.functionCallWithValue(address,bytes,uint256) (../..MultiChainCapital.sol#346-348) is never used and should be removed\n",
            "name": "dead-code"
        },
        {
            "confidence": "Medium",
            "contract": "/sb/MultiChainCapital.sol",
            "filename": "/home/kaixuan/sast_study/solidity/smartbugs/samples/poc_shift/source_code_vuln/deliver/MultiChainCapital_exp/MultiChainCapital.sol",
            "function": "_getTaxFee",
            "impact": "Informational",
            "line": 1065,
            "line_end": 1067,
            "message": "MultiChainCapital._getTaxFee() (../..MultiChainCapital.sol#1065-1067) is never used and should be removed\n",
            "name": "dead-code"
        },
        {
            "confidence": "Medium",
            "contract": "/sb/MultiChainCapital.sol",
            "filename": "/home/kaixuan/sast_study/solidity/smartbugs/samples/poc_shift/source_code_vuln/deliver/MultiChainCapital_exp/MultiChainCapital.sol",
            "function": "_getMaxTxAmount",
            "impact": "Informational",
            "line": 1069,
            "line_end": 1071,
            "message": "MultiChainCapital._getMaxTxAmount() (../..MultiChainCapital.sol#1069-1071) is never used and should be removed\n",
            "name": "dead-code"
        },
        {
            "confidence": "Medium",
            "contract": "/sb/MultiChainCapital.sol",
            "filename": "/home/kaixuan/sast_study/solidity/smartbugs/samples/poc_shift/source_code_vuln/deliver/MultiChainCapital_exp/MultiChainCapital.sol",
            "function": "mod",
            "impact": "Informational",
            "line": 244,
            "line_end": 247,
            "message": "SafeMath.mod(uint256,uint256,string) (../..MultiChainCapital.sol#244-247) is never used and should be removed\n",
            "name": "dead-code"
        },
        {
            "confidence": "Medium",
            "contract": "/sb/MultiChainCapital.sol",
            "filename": "/home/kaixuan/sast_study/solidity/smartbugs/samples/poc_shift/source_code_vuln/deliver/MultiChainCapital_exp/MultiChainCapital.sol",
            "function": "functionCallWithValue",
            "impact": "Informational",
            "line": 356,
            "line_end": 359,
            "message": "Address.functionCallWithValue(address,bytes,uint256,string) (../..MultiChainCapital.sol#356-359) is never used and should be removed\n",
            "name": "dead-code"
        },
        {
            "confidence": "Medium",
            "contract": "/sb/MultiChainCapital.sol",
            "filename": "/home/kaixuan/sast_study/solidity/smartbugs/samples/poc_shift/source_code_vuln/deliver/MultiChainCapital_exp/MultiChainCapital.sol",
            "function": "_msgData",
            "impact": "Informational",
            "line": 30,
            "line_end": 33,
            "message": "Context._msgData() (../..MultiChainCapital.sol#30-33) is never used and should be removed\n",
            "name": "dead-code"
        },
        {
            "confidence": "Medium",
            "contract": "/sb/MultiChainCapital.sol",
            "filename": "/home/kaixuan/sast_study/solidity/smartbugs/samples/poc_shift/source_code_vuln/deliver/MultiChainCapital_exp/MultiChainCapital.sol",
            "function": "mod",
            "impact": "Informational",
            "line": 228,
            "line_end": 230,
            "message": "SafeMath.mod(uint256,uint256) (../..MultiChainCapital.sol#228-230) is never used and should be removed\n",
            "name": "dead-code"
        },
        {
            "confidence": "Medium",
            "contract": "/sb/MultiChainCapital.sol",
            "filename": "/home/kaixuan/sast_study/solidity/smartbugs/samples/poc_shift/source_code_vuln/deliver/MultiChainCapital_exp/MultiChainCapital.sol",
            "function": "_functionCallWithValue",
            "impact": "Informational",
            "line": 361,
            "line_end": 382,
            "message": "Address._functionCallWithValue(address,bytes,uint256,string) (../..MultiChainCapital.sol#361-382) is never used and should be removed\n",
            "name": "dead-code"
        },
        {
            "confidence": "Medium",
            "contract": "/sb/MultiChainCapital.sol",
            "filename": "/home/kaixuan/sast_study/solidity/smartbugs/samples/poc_shift/source_code_vuln/deliver/MultiChainCapital_exp/MultiChainCapital.sol",
            "function": "isContract",
            "impact": "Informational",
            "line": 268,
            "line_end": 277,
            "message": "Address.isContract(address) (../..MultiChainCapital.sol#268-277) is never used and should be removed\n",
            "name": "dead-code"
        },
        {
            "confidence": "Medium",
            "contract": "/sb/MultiChainCapital.sol",
            "filename": "/home/kaixuan/sast_study/solidity/smartbugs/samples/poc_shift/source_code_vuln/deliver/MultiChainCapital_exp/MultiChainCapital.sol",
            "function": "functionCall",
            "impact": "Informational",
            "line": 331,
            "line_end": 333,
            "message": "Address.functionCall(address,bytes,string) (../..MultiChainCapital.sol#331-333) is never used and should be removed\n",
            "name": "dead-code"
        },
        {
            "confidence": "Medium",
            "contract": "/sb/MultiChainCapital.sol",
            "filename": "/home/kaixuan/sast_study/solidity/smartbugs/samples/poc_shift/source_code_vuln/deliver/MultiChainCapital_exp/MultiChainCapital.sol",
            "function": "functionCall",
            "impact": "Informational",
            "line": 321,
            "line_end": 323,
            "message": "Address.functionCall(address,bytes) (../..MultiChainCapital.sol#321-323) is never used and should be removed\n",
            "name": "dead-code"
        },
        {
            "confidence": "High",
            "filename": "/home/kaixuan/sast_study/solidity/smartbugs/samples/poc_shift/source_code_vuln/deliver/MultiChainCapital_exp/MultiChainCapital.sol",
            "impact": "Informational",
            "line": 687,
            "message": "MultiChainCapital._previousTeamFee (../..MultiChainCapital.sol#687) is set pre-construction with a non-constant function or state variable:\n\t- _teamFee\n",
            "name": "function-init-state"
        },
        {
            "confidence": "High",
            "filename": "/home/kaixuan/sast_study/solidity/smartbugs/samples/poc_shift/source_code_vuln/deliver/MultiChainCapital_exp/MultiChainCapital.sol",
            "impact": "Informational",
            "line": 686,
            "message": "MultiChainCapital._previousTaxFee (../..MultiChainCapital.sol#686) is set pre-construction with a non-constant function or state variable:\n\t- _taxFee\n",
            "name": "function-init-state"
        },
        {
            "confidence": "High",
            "filename": "/home/kaixuan/sast_study/solidity/smartbugs/samples/poc_shift/source_code_vuln/deliver/MultiChainCapital_exp/MultiChainCapital.sol",
            "impact": "Informational",
            "line": 677,
            "message": "MultiChainCapital._rTotal (../..MultiChainCapital.sol#677) is set pre-construction with a non-constant function or state variable:\n\t- (MAX - (MAX % _tTotal))\n",
            "name": "function-init-state"
        },
        {
            "confidence": "High",
            "filename": "/home/kaixuan/sast_study/solidity/smartbugs/samples/poc_shift/source_code_vuln/deliver/MultiChainCapital_exp/MultiChainCapital.sol",
            "impact": "Informational",
            "line": 23,
            "message": "Pragma version^0.6.12 (../..MultiChainCapital.sol#23) allows old versions\n",
            "name": "solc-version"
        },
        {
            "confidence": "High",
            "filename": "/home/kaixuan/sast_study/solidity/smartbugs/samples/poc_shift/source_code_vuln/deliver/MultiChainCapital_exp/MultiChainCapital.sol",
            "impact": "Informational",
            "message": "solc-0.6.12 is not recommended for deployment\n",
            "name": "solc-version"
        },
        {
            "confidence": "High",
            "contract": "/sb/MultiChainCapital.sol",
            "filename": "/home/kaixuan/sast_study/solidity/smartbugs/samples/poc_shift/source_code_vuln/deliver/MultiChainCapital_exp/MultiChainCapital.sol",
            "function": "sendValue",
            "impact": "Informational",
            "line": 295,
            "line_end": 301,
            "message": "Low level call in Address.sendValue(address,uint256) (../..MultiChainCapital.sol#295-301):\n\t- (success) = recipient.call{value: amount}() (../..MultiChainCapital.sol#299)\n",
            "name": "low-level-calls"
        },
        {
            "confidence": "High",
            "contract": "/sb/MultiChainCapital.sol",
            "filename": "/home/kaixuan/sast_study/solidity/smartbugs/samples/poc_shift/source_code_vuln/deliver/MultiChainCapital_exp/MultiChainCapital.sol",
            "function": "_functionCallWithValue",
            "impact": "Informational",
            "line": 361,
            "line_end": 382,
            "message": "Low level call in Address._functionCallWithValue(address,bytes,uint256,string) (../..MultiChainCapital.sol#361-382):\n\t- (success,returndata) = target.call{value: weiValue}(data) (../..MultiChainCapital.sol#365)\n",
            "name": "low-level-calls"
        },
        {
            "confidence": "High",
            "filename": "/home/kaixuan/sast_study/solidity/smartbugs/samples/poc_shift/source_code_vuln/deliver/MultiChainCapital_exp/MultiChainCapital.sol",
            "impact": "Informational",
            "line": 1087,
            "message": "Parameter MultiChainCapital._setMCCWallet(address).MCCWalletAddress (../..MultiChainCapital.sol#1087) is not in mixedCase\n",
            "name": "naming-convention"
        },
        {
            "confidence": "High",
            "contract": "/sb/MultiChainCapital.sol",
            "filename": "/home/kaixuan/sast_study/solidity/smartbugs/samples/poc_shift/source_code_vuln/deliver/MultiChainCapital_exp/MultiChainCapital.sol",
            "function": "_setMCCWallet",
            "impact": "Informational",
            "line": 1087,
            "line_end": 1089,
            "message": "Function MultiChainCapital._setMCCWallet(address) (../..MultiChainCapital.sol#1087-1089) is not in mixedCase\n",
            "name": "naming-convention"
        },
        {
            "confidence": "High",
            "contract": "/sb/MultiChainCapital.sol",
            "filename": "/home/kaixuan/sast_study/solidity/smartbugs/samples/poc_shift/source_code_vuln/deliver/MultiChainCapital_exp/MultiChainCapital.sol",
            "function": "PERMIT_TYPEHASH",
            "impact": "Informational",
            "line": 491,
            "message": "Function IUniswapV2Pair.PERMIT_TYPEHASH() (../..MultiChainCapital.sol#491) is not in mixedCase\n",
            "name": "naming-convention"
        },
        {
            "confidence": "High",
            "contract": "/sb/MultiChainCapital.sol",
            "filename": "/home/kaixuan/sast_study/solidity/smartbugs/samples/poc_shift/source_code_vuln/deliver/MultiChainCapital_exp/MultiChainCapital.sol",
            "function": "MINIMUM_LIQUIDITY",
            "impact": "Informational",
            "line": 508,
            "message": "Function IUniswapV2Pair.MINIMUM_LIQUIDITY() (../..MultiChainCapital.sol#508) is not in mixedCase\n",
            "name": "naming-convention"
        },
        {
            "confidence": "High",
            "contract": "/sb/MultiChainCapital.sol",
            "filename": "/home/kaixuan/sast_study/solidity/smartbugs/samples/poc_shift/source_code_vuln/deliver/MultiChainCapital_exp/MultiChainCapital.sol",
            "function": "DOMAIN_SEPARATOR",
            "impact": "Informational",
            "line": 490,
            "message": "Function IUniswapV2Pair.DOMAIN_SEPARATOR() (../..MultiChainCapital.sol#490) is not in mixedCase\n",
            "name": "naming-convention"
        },
        {
            "confidence": "High",
            "contract": "/sb/MultiChainCapital.sol",
            "filename": "/home/kaixuan/sast_study/solidity/smartbugs/samples/poc_shift/source_code_vuln/deliver/MultiChainCapital_exp/MultiChainCapital.sol",
            "function": "_setTaxFee",
            "impact": "Informational",
            "line": 1077,
            "line_end": 1080,
            "message": "Function MultiChainCapital._setTaxFee(uint256) (../..MultiChainCapital.sol#1077-1080) is not in mixedCase\n",
            "name": "naming-convention"
        },
        {
            "confidence": "High",
            "contract": "/sb/MultiChainCapital.sol",
            "filename": "/home/kaixuan/sast_study/solidity/smartbugs/samples/poc_shift/source_code_vuln/deliver/MultiChainCapital_exp/MultiChainCapital.sol",
            "function": "_setTeamFee",
            "impact": "Informational",
            "line": 1082,
            "line_end": 1085,
            "message": "Function MultiChainCapital._setTeamFee(uint256) (../..MultiChainCapital.sol#1082-1085) is not in mixedCase\n",
            "name": "naming-convention"
        },
        {
            "confidence": "High",
            "contract": "/sb/MultiChainCapital.sol",
            "filename": "/home/kaixuan/sast_study/solidity/smartbugs/samples/poc_shift/source_code_vuln/deliver/MultiChainCapital_exp/MultiChainCapital.sol",
            "function": "_setMaxTxAmount",
            "impact": "Informational",
            "line": 1091,
            "line_end": 1094,
            "message": "Function MultiChainCapital._setMaxTxAmount(uint256) (../..MultiChainCapital.sol#1091-1094) is not in mixedCase\n",
            "name": "naming-convention"
        },
        {
            "confidence": "High",
            "filename": "/home/kaixuan/sast_study/solidity/smartbugs/samples/poc_shift/source_code_vuln/deliver/MultiChainCapital_exp/MultiChainCapital.sol",
            "impact": "Informational",
            "line": 689,
            "message": "Variable MultiChainCapital._MCCWalletAddress (../..MultiChainCapital.sol#689) is not in mixedCase\n",
            "name": "naming-convention"
        },
        {
            "confidence": "High",
            "contract": "/sb/MultiChainCapital.sol",
            "filename": "/home/kaixuan/sast_study/solidity/smartbugs/samples/poc_shift/source_code_vuln/deliver/MultiChainCapital_exp/MultiChainCapital.sol",
            "function": "_getETHBalance",
            "impact": "Informational",
            "line": 1073,
            "line_end": 1075,
            "message": "Function MultiChainCapital._getETHBalance() (../..MultiChainCapital.sol#1073-1075) is not in mixedCase\n",
            "name": "naming-convention"
        },
        {
            "confidence": "High",
            "filename": "/home/kaixuan/sast_study/solidity/smartbugs/samples/poc_shift/source_code_vuln/deliver/MultiChainCapital_exp/MultiChainCapital.sol",
            "impact": "Informational",
            "line": 690,
            "message": "Variable MultiChainCapital._marketingWalletAddress (../..MultiChainCapital.sol#690) is not in mixedCase\n",
            "name": "naming-convention"
        },
        {
            "confidence": "High",
            "contract": "/sb/MultiChainCapital.sol",
            "filename": "/home/kaixuan/sast_study/solidity/smartbugs/samples/poc_shift/source_code_vuln/deliver/MultiChainCapital_exp/MultiChainCapital.sol",
            "function": "WETH",
            "impact": "Informational",
            "line": 528,
            "message": "Function IUniswapV2Router01.WETH() (../..MultiChainCapital.sol#528) is not in mixedCase\n",
            "name": "naming-convention"
        },
        {
            "confidence": "High",
            "filename": "/home/kaixuan/sast_study/solidity/smartbugs/samples/poc_shift/source_code_vuln/deliver/MultiChainCapital_exp/MultiChainCapital.sol",
            "impact": "Informational",
            "line": 31,
            "message": "Redundant expression \"this (../..MultiChainCapital.sol#31)\" inContext (../..MultiChainCapital.sol#25-34)\n",
            "name": "redundant-statements"
        },
        {
            "confidence": "Medium",
            "contract": "/sb/MultiChainCapital.sol",
            "filename": "/home/kaixuan/sast_study/solidity/smartbugs/samples/poc_shift/source_code_vuln/deliver/MultiChainCapital_exp/MultiChainCapital.sol",
            "function": "_transfer",
            "impact": "Informational",
            "line": 870,
            "line_end": 910,
            "message": "Reentrancy in MultiChainCapital._transfer(address,address,uint256) (../..MultiChainCapital.sol#870-910):\n\tExternal calls:\n\t- sendETHToTeam(address(this).balance) (../..MultiChainCapital.sol#896)\n\t\t- _MCCWalletAddress.transfer(amount.div(2)) (../..MultiChainCapital.sol#931)\n\t\t- _marketingWalletAddress.transfer(amount.div(2)) (../..MultiChainCapital.sol#932)\n\tState variables written after the call(s):\n\t- _tokenTransfer(sender,recipient,amount,takeFee) (../..MultiChainCapital.sol#909)\n\t\t- _previousTaxFee = _taxFee (../..MultiChainCapital.sol#846)\n\t- _tokenTransfer(sender,recipient,amount,takeFee) (../..MultiChainCapital.sol#909)\n\t\t- _previousTeamFee = _teamFee (../..MultiChainCapital.sol#847)\n\t- _tokenTransfer(sender,recipient,amount,takeFee) (../..MultiChainCapital.sol#909)\n\t\t- _rOwned[address(this)] = _rOwned[address(this)].add(rTeam) (../..MultiChainCapital.sol#1014)\n\t\t- _rOwned[sender] = _rOwned[sender].sub(rAmount) (../..MultiChainCapital.sol#973)\n\t\t- _rOwned[sender] = _rOwned[sender].sub(rAmount) (../..MultiChainCapital.sol#982)\n\t\t- _rOwned[sender] = _rOwned[sender].sub(rAmount) (../..MultiChainCapital.sol#1003)\n\t\t- _rOwned[recipient] = _rOwned[recipient].add(rTransferAmount) (../..MultiChainCapital.sol#974)\n\t\t- _rOwned[sender] = _rOwned[sender].sub(rAmount) (../..MultiChainCapital.sol#993)\n\t\t- _rOwned[recipient] = _rOwned[recipient].add(rTransferAmount) (../..MultiChainCapital.sol#994)\n\t\t- _rOwned[recipient] = _rOwned[recipient].add(rTransferAmount) (../..MultiChainCapital.sol#984)\n\t\t- _rOwned[recipient] = _rOwned[recipient].add(rTransferAmount) (../..MultiChainCapital.sol#1005)\n\t- _tokenTransfer(sender,recipient,amount,takeFee) (../..MultiChainCapital.sol#909)\n\t\t- _rTotal = _rTotal.sub(rFee) (../..MultiChainCapital.sol#1020)\n\t- _tokenTransfer(sender,recipient,amount,takeFee) (../..MultiChainCapital.sol#909)\n\t\t- _tFeeTotal = _tFeeTotal.add(tFee) (../..MultiChainCapital.sol#1021)\n\t- _tokenTransfer(sender,recipient,amount,takeFee) (../..MultiChainCapital.sol#909)\n\t\t- _tOwned[address(this)] = _tOwned[address(this)].add(tTeam) (../..MultiChainCapital.sol#1016)\n\t\t- _tOwned[sender] = _tOwned[sender].sub(tAmount) (../..MultiChainCapital.sol#1002)\n\t\t- _tOwned[sender] = _tOwned[sender].sub(tAmount) (../..MultiChainCapital.sol#992)\n\t\t- _tOwned[recipient] = _tOwned[recipient].add(tTransferAmount) (../..MultiChainCapital.sol#983)\n\t\t- _tOwned[recipient] = _tOwned[recipient].add(tTransferAmount) (../..MultiChainCapital.sol#1004)\n\t- _tokenTransfer(sender,recipient,amount,takeFee) (../..MultiChainCapital.sol#909)\n\t\t- _taxFee = _previousTaxFee (../..MultiChainCapital.sol#854)\n\t\t- _taxFee = 0 (../..MultiChainCapital.sol#849)\n\t- _tokenTransfer(sender,recipient,amount,takeFee) (../..MultiChainCapital.sol#909)\n\t\t- _teamFee = _previousTeamFee (../..MultiChainCapital.sol#855)\n\t\t- _teamFee = 0 (../..MultiChainCapital.sol#850)\n\tEvent emitted after the call(s):\n\t- Transfer(sender,recipient,tTransferAmount) (../..MultiChainCapital.sol#977)\n\t\t- _tokenTransfer(sender,recipient,amount,takeFee) (../..MultiChainCapital.sol#909)\n\t- Transfer(sender,recipient,tTransferAmount) (../..MultiChainCapital.sol#987)\n\t\t- _tokenTransfer(sender,recipient,amount,takeFee) (../..MultiChainCapital.sol#909)\n\t- Transfer(sender,recipient,tTransferAmount) (../..MultiChainCapital.sol#997)\n\t\t- _tokenTransfer(sender,recipient,amount,takeFee) (../..MultiChainCapital.sol#909)\n\t- Transfer(sender,recipient,tTransferAmount) (../..MultiChainCapital.sol#1008)\n\t\t- _tokenTransfer(sender,recipient,amount,takeFee) (../..MultiChainCapital.sol#909)\n",
            "name": "reentrancy-unlimited-gas"
        },
        {
            "confidence": "Medium",
            "contract": "/sb/MultiChainCapital.sol",
            "filename": "/home/kaixuan/sast_study/solidity/smartbugs/samples/poc_shift/source_code_vuln/deliver/MultiChainCapital_exp/MultiChainCapital.sol",
            "function": "transferFrom",
            "impact": "Informational",
            "line": 766,
            "line_end": 770,
            "message": "Reentrancy in MultiChainCapital.transferFrom(address,address,uint256) (../..MultiChainCapital.sol#766-770):\n\tExternal calls:\n\t- _transfer(sender,recipient,amount) (../..MultiChainCapital.sol#767)\n\t\t- _MCCWalletAddress.transfer(amount.div(2)) (../..MultiChainCapital.sol#931)\n\t\t- _marketingWalletAddress.transfer(amount.div(2)) (../..MultiChainCapital.sol#932)\n\tState variables written after the call(s):\n\t- _approve(sender,_msgSender(),_allowances[sender][_msgSender()].sub(amount,ERC20: transfer amount exceeds allowance)) (../..MultiChainCapital.sol#768)\n\t\t- _allowances[owner][spender] = amount (../..MultiChainCapital.sol#866)\n\tEvent emitted after the call(s):\n\t- Approval(owner,spender,amount) (../..MultiChainCapital.sol#867)\n\t\t- _approve(sender,_msgSender(),_allowances[sender][_msgSender()].sub(amount,ERC20: transfer amount exceeds allowance)) (../..MultiChainCapital.sol#768)\n",
            "name": "reentrancy-unlimited-gas"
        },
        {
            "confidence": "Medium",
            "filename": "/home/kaixuan/sast_study/solidity/smartbugs/samples/poc_shift/source_code_vuln/deliver/MultiChainCapital_exp/MultiChainCapital.sol",
            "impact": "Informational",
            "line": 972,
            "message": "Variable MultiChainCapital._transferStandard(address,address,uint256).rTransferAmount (../..MultiChainCapital.sol#972) is too similar to MultiChainCapital._transferBothExcluded(address,address,uint256).tTransferAmount (../..MultiChainCapital.sol#1001)\n",
            "name": "similar-names"
        },
        {
            "confidence": "Medium",
            "filename": "/home/kaixuan/sast_study/solidity/smartbugs/samples/poc_shift/source_code_vuln/deliver/MultiChainCapital_exp/MultiChainCapital.sol",
            "impact": "Informational",
            "line": 809,
            "message": "Variable MultiChainCapital.reflectionFromToken(uint256,bool).rTransferAmount (../..MultiChainCapital.sol#809) is too similar to MultiChainCapital._getTValues(uint256,uint256,uint256).tTransferAmount (../..MultiChainCapital.sol#1037)\n",
            "name": "similar-names"
        },
        {
            "confidence": "Medium",
            "filename": "/home/kaixuan/sast_study/solidity/smartbugs/samples/poc_shift/source_code_vuln/deliver/MultiChainCapital_exp/MultiChainCapital.sol",
            "impact": "Informational",
            "line": 991,
            "message": "Variable MultiChainCapital._transferFromExcluded(address,address,uint256).rTransferAmount (../..MultiChainCapital.sol#991) is too similar to MultiChainCapital._transferToExcluded(address,address,uint256).tTransferAmount (../..MultiChainCapital.sol#981)\n",
            "name": "similar-names"
        },
        {
            "confidence": "Medium",
            "filename": "/home/kaixuan/sast_study/solidity/smartbugs/samples/poc_shift/source_code_vuln/deliver/MultiChainCapital_exp/MultiChainCapital.sol",
            "impact": "Informational",
            "line": 1001,
            "message": "Variable MultiChainCapital._transferBothExcluded(address,address,uint256).rTransferAmount (../..MultiChainCapital.sol#1001) is too similar to MultiChainCapital._transferBothExcluded(address,address,uint256).tTransferAmount (../..MultiChainCapital.sol#1001)\n",
            "name": "similar-names"
        },
        {
            "confidence": "Medium",
            "filename": "/home/kaixuan/sast_study/solidity/smartbugs/samples/poc_shift/source_code_vuln/deliver/MultiChainCapital_exp/MultiChainCapital.sol",
            "impact": "Informational",
            "line": 991,
            "message": "Variable MultiChainCapital._transferFromExcluded(address,address,uint256).rTransferAmount (../..MultiChainCapital.sol#991) is too similar to MultiChainCapital._getTValues(uint256,uint256,uint256).tTransferAmount (../..MultiChainCapital.sol#1037)\n",
            "name": "similar-names"
        },
        {
            "confidence": "Medium",
            "filename": "/home/kaixuan/sast_study/solidity/smartbugs/samples/poc_shift/source_code_vuln/deliver/MultiChainCapital_exp/MultiChainCapital.sol",
            "impact": "Informational",
            "line": 981,
            "message": "Variable MultiChainCapital._transferToExcluded(address,address,uint256).rTransferAmount (../..MultiChainCapital.sol#981) is too similar to MultiChainCapital._getValues(uint256).tTransferAmount (../..MultiChainCapital.sol#1028)\n",
            "name": "similar-names"
        },
        {
            "confidence": "Medium",
            "filename": "/home/kaixuan/sast_study/solidity/smartbugs/samples/poc_shift/source_code_vuln/deliver/MultiChainCapital_exp/MultiChainCapital.sol",
            "impact": "Informational",
            "line": 809,
            "message": "Variable MultiChainCapital.reflectionFromToken(uint256,bool).rTransferAmount (../..MultiChainCapital.sol#809) is too similar to MultiChainCapital._transferFromExcluded(address,address,uint256).tTransferAmount (../..MultiChainCapital.sol#991)\n",
            "name": "similar-names"
        },
        {
            "confidence": "Medium",
            "filename": "/home/kaixuan/sast_study/solidity/smartbugs/samples/poc_shift/source_code_vuln/deliver/MultiChainCapital_exp/MultiChainCapital.sol",
            "impact": "Informational",
            "line": 981,
            "message": "Variable MultiChainCapital._transferToExcluded(address,address,uint256).rTransferAmount (../..MultiChainCapital.sol#981) is too similar to MultiChainCapital._transferStandard(address,address,uint256).tTransferAmount (../..MultiChainCapital.sol#972)\n",
            "name": "similar-names"
        },
        {
            "confidence": "Medium",
            "filename": "/home/kaixuan/sast_study/solidity/smartbugs/samples/poc_shift/source_code_vuln/deliver/MultiChainCapital_exp/MultiChainCapital.sol",
            "impact": "Informational",
            "line": 1001,
            "message": "Variable MultiChainCapital._transferBothExcluded(address,address,uint256).rTransferAmount (../..MultiChainCapital.sol#1001) is too similar to MultiChainCapital._transferToExcluded(address,address,uint256).tTransferAmount (../..MultiChainCapital.sol#981)\n",
            "name": "similar-names"
        },
        {
            "confidence": "Medium",
            "filename": "/home/kaixuan/sast_study/solidity/smartbugs/samples/poc_shift/source_code_vuln/deliver/MultiChainCapital_exp/MultiChainCapital.sol",
            "impact": "Informational",
            "line": 1030,
            "message": "Variable MultiChainCapital._getValues(uint256).rTransferAmount (../..MultiChainCapital.sol#1030) is too similar to MultiChainCapital._transferBothExcluded(address,address,uint256).tTransferAmount (../..MultiChainCapital.sol#1001)\n",
            "name": "similar-names"
        },
        {
            "confidence": "Medium",
            "filename": "/home/kaixuan/sast_study/solidity/smartbugs/samples/poc_shift/source_code_vuln/deliver/MultiChainCapital_exp/MultiChainCapital.sol",
            "impact": "Informational",
            "line": 1044,
            "message": "Variable MultiChainCapital._getRValues(uint256,uint256,uint256).rTransferAmount (../..MultiChainCapital.sol#1044) is too similar to MultiChainCapital._transferFromExcluded(address,address,uint256).tTransferAmount (../..MultiChainCapital.sol#991)\n",
            "name": "similar-names"
        },
        {
            "confidence": "Medium",
            "filename": "/home/kaixuan/sast_study/solidity/smartbugs/samples/poc_shift/source_code_vuln/deliver/MultiChainCapital_exp/MultiChainCapital.sol",
            "impact": "Informational",
            "line": 1030,
            "message": "Variable MultiChainCapital._getValues(uint256).rTransferAmount (../..MultiChainCapital.sol#1030) is too similar to MultiChainCapital._getTValues(uint256,uint256,uint256).tTransferAmount (../..MultiChainCapital.sol#1037)\n",
            "name": "similar-names"
        },
        {
            "confidence": "Medium",
            "filename": "/home/kaixuan/sast_study/solidity/smartbugs/samples/poc_shift/source_code_vuln/deliver/MultiChainCapital_exp/MultiChainCapital.sol",
            "impact": "Informational",
            "line": 991,
            "message": "Variable MultiChainCapital._transferFromExcluded(address,address,uint256).rTransferAmount (../..MultiChainCapital.sol#991) is too similar to MultiChainCapital._getValues(uint256).tTransferAmount (../..MultiChainCapital.sol#1028)\n",
            "name": "similar-names"
        },
        {
            "confidence": "Medium",
            "filename": "/home/kaixuan/sast_study/solidity/smartbugs/samples/poc_shift/source_code_vuln/deliver/MultiChainCapital_exp/MultiChainCapital.sol",
            "impact": "Informational",
            "line": 1030,
            "message": "Variable MultiChainCapital._getValues(uint256).rTransferAmount (../..MultiChainCapital.sol#1030) is too similar to MultiChainCapital._transferToExcluded(address,address,uint256).tTransferAmount (../..MultiChainCapital.sol#981)\n",
            "name": "similar-names"
        },
        {
            "confidence": "Medium",
            "filename": "/home/kaixuan/sast_study/solidity/smartbugs/samples/poc_shift/source_code_vuln/deliver/MultiChainCapital_exp/MultiChainCapital.sol",
            "impact": "Informational",
            "line": 1030,
            "message": "Variable MultiChainCapital._getValues(uint256).rTransferAmount (../..MultiChainCapital.sol#1030) is too similar to MultiChainCapital._transferFromExcluded(address,address,uint256).tTransferAmount (../..MultiChainCapital.sol#991)\n",
            "name": "similar-names"
        },
        {
            "confidence": "Medium",
            "filename": "/home/kaixuan/sast_study/solidity/smartbugs/samples/poc_shift/source_code_vuln/deliver/MultiChainCapital_exp/MultiChainCapital.sol",
            "impact": "Informational",
            "line": 1030,
            "message": "Variable MultiChainCapital._getValues(uint256).rTransferAmount (../..MultiChainCapital.sol#1030) is too similar to MultiChainCapital._getValues(uint256).tTransferAmount (../..MultiChainCapital.sol#1028)\n",
            "name": "similar-names"
        },
        {
            "confidence": "Medium",
            "filename": "/home/kaixuan/sast_study/solidity/smartbugs/samples/poc_shift/source_code_vuln/deliver/MultiChainCapital_exp/MultiChainCapital.sol",
            "impact": "Informational",
            "line": 1001,
            "message": "Variable MultiChainCapital._transferBothExcluded(address,address,uint256).rTransferAmount (../..MultiChainCapital.sol#1001) is too similar to MultiChainCapital._transferStandard(address,address,uint256).tTransferAmount (../..MultiChainCapital.sol#972)\n",
            "name": "similar-names"
        },
        {
            "confidence": "Medium",
            "filename": "/home/kaixuan/sast_study/solidity/smartbugs/samples/poc_shift/source_code_vuln/deliver/MultiChainCapital_exp/MultiChainCapital.sol",
            "impact": "Informational",
            "line": 981,
            "message": "Variable MultiChainCapital._transferToExcluded(address,address,uint256).rTransferAmount (../..MultiChainCapital.sol#981) is too similar to MultiChainCapital._getTValues(uint256,uint256,uint256).tTransferAmount (../..MultiChainCapital.sol#1037)\n",
            "name": "similar-names"
        },
        {
            "confidence": "Medium",
            "filename": "/home/kaixuan/sast_study/solidity/smartbugs/samples/poc_shift/source_code_vuln/deliver/MultiChainCapital_exp/MultiChainCapital.sol",
            "impact": "Informational",
            "line": 1001,
            "message": "Variable MultiChainCapital._transferBothExcluded(address,address,uint256).rTransferAmount (../..MultiChainCapital.sol#1001) is too similar to MultiChainCapital._transferFromExcluded(address,address,uint256).tTransferAmount (../..MultiChainCapital.sol#991)\n",
            "name": "similar-names"
        },
        {
            "confidence": "Medium",
            "filename": "/home/kaixuan/sast_study/solidity/smartbugs/samples/poc_shift/source_code_vuln/deliver/MultiChainCapital_exp/MultiChainCapital.sol",
            "impact": "Informational",
            "line": 809,
            "message": "Variable MultiChainCapital.reflectionFromToken(uint256,bool).rTransferAmount (../..MultiChainCapital.sol#809) is too similar to MultiChainCapital._getValues(uint256).tTransferAmount (../..MultiChainCapital.sol#1028)\n",
            "name": "similar-names"
        },
        {
            "confidence": "Medium",
            "filename": "/home/kaixuan/sast_study/solidity/smartbugs/samples/poc_shift/source_code_vuln/deliver/MultiChainCapital_exp/MultiChainCapital.sol",
            "impact": "Informational",
            "line": 1030,
            "message": "Variable MultiChainCapital._getValues(uint256).rTransferAmount (../..MultiChainCapital.sol#1030) is too similar to MultiChainCapital._transferStandard(address,address,uint256).tTransferAmount (../..MultiChainCapital.sol#972)\n",
            "name": "similar-names"
        },
        {
            "confidence": "Medium",
            "filename": "/home/kaixuan/sast_study/solidity/smartbugs/samples/poc_shift/source_code_vuln/deliver/MultiChainCapital_exp/MultiChainCapital.sol",
            "impact": "Informational",
            "line": 809,
            "message": "Variable MultiChainCapital.reflectionFromToken(uint256,bool).rTransferAmount (../..MultiChainCapital.sol#809) is too similar to MultiChainCapital._transferStandard(address,address,uint256).tTransferAmount (../..MultiChainCapital.sol#972)\n",
            "name": "similar-names"
        },
        {
            "confidence": "Medium",
            "filename": "/home/kaixuan/sast_study/solidity/smartbugs/samples/poc_shift/source_code_vuln/deliver/MultiChainCapital_exp/MultiChainCapital.sol",
            "impact": "Informational",
            "line": 1044,
            "message": "Variable MultiChainCapital._getRValues(uint256,uint256,uint256).rTransferAmount (../..MultiChainCapital.sol#1044) is too similar to MultiChainCapital._getValues(uint256).tTransferAmount (../..MultiChainCapital.sol#1028)\n",
            "name": "similar-names"
        },
        {
            "confidence": "Medium",
            "filename": "/home/kaixuan/sast_study/solidity/smartbugs/samples/poc_shift/source_code_vuln/deliver/MultiChainCapital_exp/MultiChainCapital.sol",
            "impact": "Informational",
            "line": 981,
            "message": "Variable MultiChainCapital._transferToExcluded(address,address,uint256).rTransferAmount (../..MultiChainCapital.sol#981) is too similar to MultiChainCapital._transferToExcluded(address,address,uint256).tTransferAmount (../..MultiChainCapital.sol#981)\n",
            "name": "similar-names"
        },
        {
            "confidence": "Medium",
            "filename": "/home/kaixuan/sast_study/solidity/smartbugs/samples/poc_shift/source_code_vuln/deliver/MultiChainCapital_exp/MultiChainCapital.sol",
            "impact": "Informational",
            "line": 981,
            "message": "Variable MultiChainCapital._transferToExcluded(address,address,uint256).rTransferAmount (../..MultiChainCapital.sol#981) is too similar to MultiChainCapital._transferFromExcluded(address,address,uint256).tTransferAmount (../..MultiChainCapital.sol#991)\n",
            "name": "similar-names"
        },
        {
            "confidence": "Medium",
            "filename": "/home/kaixuan/sast_study/solidity/smartbugs/samples/poc_shift/source_code_vuln/deliver/MultiChainCapital_exp/MultiChainCapital.sol",
            "impact": "Informational",
            "line": 972,
            "message": "Variable MultiChainCapital._transferStandard(address,address,uint256).rTransferAmount (../..MultiChainCapital.sol#972) is too similar to MultiChainCapital._transferFromExcluded(address,address,uint256).tTransferAmount (../..MultiChainCapital.sol#991)\n",
            "name": "similar-names"
        },
        {
            "confidence": "Medium",
            "filename": "/home/kaixuan/sast_study/solidity/smartbugs/samples/poc_shift/source_code_vuln/deliver/MultiChainCapital_exp/MultiChainCapital.sol",
            "impact": "Informational",
            "line": 972,
            "message": "Variable MultiChainCapital._transferStandard(address,address,uint256).rTransferAmount (../..MultiChainCapital.sol#972) is too similar to MultiChainCapital._transferToExcluded(address,address,uint256).tTransferAmount (../..MultiChainCapital.sol#981)\n",
            "name": "similar-names"
        },
        {
            "confidence": "Medium",
            "filename": "/home/kaixuan/sast_study/solidity/smartbugs/samples/poc_shift/source_code_vuln/deliver/MultiChainCapital_exp/MultiChainCapital.sol",
            "impact": "Informational",
            "line": 809,
            "message": "Variable MultiChainCapital.reflectionFromToken(uint256,bool).rTransferAmount (../..MultiChainCapital.sol#809) is too similar to MultiChainCapital._transferBothExcluded(address,address,uint256).tTransferAmount (../..MultiChainCapital.sol#1001)\n",
            "name": "similar-names"
        },
        {
            "confidence": "Medium",
            "filename": "/home/kaixuan/sast_study/solidity/smartbugs/samples/poc_shift/source_code_vuln/deliver/MultiChainCapital_exp/MultiChainCapital.sol",
            "impact": "Informational",
            "line": 809,
            "message": "Variable MultiChainCapital.reflectionFromToken(uint256,bool).rTransferAmount (../..MultiChainCapital.sol#809) is too similar to MultiChainCapital._transferToExcluded(address,address,uint256).tTransferAmount (../..MultiChainCapital.sol#981)\n",
            "name": "similar-names"
        },
        {
            "confidence": "Medium",
            "filename": "/home/kaixuan/sast_study/solidity/smartbugs/samples/poc_shift/source_code_vuln/deliver/MultiChainCapital_exp/MultiChainCapital.sol",
            "impact": "Informational",
            "line": 533,
            "message": "Variable IUniswapV2Router01.addLiquidity(address,address,uint256,uint256,uint256,uint256,address,uint256).amountADesired (../..MultiChainCapital.sol#533) is too similar to IUniswapV2Router01.addLiquidity(address,address,uint256,uint256,uint256,uint256,address,uint256).amountBDesired (../..MultiChainCapital.sol#534)\n",
            "name": "similar-names"
        },
        {
            "confidence": "Medium",
            "filename": "/home/kaixuan/sast_study/solidity/smartbugs/samples/poc_shift/source_code_vuln/deliver/MultiChainCapital_exp/MultiChainCapital.sol",
            "impact": "Informational",
            "line": 1044,
            "message": "Variable MultiChainCapital._getRValues(uint256,uint256,uint256).rTransferAmount (../..MultiChainCapital.sol#1044) is too similar to MultiChainCapital._transferStandard(address,address,uint256).tTransferAmount (../..MultiChainCapital.sol#972)\n",
            "name": "similar-names"
        },
        {
            "confidence": "Medium",
            "filename": "/home/kaixuan/sast_study/solidity/smartbugs/samples/poc_shift/source_code_vuln/deliver/MultiChainCapital_exp/MultiChainCapital.sol",
            "impact": "Informational",
            "line": 1001,
            "message": "Variable MultiChainCapital._transferBothExcluded(address,address,uint256).rTransferAmount (../..MultiChainCapital.sol#1001) is too similar to MultiChainCapital._getTValues(uint256,uint256,uint256).tTransferAmount (../..MultiChainCapital.sol#1037)\n",
            "name": "similar-names"
        },
        {
            "confidence": "Medium",
            "filename": "/home/kaixuan/sast_study/solidity/smartbugs/samples/poc_shift/source_code_vuln/deliver/MultiChainCapital_exp/MultiChainCapital.sol",
            "impact": "Informational",
            "line": 991,
            "message": "Variable MultiChainCapital._transferFromExcluded(address,address,uint256).rTransferAmount (../..MultiChainCapital.sol#991) is too similar to MultiChainCapital._transferBothExcluded(address,address,uint256).tTransferAmount (../..MultiChainCapital.sol#1001)\n",
            "name": "similar-names"
        },
        {
            "confidence": "Medium",
            "filename": "/home/kaixuan/sast_study/solidity/smartbugs/samples/poc_shift/source_code_vuln/deliver/MultiChainCapital_exp/MultiChainCapital.sol",
            "impact": "Informational",
            "line": 991,
            "message": "Variable MultiChainCapital._transferFromExcluded(address,address,uint256).rTransferAmount (../..MultiChainCapital.sol#991) is too similar to MultiChainCapital._transferStandard(address,address,uint256).tTransferAmount (../..MultiChainCapital.sol#972)\n",
            "name": "similar-names"
        },
        {
            "confidence": "Medium",
            "filename": "/home/kaixuan/sast_study/solidity/smartbugs/samples/poc_shift/source_code_vuln/deliver/MultiChainCapital_exp/MultiChainCapital.sol",
            "impact": "Informational",
            "line": 1044,
            "message": "Variable MultiChainCapital._getRValues(uint256,uint256,uint256).rTransferAmount (../..MultiChainCapital.sol#1044) is too similar to MultiChainCapital._getTValues(uint256,uint256,uint256).tTransferAmount (../..MultiChainCapital.sol#1037)\n",
            "name": "similar-names"
        },
        {
            "confidence": "Medium",
            "filename": "/home/kaixuan/sast_study/solidity/smartbugs/samples/poc_shift/source_code_vuln/deliver/MultiChainCapital_exp/MultiChainCapital.sol",
            "impact": "Informational",
            "line": 981,
            "message": "Variable MultiChainCapital._transferToExcluded(address,address,uint256).rTransferAmount (../..MultiChainCapital.sol#981) is too similar to MultiChainCapital._transferBothExcluded(address,address,uint256).tTransferAmount (../..MultiChainCapital.sol#1001)\n",
            "name": "similar-names"
        },
        {
            "confidence": "Medium",
            "filename": "/home/kaixuan/sast_study/solidity/smartbugs/samples/poc_shift/source_code_vuln/deliver/MultiChainCapital_exp/MultiChainCapital.sol",
            "impact": "Informational",
            "line": 1001,
            "message": "Variable MultiChainCapital._transferBothExcluded(address,address,uint256).rTransferAmount (../..MultiChainCapital.sol#1001) is too similar to MultiChainCapital._getValues(uint256).tTransferAmount (../..MultiChainCapital.sol#1028)\n",
            "name": "similar-names"
        },
        {
            "confidence": "Medium",
            "filename": "/home/kaixuan/sast_study/solidity/smartbugs/samples/poc_shift/source_code_vuln/deliver/MultiChainCapital_exp/MultiChainCapital.sol",
            "impact": "Informational",
            "line": 1044,
            "message": "Variable MultiChainCapital._getRValues(uint256,uint256,uint256).rTransferAmount (../..MultiChainCapital.sol#1044) is too similar to MultiChainCapital._transferToExcluded(address,address,uint256).tTransferAmount (../..MultiChainCapital.sol#981)\n",
            "name": "similar-names"
        },
        {
            "confidence": "Medium",
            "filename": "/home/kaixuan/sast_study/solidity/smartbugs/samples/poc_shift/source_code_vuln/deliver/MultiChainCapital_exp/MultiChainCapital.sol",
            "impact": "Informational",
            "line": 991,
            "message": "Variable MultiChainCapital._transferFromExcluded(address,address,uint256).rTransferAmount (../..MultiChainCapital.sol#991) is too similar to MultiChainCapital._transferFromExcluded(address,address,uint256).tTransferAmount (../..MultiChainCapital.sol#991)\n",
            "name": "similar-names"
        },
        {
            "confidence": "Medium",
            "filename": "/home/kaixuan/sast_study/solidity/smartbugs/samples/poc_shift/source_code_vuln/deliver/MultiChainCapital_exp/MultiChainCapital.sol",
            "impact": "Informational",
            "line": 972,
            "message": "Variable MultiChainCapital._transferStandard(address,address,uint256).rTransferAmount (../..MultiChainCapital.sol#972) is too similar to MultiChainCapital._getValues(uint256).tTransferAmount (../..MultiChainCapital.sol#1028)\n",
            "name": "similar-names"
        },
        {
            "confidence": "Medium",
            "filename": "/home/kaixuan/sast_study/solidity/smartbugs/samples/poc_shift/source_code_vuln/deliver/MultiChainCapital_exp/MultiChainCapital.sol",
            "impact": "Informational",
            "line": 1044,
            "message": "Variable MultiChainCapital._getRValues(uint256,uint256,uint256).rTransferAmount (../..MultiChainCapital.sol#1044) is too similar to MultiChainCapital._transferBothExcluded(address,address,uint256).tTransferAmount (../..MultiChainCapital.sol#1001)\n",
            "name": "similar-names"
        },
        {
            "confidence": "Medium",
            "filename": "/home/kaixuan/sast_study/solidity/smartbugs/samples/poc_shift/source_code_vuln/deliver/MultiChainCapital_exp/MultiChainCapital.sol",
            "impact": "Informational",
            "line": 972,
            "message": "Variable MultiChainCapital._transferStandard(address,address,uint256).rTransferAmount (../..MultiChainCapital.sol#972) is too similar to MultiChainCapital._transferStandard(address,address,uint256).tTransferAmount (../..MultiChainCapital.sol#972)\n",
            "name": "similar-names"
        },
        {
            "confidence": "Medium",
            "filename": "/home/kaixuan/sast_study/solidity/smartbugs/samples/poc_shift/source_code_vuln/deliver/MultiChainCapital_exp/MultiChainCapital.sol",
            "impact": "Informational",
            "line": 972,
            "message": "Variable MultiChainCapital._transferStandard(address,address,uint256).rTransferAmount (../..MultiChainCapital.sol#972) is too similar to MultiChainCapital._getTValues(uint256,uint256,uint256).tTransferAmount (../..MultiChainCapital.sol#1037)\n",
            "name": "similar-names"
        },
        {
            "confidence": "Medium",
            "contract": "/sb/MultiChainCapital.sol",
            "filename": "/home/kaixuan/sast_study/solidity/smartbugs/samples/poc_shift/source_code_vuln/deliver/MultiChainCapital_exp/MultiChainCapital.sol",
            "function": "slitherConstructorVariables",
            "impact": "Informational",
            "line": 662,
            "line_end": 1096,
            "message": "MultiChainCapital.slitherConstructorVariables() (../..MultiChainCapital.sol#662-1096) uses literals with too many digits:\n\t- _tTotal = 1000000000000 * 10 ** 9 (../..MultiChainCapital.sol#676)\n",
            "name": "too-many-digits"
        },
        {
            "confidence": "Medium",
            "contract": "/sb/MultiChainCapital.sol",
            "filename": "/home/kaixuan/sast_study/solidity/smartbugs/samples/poc_shift/source_code_vuln/deliver/MultiChainCapital_exp/MultiChainCapital.sol",
            "function": "slitherConstructorVariables",
            "impact": "Informational",
            "line": 662,
            "line_end": 1096,
            "message": "MultiChainCapital.slitherConstructorVariables() (../..MultiChainCapital.sol#662-1096) uses literals with too many digits:\n\t- _maxTxAmount = 100000000000000e9 (../..MultiChainCapital.sol#698)\n",
            "name": "too-many-digits"
        },
        {
            "confidence": "Medium",
            "contract": "/sb/MultiChainCapital.sol",
            "filename": "/home/kaixuan/sast_study/solidity/smartbugs/samples/poc_shift/source_code_vuln/deliver/MultiChainCapital_exp/MultiChainCapital.sol",
            "function": "_setMaxTxAmount",
            "impact": "Informational",
            "line": 1091,
            "line_end": 1094,
            "message": "MultiChainCapital._setMaxTxAmount(uint256) (../..MultiChainCapital.sol#1091-1094) uses literals with too many digits:\n\t- require(bool,string)(maxTxAmount >= 100000000000000e9,maxTxAmount should be greater than 100000000000000e9) (../..MultiChainCapital.sol#1092)\n",
            "name": "too-many-digits"
        },
        {
            "confidence": "High",
            "filename": "/home/kaixuan/sast_study/solidity/smartbugs/samples/poc_shift/source_code_vuln/deliver/MultiChainCapital_exp/MultiChainCapital.sol",
            "impact": "Optimization",
            "line": 1056,
            "message": "Loop condition i < _excluded.length (../..MultiChainCapital.sol#1056) should use cached array length instead of referencing `length` member of the storage array.\n ",
            "name": "cache-array-length"
        },
        {
            "confidence": "High",
            "filename": "/home/kaixuan/sast_study/solidity/smartbugs/samples/poc_shift/source_code_vuln/deliver/MultiChainCapital_exp/MultiChainCapital.sol",
            "impact": "Optimization",
            "line": 676,
            "message": "MultiChainCapital._tTotal (../..MultiChainCapital.sol#676) should be constant \n",
            "name": "constable-states"
        },
        {
            "confidence": "High",
            "filename": "/home/kaixuan/sast_study/solidity/smartbugs/samples/poc_shift/source_code_vuln/deliver/MultiChainCapital_exp/MultiChainCapital.sol",
            "impact": "Optimization",
            "line": 680,
            "message": "MultiChainCapital._name (../..MultiChainCapital.sol#680) should be constant \n",
            "name": "constable-states"
        },
        {
            "confidence": "High",
            "filename": "/home/kaixuan/sast_study/solidity/smartbugs/samples/poc_shift/source_code_vuln/deliver/MultiChainCapital_exp/MultiChainCapital.sol",
            "impact": "Optimization",
            "line": 700,
            "message": "MultiChainCapital._numOfTokensToExchangeForTeam (../..MultiChainCapital.sol#700) should be constant \n",
            "name": "constable-states"
        },
        {
            "confidence": "High",
            "filename": "/home/kaixuan/sast_study/solidity/smartbugs/samples/poc_shift/source_code_vuln/deliver/MultiChainCapital_exp/MultiChainCapital.sol",
            "impact": "Optimization",
            "line": 681,
            "message": "MultiChainCapital._symbol (../..MultiChainCapital.sol#681) should be constant \n",
            "name": "constable-states"
        },
        {
            "confidence": "High",
            "filename": "/home/kaixuan/sast_study/solidity/smartbugs/samples/poc_shift/source_code_vuln/deliver/MultiChainCapital_exp/MultiChainCapital.sol",
            "impact": "Optimization",
            "line": 682,
            "message": "MultiChainCapital._decimals (../..MultiChainCapital.sol#682) should be constant \n",
            "name": "constable-states"
        },
        {
            "confidence": "High",
            "filename": "/home/kaixuan/sast_study/solidity/smartbugs/samples/poc_shift/source_code_vuln/deliver/MultiChainCapital_exp/MultiChainCapital.sol",
            "impact": "Optimization",
            "line": 690,
            "message": "MultiChainCapital._marketingWalletAddress (../..MultiChainCapital.sol#690) should be immutable \n",
            "name": "immutable-states"
        }
    ],
    "infos": [],
    "parser": {
        "id": "slither",
        "mode": "solidity",
        "version": "2022/11/14"
    }
}
