{
    "docker": {
        "command": null,
        "cpu_quota": 20000,
        "detach": true,
        "entrypoint": "'/sb/bin/do_solidity.sh' '/sb/QUATERNION.sol' '/sb/bin'",
        "image": "smartbugs/securify:usolc",
        "mem_limit": "1g",
        "user": 0,
        "volumes": {
            "/tmp/tmpnevp0wn9": {
                "bind": "/sb",
                "mode": "rw"
            }
        }
    },
    "filename": "/home/kaixuan/sast_study/solidity/smartbugs/samples/poc_shift/source_code_vuln/skim_transfer/QTN_exp/QUATERNION.sol",
    "platform": {
        "cpu": "Intel(R) Xeon(R) Gold 6248 CPU @ 2.50GHz",
        "python": "3.8.10.final.0 (64 bit)",
        "release": "5.15.0-91-generic",
        "smartbugs": "2.0.8",
        "system": "Linux",
        "version": "#101~20.04.1-Ubuntu SMP Thu Nov 16 14:22:28 UTC 2023"
    },
    "result": {
        "duration": 301.91170382499695,
        "exit_code": 0,
        "logs": null,
        "output": "result.tar",
        "start": 1714315353.4346445
    },
    "runid": "20240428_1408",
    "solc": "0.6.12",
    "tool": {
        "bin": "scripts",
        "command": null,
        "cpu_quota": null,
        "entrypoint": "'$BIN/do_solidity.sh' '$FILENAME' '$BIN'",
        "id": "securify",
        "image": "smartbugs/securify:usolc",
        "info": "Securify uses formal verification, also relying on static analysis checks. Securify's analysis consists of two steps. First, it symbolically analyzes the contract's dependency graph to extract precise semantic information from the code. Then, it checks compliance and violation patterns that capture sufficient conditions for proving if a property holds or not.",
        "mem_limit": null,
        "mode": "solidity",
        "name": "Securify",
        "origin": "https://github.com/eth-sri/securify",
        "output": "/results/",
        "parser": "parser.py",
        "solc": true,
        "version": null
    }
}
