{
    "errors": [
        "EXIT_CODE_1"
    ],
    "fails": [
        "error parsing results: file could not be opened successfully",
        "exception (crytic_compile.platform.exceptions.InvalidCompilation: Invalid solc compilation /sb/UniswapV2Pair.sol:84:1: Error: Source file requires different compiler version (current compiler is 0.5.17+commit.d19bba13.Linux.g++ - note that nightly builds are considered to be strictly less than the released version)",
        "exception (json.decoder.JSONDecodeError: Expecting value: line 1 column 1 (char 0))"
    ],
    "findings": [],
    "infos": [],
    "parser": {
        "id": "slither",
        "mode": "solidity",
        "version": "2022/11/14"
    }
}
