{
    "errors": [
        "EXIT_CODE_1"
    ],
    "fails": [],
    "findings": [
        {
            "column": 1,
            "filename": "/home/kaixuan/sast_study/solidity/smartbugs/samples/poc_shift/source_code_vuln/flawed_stake/HeavensGate_exp/@openzeppelin/contracts/token/ERC20/IERC20.sol.sol",
            "level": "error",
            "line": 4,
            "message": "Compiler version ^0.8.0 does not satisfy the ^0.5.8 semver requirement",
            "name": "compiler-version"
        }
    ],
    "infos": [],
    "parser": {
        "id": "solhint-3.3.8",
        "mode": "solidity",
        "version": "2023/02/12"
    }
}
