{
    "errors": [
        "EXIT_CODE_255"
    ],
    "fails": [],
    "findings": [
        {
            "confidence": "High",
            "filename": "/home/kaixuan/sast_study/solidity/smartbugs/samples/poc_shift/source_code_vuln/inconsistent value in balance calculation/Swapos_exp/contracts/interfaces/IERC20.sol.sol",
            "impact": "Informational",
            "line": 1,
            "message": "Pragma version>=0.5.0 (../..IERC20.sol.sol#1) allows old versions\n",
            "name": "solc-version"
        },
        {
            "confidence": "High",
            "filename": "/home/kaixuan/sast_study/solidity/smartbugs/samples/poc_shift/source_code_vuln/inconsistent value in balance calculation/Swapos_exp/contracts/interfaces/IERC20.sol.sol",
            "impact": "Informational",
            "message": "solc-0.5.17 is not recommended for deployment\n",
            "name": "solc-version"
        }
    ],
    "infos": [],
    "parser": {
        "id": "slither",
        "mode": "solidity",
        "version": "2022/11/14"
    }
}
