{
    "errors": [
        "EXIT_CODE_255"
    ],
    "fails": [],
    "findings": [
        {
            "confidence": "High",
            "contract": "/sb/FIREDRAKE.sol",
            "filename": "/home/kaixuan/sast_study/solidity/smartbugs/samples/poc_shift/source_code_vuln/deliver/FDP_exp.t/FIREDRAKE.sol",
            "function": "owner",
            "impact": "Low",
            "line": 621,
            "message": "FIREDRAKE._approve(address,address,uint256).owner (../..FIREDRAKE.sol#621) shadows:\n\t- Ownable.owner() (../..FIREDRAKE.sol#407-409) (function)\n",
            "name": "shadowing-local"
        },
        {
            "confidence": "High",
            "contract": "/sb/FIREDRAKE.sol",
            "filename": "/home/kaixuan/sast_study/solidity/smartbugs/samples/poc_shift/source_code_vuln/deliver/FDP_exp.t/FIREDRAKE.sol",
            "function": "owner",
            "impact": "Low",
            "line": 519,
            "message": "FIREDRAKE.allowance(address,address).owner (../..FIREDRAKE.sol#519) shadows:\n\t- Ownable.owner() (../..FIREDRAKE.sol#407-409) (function)\n",
            "name": "shadowing-local"
        },
        {
            "confidence": "Medium",
            "contract": "/sb/FIREDRAKE.sol",
            "filename": "/home/kaixuan/sast_study/solidity/smartbugs/samples/poc_shift/source_code_vuln/deliver/FDP_exp.t/FIREDRAKE.sol",
            "function": "setLiquidityFeePercent",
            "impact": "Low",
            "line": 744,
            "line_end": 746,
            "message": "FIREDRAKE.setLiquidityFeePercent(uint256) (../..FIREDRAKE.sol#744-746) should emit an event for: \n\t- _burnFee = LiquidityFee (../..FIREDRAKE.sol#745) \n",
            "name": "events-maths"
        },
        {
            "confidence": "Medium",
            "contract": "/sb/FIREDRAKE.sol",
            "filename": "/home/kaixuan/sast_study/solidity/smartbugs/samples/poc_shift/source_code_vuln/deliver/FDP_exp.t/FIREDRAKE.sol",
            "function": "setTaxFeePercent",
            "impact": "Low",
            "line": 740,
            "line_end": 742,
            "message": "FIREDRAKE.setTaxFeePercent(uint256) (../..FIREDRAKE.sol#740-742) should emit an event for: \n\t- _taxFee = taxFee (../..FIREDRAKE.sol#741) \n",
            "name": "events-maths"
        },
        {
            "confidence": "High",
            "contract": "/sb/FIREDRAKE.sol",
            "filename": "/home/kaixuan/sast_study/solidity/smartbugs/samples/poc_shift/source_code_vuln/deliver/FDP_exp.t/FIREDRAKE.sol",
            "function": "isContract",
            "impact": "Informational",
            "line": 265,
            "line_end": 271,
            "message": "Address.isContract(address) (../..FIREDRAKE.sol#265-271) uses assembly\n\t- INLINE ASM (../..FIREDRAKE.sol#269)\n",
            "name": "assembly"
        },
        {
            "confidence": "High",
            "contract": "/sb/FIREDRAKE.sol",
            "filename": "/home/kaixuan/sast_study/solidity/smartbugs/samples/poc_shift/source_code_vuln/deliver/FDP_exp.t/FIREDRAKE.sol",
            "function": "_functionCallWithValue",
            "impact": "Informational",
            "line": 354,
            "line_end": 375,
            "message": "Address._functionCallWithValue(address,bytes,uint256,string) (../..FIREDRAKE.sol#354-375) uses assembly\n\t- INLINE ASM (../..FIREDRAKE.sol#367-370)\n",
            "name": "assembly"
        },
        {
            "confidence": "Medium",
            "contract": "/sb/FIREDRAKE.sol",
            "filename": "/home/kaixuan/sast_study/solidity/smartbugs/samples/poc_shift/source_code_vuln/deliver/FDP_exp.t/FIREDRAKE.sol",
            "function": "includeAccount",
            "impact": "Informational",
            "line": 608,
            "line_end": 619,
            "message": "FIREDRAKE.includeAccount(address) (../..FIREDRAKE.sol#608-619) has costly operations inside a loop:\n\t- _excluded.pop() (../..FIREDRAKE.sol#615)\n",
            "name": "costly-loop"
        },
        {
            "confidence": "Medium",
            "contract": "/sb/FIREDRAKE.sol",
            "filename": "/home/kaixuan/sast_study/solidity/smartbugs/samples/poc_shift/source_code_vuln/deliver/FDP_exp.t/FIREDRAKE.sol",
            "function": "sendValue",
            "impact": "Informational",
            "line": 288,
            "line_end": 294,
            "message": "Address.sendValue(address,uint256) (../..FIREDRAKE.sol#288-294) is never used and should be removed\n",
            "name": "dead-code"
        },
        {
            "confidence": "Medium",
            "contract": "/sb/FIREDRAKE.sol",
            "filename": "/home/kaixuan/sast_study/solidity/smartbugs/samples/poc_shift/source_code_vuln/deliver/FDP_exp.t/FIREDRAKE.sol",
            "function": "functionCallWithValue",
            "impact": "Informational",
            "line": 339,
            "line_end": 341,
            "message": "Address.functionCallWithValue(address,bytes,uint256) (../..FIREDRAKE.sol#339-341) is never used and should be removed\n",
            "name": "dead-code"
        },
        {
            "confidence": "Medium",
            "contract": "/sb/FIREDRAKE.sol",
            "filename": "/home/kaixuan/sast_study/solidity/smartbugs/samples/poc_shift/source_code_vuln/deliver/FDP_exp.t/FIREDRAKE.sol",
            "function": "mod",
            "impact": "Informational",
            "line": 238,
            "line_end": 241,
            "message": "SafeMath.mod(uint256,uint256,string) (../..FIREDRAKE.sol#238-241) is never used and should be removed\n",
            "name": "dead-code"
        },
        {
            "confidence": "Medium",
            "contract": "/sb/FIREDRAKE.sol",
            "filename": "/home/kaixuan/sast_study/solidity/smartbugs/samples/poc_shift/source_code_vuln/deliver/FDP_exp.t/FIREDRAKE.sol",
            "function": "functionCallWithValue",
            "impact": "Informational",
            "line": 349,
            "line_end": 352,
            "message": "Address.functionCallWithValue(address,bytes,uint256,string) (../..FIREDRAKE.sol#349-352) is never used and should be removed\n",
            "name": "dead-code"
        },
        {
            "confidence": "Medium",
            "contract": "/sb/FIREDRAKE.sol",
            "filename": "/home/kaixuan/sast_study/solidity/smartbugs/samples/poc_shift/source_code_vuln/deliver/FDP_exp.t/FIREDRAKE.sol",
            "function": "_msgData",
            "impact": "Informational",
            "line": 54,
            "line_end": 57,
            "message": "Context._msgData() (../..FIREDRAKE.sol#54-57) is never used and should be removed\n",
            "name": "dead-code"
        },
        {
            "confidence": "Medium",
            "contract": "/sb/FIREDRAKE.sol",
            "filename": "/home/kaixuan/sast_study/solidity/smartbugs/samples/poc_shift/source_code_vuln/deliver/FDP_exp.t/FIREDRAKE.sol",
            "function": "mod",
            "impact": "Informational",
            "line": 222,
            "line_end": 224,
            "message": "SafeMath.mod(uint256,uint256) (../..FIREDRAKE.sol#222-224) is never used and should be removed\n",
            "name": "dead-code"
        },
        {
            "confidence": "Medium",
            "contract": "/sb/FIREDRAKE.sol",
            "filename": "/home/kaixuan/sast_study/solidity/smartbugs/samples/poc_shift/source_code_vuln/deliver/FDP_exp.t/FIREDRAKE.sol",
            "function": "_functionCallWithValue",
            "impact": "Informational",
            "line": 354,
            "line_end": 375,
            "message": "Address._functionCallWithValue(address,bytes,uint256,string) (../..FIREDRAKE.sol#354-375) is never used and should be removed\n",
            "name": "dead-code"
        },
        {
            "confidence": "Medium",
            "contract": "/sb/FIREDRAKE.sol",
            "filename": "/home/kaixuan/sast_study/solidity/smartbugs/samples/poc_shift/source_code_vuln/deliver/FDP_exp.t/FIREDRAKE.sol",
            "function": "isContract",
            "impact": "Informational",
            "line": 265,
            "line_end": 271,
            "message": "Address.isContract(address) (../..FIREDRAKE.sol#265-271) is never used and should be removed\n",
            "name": "dead-code"
        },
        {
            "confidence": "Medium",
            "contract": "/sb/FIREDRAKE.sol",
            "filename": "/home/kaixuan/sast_study/solidity/smartbugs/samples/poc_shift/source_code_vuln/deliver/FDP_exp.t/FIREDRAKE.sol",
            "function": "functionCall",
            "impact": "Informational",
            "line": 324,
            "line_end": 326,
            "message": "Address.functionCall(address,bytes,string) (../..FIREDRAKE.sol#324-326) is never used and should be removed\n",
            "name": "dead-code"
        },
        {
            "confidence": "Medium",
            "contract": "/sb/FIREDRAKE.sol",
            "filename": "/home/kaixuan/sast_study/solidity/smartbugs/samples/poc_shift/source_code_vuln/deliver/FDP_exp.t/FIREDRAKE.sol",
            "function": "functionCall",
            "impact": "Informational",
            "line": 314,
            "line_end": 316,
            "message": "Address.functionCall(address,bytes) (../..FIREDRAKE.sol#314-316) is never used and should be removed\n",
            "name": "dead-code"
        },
        {
            "confidence": "High",
            "filename": "/home/kaixuan/sast_study/solidity/smartbugs/samples/poc_shift/source_code_vuln/deliver/FDP_exp.t/FIREDRAKE.sol",
            "impact": "Informational",
            "line": 446,
            "message": "FIREDRAKE._rTotal (../..FIREDRAKE.sol#446) is set pre-construction with a non-constant function or state variable:\n\t- (MAX - (MAX % _tTotal))\n",
            "name": "function-init-state"
        },
        {
            "confidence": "High",
            "filename": "/home/kaixuan/sast_study/solidity/smartbugs/samples/poc_shift/source_code_vuln/deliver/FDP_exp.t/FIREDRAKE.sol",
            "impact": "Informational",
            "line": 449,
            "message": "FIREDRAKE._maxTxAmount (../..FIREDRAKE.sol#449) is set pre-construction with a non-constant function or state variable:\n\t- _tTotal\n",
            "name": "function-init-state"
        },
        {
            "confidence": "High",
            "filename": "/home/kaixuan/sast_study/solidity/smartbugs/samples/poc_shift/source_code_vuln/deliver/FDP_exp.t/FIREDRAKE.sol",
            "impact": "Informational",
            "line": 46,
            "message": "Pragma version0.6.12 (../..FIREDRAKE.sol#46) allows old versions\n",
            "name": "solc-version"
        },
        {
            "confidence": "High",
            "filename": "/home/kaixuan/sast_study/solidity/smartbugs/samples/poc_shift/source_code_vuln/deliver/FDP_exp.t/FIREDRAKE.sol",
            "impact": "Informational",
            "message": "solc-0.6.12 is not recommended for deployment\n",
            "name": "solc-version"
        },
        {
            "confidence": "High",
            "contract": "/sb/FIREDRAKE.sol",
            "filename": "/home/kaixuan/sast_study/solidity/smartbugs/samples/poc_shift/source_code_vuln/deliver/FDP_exp.t/FIREDRAKE.sol",
            "function": "_functionCallWithValue",
            "impact": "Informational",
            "line": 354,
            "line_end": 375,
            "message": "Low level call in Address._functionCallWithValue(address,bytes,uint256,string) (../..FIREDRAKE.sol#354-375):\n\t- (success,returndata) = target.call{value: weiValue}(data) (../..FIREDRAKE.sol#358)\n",
            "name": "low-level-calls"
        },
        {
            "confidence": "High",
            "contract": "/sb/FIREDRAKE.sol",
            "filename": "/home/kaixuan/sast_study/solidity/smartbugs/samples/poc_shift/source_code_vuln/deliver/FDP_exp.t/FIREDRAKE.sol",
            "function": "sendValue",
            "impact": "Informational",
            "line": 288,
            "line_end": 294,
            "message": "Low level call in Address.sendValue(address,uint256) (../..FIREDRAKE.sol#288-294):\n\t- (success) = recipient.call{value: amount}() (../..FIREDRAKE.sol#292)\n",
            "name": "low-level-calls"
        },
        {
            "confidence": "High",
            "filename": "/home/kaixuan/sast_study/solidity/smartbugs/samples/poc_shift/source_code_vuln/deliver/FDP_exp.t/FIREDRAKE.sol",
            "impact": "Informational",
            "line": 452,
            "message": "Constant FIREDRAKE._symbol (../..FIREDRAKE.sol#452) is not in UPPER_CASE_WITH_UNDERSCORES\n",
            "name": "naming-convention"
        },
        {
            "confidence": "High",
            "filename": "/home/kaixuan/sast_study/solidity/smartbugs/samples/poc_shift/source_code_vuln/deliver/FDP_exp.t/FIREDRAKE.sol",
            "impact": "Informational",
            "line": 451,
            "message": "Constant FIREDRAKE._name (../..FIREDRAKE.sol#451) is not in UPPER_CASE_WITH_UNDERSCORES\n",
            "name": "naming-convention"
        },
        {
            "confidence": "High",
            "filename": "/home/kaixuan/sast_study/solidity/smartbugs/samples/poc_shift/source_code_vuln/deliver/FDP_exp.t/FIREDRAKE.sol",
            "impact": "Informational",
            "line": 443,
            "message": "Constant FIREDRAKE._decimals (../..FIREDRAKE.sol#443) is not in UPPER_CASE_WITH_UNDERSCORES\n",
            "name": "naming-convention"
        },
        {
            "confidence": "High",
            "contract": "/sb/FIREDRAKE.sol",
            "filename": "/home/kaixuan/sast_study/solidity/smartbugs/samples/poc_shift/source_code_vuln/deliver/FDP_exp.t/FIREDRAKE.sol",
            "function": "_LiquidityFee",
            "impact": "Informational",
            "line": 736,
            "line_end": 738,
            "message": "Function FIREDRAKE._LiquidityFee() (../..FIREDRAKE.sol#736-738) is not in mixedCase\n",
            "name": "naming-convention"
        },
        {
            "confidence": "High",
            "filename": "/home/kaixuan/sast_study/solidity/smartbugs/samples/poc_shift/source_code_vuln/deliver/FDP_exp.t/FIREDRAKE.sol",
            "impact": "Informational",
            "line": 744,
            "message": "Parameter FIREDRAKE.setLiquidityFeePercent(uint256).LiquidityFee (../..FIREDRAKE.sol#744) is not in mixedCase\n",
            "name": "naming-convention"
        },
        {
            "confidence": "High",
            "contract": "/sb/FIREDRAKE.sol",
            "filename": "/home/kaixuan/sast_study/solidity/smartbugs/samples/poc_shift/source_code_vuln/deliver/FDP_exp.t/FIREDRAKE.sol",
            "function": "_TaxFee",
            "impact": "Informational",
            "line": 732,
            "line_end": 734,
            "message": "Function FIREDRAKE._TaxFee() (../..FIREDRAKE.sol#732-734) is not in mixedCase\n",
            "name": "naming-convention"
        },
        {
            "confidence": "High",
            "filename": "/home/kaixuan/sast_study/solidity/smartbugs/samples/poc_shift/source_code_vuln/deliver/FDP_exp.t/FIREDRAKE.sol",
            "impact": "Informational",
            "line": 449,
            "message": "Variable FIREDRAKE._maxTxAmount (../..FIREDRAKE.sol#449) is not in mixedCase\n",
            "name": "naming-convention"
        },
        {
            "confidence": "High",
            "filename": "/home/kaixuan/sast_study/solidity/smartbugs/samples/poc_shift/source_code_vuln/deliver/FDP_exp.t/FIREDRAKE.sol",
            "impact": "Informational",
            "line": 55,
            "message": "Redundant expression \"this (../..FIREDRAKE.sol#55)\" inContext (../..FIREDRAKE.sol#49-58)\n",
            "name": "redundant-statements"
        },
        {
            "confidence": "Medium",
            "filename": "/home/kaixuan/sast_study/solidity/smartbugs/samples/poc_shift/source_code_vuln/deliver/FDP_exp.t/FIREDRAKE.sol",
            "impact": "Informational",
            "line": 698,
            "message": "Variable FIREDRAKE.transferOwnership(address).rTransferAmount (../..FIREDRAKE.sol#698) is too similar to FIREDRAKE.transferOwnership(address).tTransferAmount (../..FIREDRAKE.sol#698)\n",
            "name": "similar-names"
        },
        {
            "confidence": "Medium",
            "filename": "/home/kaixuan/sast_study/solidity/smartbugs/samples/poc_shift/source_code_vuln/deliver/FDP_exp.t/FIREDRAKE.sol",
            "impact": "Informational",
            "line": 665,
            "message": "Variable FIREDRAKE._transferToExcluded(address,address,uint256).rTransferAmount (../..FIREDRAKE.sol#665) is too similar to FIREDRAKE._transferFromExcluded(address,address,uint256).tTransferAmount (../..FIREDRAKE.sol#676)\n",
            "name": "similar-names"
        },
        {
            "confidence": "Medium",
            "filename": "/home/kaixuan/sast_study/solidity/smartbugs/samples/poc_shift/source_code_vuln/deliver/FDP_exp.t/FIREDRAKE.sol",
            "impact": "Informational",
            "line": 676,
            "message": "Variable FIREDRAKE._transferFromExcluded(address,address,uint256).rTransferAmount (../..FIREDRAKE.sol#676) is too similar to FIREDRAKE._transferStandard(address,address,uint256).tTransferAmount (../..FIREDRAKE.sol#655)\n",
            "name": "similar-names"
        },
        {
            "confidence": "Medium",
            "filename": "/home/kaixuan/sast_study/solidity/smartbugs/samples/poc_shift/source_code_vuln/deliver/FDP_exp.t/FIREDRAKE.sol",
            "impact": "Informational",
            "line": 586,
            "message": "Variable FIREDRAKE.reflectionFromToken(uint256,bool).rTransferAmount (../..FIREDRAKE.sol#586) is too similar to FIREDRAKE._transferBothExcluded(address,address,uint256).tTransferAmount (../..FIREDRAKE.sol#687)\n",
            "name": "similar-names"
        },
        {
            "confidence": "Medium",
            "filename": "/home/kaixuan/sast_study/solidity/smartbugs/samples/poc_shift/source_code_vuln/deliver/FDP_exp.t/FIREDRAKE.sol",
            "impact": "Informational",
            "line": 676,
            "message": "Variable FIREDRAKE._transferFromExcluded(address,address,uint256).rTransferAmount (../..FIREDRAKE.sol#676) is too similar to FIREDRAKE._transferToExcluded(address,address,uint256).tTransferAmount (../..FIREDRAKE.sol#665)\n",
            "name": "similar-names"
        },
        {
            "confidence": "Medium",
            "filename": "/home/kaixuan/sast_study/solidity/smartbugs/samples/poc_shift/source_code_vuln/deliver/FDP_exp.t/FIREDRAKE.sol",
            "impact": "Informational",
            "line": 665,
            "message": "Variable FIREDRAKE._transferToExcluded(address,address,uint256).rTransferAmount (../..FIREDRAKE.sol#665) is too similar to FIREDRAKE._transferToExcluded(address,address,uint256).tTransferAmount (../..FIREDRAKE.sol#665)\n",
            "name": "similar-names"
        },
        {
            "confidence": "Medium",
            "filename": "/home/kaixuan/sast_study/solidity/smartbugs/samples/poc_shift/source_code_vuln/deliver/FDP_exp.t/FIREDRAKE.sol",
            "impact": "Informational",
            "line": 665,
            "message": "Variable FIREDRAKE._transferToExcluded(address,address,uint256).rTransferAmount (../..FIREDRAKE.sol#665) is too similar to FIREDRAKE._transferStandard(address,address,uint256).tTransferAmount (../..FIREDRAKE.sol#655)\n",
            "name": "similar-names"
        },
        {
            "confidence": "Medium",
            "filename": "/home/kaixuan/sast_study/solidity/smartbugs/samples/poc_shift/source_code_vuln/deliver/FDP_exp.t/FIREDRAKE.sol",
            "impact": "Informational",
            "line": 714,
            "message": "Variable FIREDRAKE._getValues(uint256).rTransferAmount (../..FIREDRAKE.sol#714) is too similar to FIREDRAKE._getValues(uint256).tTransferAmount (../..FIREDRAKE.sol#712)\n",
            "name": "similar-names"
        },
        {
            "confidence": "Medium",
            "filename": "/home/kaixuan/sast_study/solidity/smartbugs/samples/poc_shift/source_code_vuln/deliver/FDP_exp.t/FIREDRAKE.sol",
            "impact": "Informational",
            "line": 655,
            "message": "Variable FIREDRAKE._transferStandard(address,address,uint256).rTransferAmount (../..FIREDRAKE.sol#655) is too similar to FIREDRAKE._transferToExcluded(address,address,uint256).tTransferAmount (../..FIREDRAKE.sol#665)\n",
            "name": "similar-names"
        },
        {
            "confidence": "Medium",
            "filename": "/home/kaixuan/sast_study/solidity/smartbugs/samples/poc_shift/source_code_vuln/deliver/FDP_exp.t/FIREDRAKE.sol",
            "impact": "Informational",
            "line": 756,
            "message": "Variable FIREDRAKE._getRValues(uint256,uint256,uint256,uint256).rTransferAmount (../..FIREDRAKE.sol#756) is too similar to FIREDRAKE._getValues(uint256).tTransferAmount (../..FIREDRAKE.sol#712)\n",
            "name": "similar-names"
        },
        {
            "confidence": "Medium",
            "filename": "/home/kaixuan/sast_study/solidity/smartbugs/samples/poc_shift/source_code_vuln/deliver/FDP_exp.t/FIREDRAKE.sol",
            "impact": "Informational",
            "line": 676,
            "message": "Variable FIREDRAKE._transferFromExcluded(address,address,uint256).rTransferAmount (../..FIREDRAKE.sol#676) is too similar to FIREDRAKE._transferBothExcluded(address,address,uint256).tTransferAmount (../..FIREDRAKE.sol#687)\n",
            "name": "similar-names"
        },
        {
            "confidence": "Medium",
            "filename": "/home/kaixuan/sast_study/solidity/smartbugs/samples/poc_shift/source_code_vuln/deliver/FDP_exp.t/FIREDRAKE.sol",
            "impact": "Informational",
            "line": 586,
            "message": "Variable FIREDRAKE.reflectionFromToken(uint256,bool).rTransferAmount (../..FIREDRAKE.sol#586) is too similar to FIREDRAKE.transferOwnership(address).tTransferAmount (../..FIREDRAKE.sol#698)\n",
            "name": "similar-names"
        },
        {
            "confidence": "Medium",
            "filename": "/home/kaixuan/sast_study/solidity/smartbugs/samples/poc_shift/source_code_vuln/deliver/FDP_exp.t/FIREDRAKE.sol",
            "impact": "Informational",
            "line": 655,
            "message": "Variable FIREDRAKE._transferStandard(address,address,uint256).rTransferAmount (../..FIREDRAKE.sol#655) is too similar to FIREDRAKE._getValues(uint256).tTransferAmount (../..FIREDRAKE.sol#712)\n",
            "name": "similar-names"
        },
        {
            "confidence": "Medium",
            "filename": "/home/kaixuan/sast_study/solidity/smartbugs/samples/poc_shift/source_code_vuln/deliver/FDP_exp.t/FIREDRAKE.sol",
            "impact": "Informational",
            "line": 756,
            "message": "Variable FIREDRAKE._getRValues(uint256,uint256,uint256,uint256).rTransferAmount (../..FIREDRAKE.sol#756) is too similar to FIREDRAKE._transferStandard(address,address,uint256).tTransferAmount (../..FIREDRAKE.sol#655)\n",
            "name": "similar-names"
        },
        {
            "confidence": "Medium",
            "filename": "/home/kaixuan/sast_study/solidity/smartbugs/samples/poc_shift/source_code_vuln/deliver/FDP_exp.t/FIREDRAKE.sol",
            "impact": "Informational",
            "line": 687,
            "message": "Variable FIREDRAKE._transferBothExcluded(address,address,uint256).rTransferAmount (../..FIREDRAKE.sol#687) is too similar to FIREDRAKE._getTValues(uint256,uint256,uint256).tTransferAmount (../..FIREDRAKE.sol#728)\n",
            "name": "similar-names"
        },
        {
            "confidence": "Medium",
            "filename": "/home/kaixuan/sast_study/solidity/smartbugs/samples/poc_shift/source_code_vuln/deliver/FDP_exp.t/FIREDRAKE.sol",
            "impact": "Informational",
            "line": 756,
            "message": "Variable FIREDRAKE._getRValues(uint256,uint256,uint256,uint256).rTransferAmount (../..FIREDRAKE.sol#756) is too similar to FIREDRAKE._getTValues(uint256,uint256,uint256).tTransferAmount (../..FIREDRAKE.sol#728)\n",
            "name": "similar-names"
        },
        {
            "confidence": "Medium",
            "filename": "/home/kaixuan/sast_study/solidity/smartbugs/samples/poc_shift/source_code_vuln/deliver/FDP_exp.t/FIREDRAKE.sol",
            "impact": "Informational",
            "line": 698,
            "message": "Variable FIREDRAKE.transferOwnership(address).rTransferAmount (../..FIREDRAKE.sol#698) is too similar to FIREDRAKE._transferToExcluded(address,address,uint256).tTransferAmount (../..FIREDRAKE.sol#665)\n",
            "name": "similar-names"
        },
        {
            "confidence": "Medium",
            "filename": "/home/kaixuan/sast_study/solidity/smartbugs/samples/poc_shift/source_code_vuln/deliver/FDP_exp.t/FIREDRAKE.sol",
            "impact": "Informational",
            "line": 714,
            "message": "Variable FIREDRAKE._getValues(uint256).rTransferAmount (../..FIREDRAKE.sol#714) is too similar to FIREDRAKE._transferBothExcluded(address,address,uint256).tTransferAmount (../..FIREDRAKE.sol#687)\n",
            "name": "similar-names"
        },
        {
            "confidence": "Medium",
            "filename": "/home/kaixuan/sast_study/solidity/smartbugs/samples/poc_shift/source_code_vuln/deliver/FDP_exp.t/FIREDRAKE.sol",
            "impact": "Informational",
            "line": 676,
            "message": "Variable FIREDRAKE._transferFromExcluded(address,address,uint256).rTransferAmount (../..FIREDRAKE.sol#676) is too similar to FIREDRAKE.transferOwnership(address).tTransferAmount (../..FIREDRAKE.sol#698)\n",
            "name": "similar-names"
        },
        {
            "confidence": "Medium",
            "filename": "/home/kaixuan/sast_study/solidity/smartbugs/samples/poc_shift/source_code_vuln/deliver/FDP_exp.t/FIREDRAKE.sol",
            "impact": "Informational",
            "line": 698,
            "message": "Variable FIREDRAKE.transferOwnership(address).rTransferAmount (../..FIREDRAKE.sol#698) is too similar to FIREDRAKE._transferBothExcluded(address,address,uint256).tTransferAmount (../..FIREDRAKE.sol#687)\n",
            "name": "similar-names"
        },
        {
            "confidence": "Medium",
            "filename": "/home/kaixuan/sast_study/solidity/smartbugs/samples/poc_shift/source_code_vuln/deliver/FDP_exp.t/FIREDRAKE.sol",
            "impact": "Informational",
            "line": 586,
            "message": "Variable FIREDRAKE.reflectionFromToken(uint256,bool).rTransferAmount (../..FIREDRAKE.sol#586) is too similar to FIREDRAKE._transferStandard(address,address,uint256).tTransferAmount (../..FIREDRAKE.sol#655)\n",
            "name": "similar-names"
        },
        {
            "confidence": "Medium",
            "filename": "/home/kaixuan/sast_study/solidity/smartbugs/samples/poc_shift/source_code_vuln/deliver/FDP_exp.t/FIREDRAKE.sol",
            "impact": "Informational",
            "line": 655,
            "message": "Variable FIREDRAKE._transferStandard(address,address,uint256).rTransferAmount (../..FIREDRAKE.sol#655) is too similar to FIREDRAKE.transferOwnership(address).tTransferAmount (../..FIREDRAKE.sol#698)\n",
            "name": "similar-names"
        },
        {
            "confidence": "Medium",
            "filename": "/home/kaixuan/sast_study/solidity/smartbugs/samples/poc_shift/source_code_vuln/deliver/FDP_exp.t/FIREDRAKE.sol",
            "impact": "Informational",
            "line": 586,
            "message": "Variable FIREDRAKE.reflectionFromToken(uint256,bool).rTransferAmount (../..FIREDRAKE.sol#586) is too similar to FIREDRAKE._transferFromExcluded(address,address,uint256).tTransferAmount (../..FIREDRAKE.sol#676)\n",
            "name": "similar-names"
        },
        {
            "confidence": "Medium",
            "filename": "/home/kaixuan/sast_study/solidity/smartbugs/samples/poc_shift/source_code_vuln/deliver/FDP_exp.t/FIREDRAKE.sol",
            "impact": "Informational",
            "line": 698,
            "message": "Variable FIREDRAKE.transferOwnership(address).rTransferAmount (../..FIREDRAKE.sol#698) is too similar to FIREDRAKE._transferFromExcluded(address,address,uint256).tTransferAmount (../..FIREDRAKE.sol#676)\n",
            "name": "similar-names"
        },
        {
            "confidence": "Medium",
            "filename": "/home/kaixuan/sast_study/solidity/smartbugs/samples/poc_shift/source_code_vuln/deliver/FDP_exp.t/FIREDRAKE.sol",
            "impact": "Informational",
            "line": 714,
            "message": "Variable FIREDRAKE._getValues(uint256).rTransferAmount (../..FIREDRAKE.sol#714) is too similar to FIREDRAKE._transferFromExcluded(address,address,uint256).tTransferAmount (../..FIREDRAKE.sol#676)\n",
            "name": "similar-names"
        },
        {
            "confidence": "Medium",
            "filename": "/home/kaixuan/sast_study/solidity/smartbugs/samples/poc_shift/source_code_vuln/deliver/FDP_exp.t/FIREDRAKE.sol",
            "impact": "Informational",
            "line": 655,
            "message": "Variable FIREDRAKE._transferStandard(address,address,uint256).rTransferAmount (../..FIREDRAKE.sol#655) is too similar to FIREDRAKE._getTValues(uint256,uint256,uint256).tTransferAmount (../..FIREDRAKE.sol#728)\n",
            "name": "similar-names"
        },
        {
            "confidence": "Medium",
            "filename": "/home/kaixuan/sast_study/solidity/smartbugs/samples/poc_shift/source_code_vuln/deliver/FDP_exp.t/FIREDRAKE.sol",
            "impact": "Informational",
            "line": 714,
            "message": "Variable FIREDRAKE._getValues(uint256).rTransferAmount (../..FIREDRAKE.sol#714) is too similar to FIREDRAKE._getTValues(uint256,uint256,uint256).tTransferAmount (../..FIREDRAKE.sol#728)\n",
            "name": "similar-names"
        },
        {
            "confidence": "Medium",
            "filename": "/home/kaixuan/sast_study/solidity/smartbugs/samples/poc_shift/source_code_vuln/deliver/FDP_exp.t/FIREDRAKE.sol",
            "impact": "Informational",
            "line": 714,
            "message": "Variable FIREDRAKE._getValues(uint256).rTransferAmount (../..FIREDRAKE.sol#714) is too similar to FIREDRAKE.transferOwnership(address).tTransferAmount (../..FIREDRAKE.sol#698)\n",
            "name": "similar-names"
        },
        {
            "confidence": "Medium",
            "filename": "/home/kaixuan/sast_study/solidity/smartbugs/samples/poc_shift/source_code_vuln/deliver/FDP_exp.t/FIREDRAKE.sol",
            "impact": "Informational",
            "line": 687,
            "message": "Variable FIREDRAKE._transferBothExcluded(address,address,uint256).rTransferAmount (../..FIREDRAKE.sol#687) is too similar to FIREDRAKE.transferOwnership(address).tTransferAmount (../..FIREDRAKE.sol#698)\n",
            "name": "similar-names"
        },
        {
            "confidence": "Medium",
            "filename": "/home/kaixuan/sast_study/solidity/smartbugs/samples/poc_shift/source_code_vuln/deliver/FDP_exp.t/FIREDRAKE.sol",
            "impact": "Informational",
            "line": 698,
            "message": "Variable FIREDRAKE.transferOwnership(address).rTransferAmount (../..FIREDRAKE.sol#698) is too similar to FIREDRAKE._getTValues(uint256,uint256,uint256).tTransferAmount (../..FIREDRAKE.sol#728)\n",
            "name": "similar-names"
        },
        {
            "confidence": "Medium",
            "filename": "/home/kaixuan/sast_study/solidity/smartbugs/samples/poc_shift/source_code_vuln/deliver/FDP_exp.t/FIREDRAKE.sol",
            "impact": "Informational",
            "line": 714,
            "message": "Variable FIREDRAKE._getValues(uint256).rTransferAmount (../..FIREDRAKE.sol#714) is too similar to FIREDRAKE._transferStandard(address,address,uint256).tTransferAmount (../..FIREDRAKE.sol#655)\n",
            "name": "similar-names"
        },
        {
            "confidence": "Medium",
            "filename": "/home/kaixuan/sast_study/solidity/smartbugs/samples/poc_shift/source_code_vuln/deliver/FDP_exp.t/FIREDRAKE.sol",
            "impact": "Informational",
            "line": 698,
            "message": "Variable FIREDRAKE.transferOwnership(address).rTransferAmount (../..FIREDRAKE.sol#698) is too similar to FIREDRAKE._transferStandard(address,address,uint256).tTransferAmount (../..FIREDRAKE.sol#655)\n",
            "name": "similar-names"
        },
        {
            "confidence": "Medium",
            "filename": "/home/kaixuan/sast_study/solidity/smartbugs/samples/poc_shift/source_code_vuln/deliver/FDP_exp.t/FIREDRAKE.sol",
            "impact": "Informational",
            "line": 687,
            "message": "Variable FIREDRAKE._transferBothExcluded(address,address,uint256).rTransferAmount (../..FIREDRAKE.sol#687) is too similar to FIREDRAKE._getValues(uint256).tTransferAmount (../..FIREDRAKE.sol#712)\n",
            "name": "similar-names"
        },
        {
            "confidence": "Medium",
            "filename": "/home/kaixuan/sast_study/solidity/smartbugs/samples/poc_shift/source_code_vuln/deliver/FDP_exp.t/FIREDRAKE.sol",
            "impact": "Informational",
            "line": 665,
            "message": "Variable FIREDRAKE._transferToExcluded(address,address,uint256).rTransferAmount (../..FIREDRAKE.sol#665) is too similar to FIREDRAKE._transferBothExcluded(address,address,uint256).tTransferAmount (../..FIREDRAKE.sol#687)\n",
            "name": "similar-names"
        },
        {
            "confidence": "Medium",
            "filename": "/home/kaixuan/sast_study/solidity/smartbugs/samples/poc_shift/source_code_vuln/deliver/FDP_exp.t/FIREDRAKE.sol",
            "impact": "Informational",
            "line": 655,
            "message": "Variable FIREDRAKE._transferStandard(address,address,uint256).rTransferAmount (../..FIREDRAKE.sol#655) is too similar to FIREDRAKE._transferFromExcluded(address,address,uint256).tTransferAmount (../..FIREDRAKE.sol#676)\n",
            "name": "similar-names"
        },
        {
            "confidence": "Medium",
            "filename": "/home/kaixuan/sast_study/solidity/smartbugs/samples/poc_shift/source_code_vuln/deliver/FDP_exp.t/FIREDRAKE.sol",
            "impact": "Informational",
            "line": 687,
            "message": "Variable FIREDRAKE._transferBothExcluded(address,address,uint256).rTransferAmount (../..FIREDRAKE.sol#687) is too similar to FIREDRAKE._transferBothExcluded(address,address,uint256).tTransferAmount (../..FIREDRAKE.sol#687)\n",
            "name": "similar-names"
        },
        {
            "confidence": "Medium",
            "filename": "/home/kaixuan/sast_study/solidity/smartbugs/samples/poc_shift/source_code_vuln/deliver/FDP_exp.t/FIREDRAKE.sol",
            "impact": "Informational",
            "line": 586,
            "message": "Variable FIREDRAKE.reflectionFromToken(uint256,bool).rTransferAmount (../..FIREDRAKE.sol#586) is too similar to FIREDRAKE._getTValues(uint256,uint256,uint256).tTransferAmount (../..FIREDRAKE.sol#728)\n",
            "name": "similar-names"
        },
        {
            "confidence": "Medium",
            "filename": "/home/kaixuan/sast_study/solidity/smartbugs/samples/poc_shift/source_code_vuln/deliver/FDP_exp.t/FIREDRAKE.sol",
            "impact": "Informational",
            "line": 698,
            "message": "Variable FIREDRAKE.transferOwnership(address).rTransferAmount (../..FIREDRAKE.sol#698) is too similar to FIREDRAKE._getValues(uint256).tTransferAmount (../..FIREDRAKE.sol#712)\n",
            "name": "similar-names"
        },
        {
            "confidence": "Medium",
            "filename": "/home/kaixuan/sast_study/solidity/smartbugs/samples/poc_shift/source_code_vuln/deliver/FDP_exp.t/FIREDRAKE.sol",
            "impact": "Informational",
            "line": 665,
            "message": "Variable FIREDRAKE._transferToExcluded(address,address,uint256).rTransferAmount (../..FIREDRAKE.sol#665) is too similar to FIREDRAKE._getValues(uint256).tTransferAmount (../..FIREDRAKE.sol#712)\n",
            "name": "similar-names"
        },
        {
            "confidence": "Medium",
            "filename": "/home/kaixuan/sast_study/solidity/smartbugs/samples/poc_shift/source_code_vuln/deliver/FDP_exp.t/FIREDRAKE.sol",
            "impact": "Informational",
            "line": 676,
            "message": "Variable FIREDRAKE._transferFromExcluded(address,address,uint256).rTransferAmount (../..FIREDRAKE.sol#676) is too similar to FIREDRAKE._getValues(uint256).tTransferAmount (../..FIREDRAKE.sol#712)\n",
            "name": "similar-names"
        },
        {
            "confidence": "Medium",
            "filename": "/home/kaixuan/sast_study/solidity/smartbugs/samples/poc_shift/source_code_vuln/deliver/FDP_exp.t/FIREDRAKE.sol",
            "impact": "Informational",
            "line": 756,
            "message": "Variable FIREDRAKE._getRValues(uint256,uint256,uint256,uint256).rTransferAmount (../..FIREDRAKE.sol#756) is too similar to FIREDRAKE._transferBothExcluded(address,address,uint256).tTransferAmount (../..FIREDRAKE.sol#687)\n",
            "name": "similar-names"
        },
        {
            "confidence": "Medium",
            "filename": "/home/kaixuan/sast_study/solidity/smartbugs/samples/poc_shift/source_code_vuln/deliver/FDP_exp.t/FIREDRAKE.sol",
            "impact": "Informational",
            "line": 586,
            "message": "Variable FIREDRAKE.reflectionFromToken(uint256,bool).rTransferAmount (../..FIREDRAKE.sol#586) is too similar to FIREDRAKE._transferToExcluded(address,address,uint256).tTransferAmount (../..FIREDRAKE.sol#665)\n",
            "name": "similar-names"
        },
        {
            "confidence": "Medium",
            "filename": "/home/kaixuan/sast_study/solidity/smartbugs/samples/poc_shift/source_code_vuln/deliver/FDP_exp.t/FIREDRAKE.sol",
            "impact": "Informational",
            "line": 665,
            "message": "Variable FIREDRAKE._transferToExcluded(address,address,uint256).rTransferAmount (../..FIREDRAKE.sol#665) is too similar to FIREDRAKE.transferOwnership(address).tTransferAmount (../..FIREDRAKE.sol#698)\n",
            "name": "similar-names"
        },
        {
            "confidence": "Medium",
            "filename": "/home/kaixuan/sast_study/solidity/smartbugs/samples/poc_shift/source_code_vuln/deliver/FDP_exp.t/FIREDRAKE.sol",
            "impact": "Informational",
            "line": 756,
            "message": "Variable FIREDRAKE._getRValues(uint256,uint256,uint256,uint256).rTransferAmount (../..FIREDRAKE.sol#756) is too similar to FIREDRAKE._transferToExcluded(address,address,uint256).tTransferAmount (../..FIREDRAKE.sol#665)\n",
            "name": "similar-names"
        },
        {
            "confidence": "Medium",
            "filename": "/home/kaixuan/sast_study/solidity/smartbugs/samples/poc_shift/source_code_vuln/deliver/FDP_exp.t/FIREDRAKE.sol",
            "impact": "Informational",
            "line": 714,
            "message": "Variable FIREDRAKE._getValues(uint256).rTransferAmount (../..FIREDRAKE.sol#714) is too similar to FIREDRAKE._transferToExcluded(address,address,uint256).tTransferAmount (../..FIREDRAKE.sol#665)\n",
            "name": "similar-names"
        },
        {
            "confidence": "Medium",
            "filename": "/home/kaixuan/sast_study/solidity/smartbugs/samples/poc_shift/source_code_vuln/deliver/FDP_exp.t/FIREDRAKE.sol",
            "impact": "Informational",
            "line": 687,
            "message": "Variable FIREDRAKE._transferBothExcluded(address,address,uint256).rTransferAmount (../..FIREDRAKE.sol#687) is too similar to FIREDRAKE._transferToExcluded(address,address,uint256).tTransferAmount (../..FIREDRAKE.sol#665)\n",
            "name": "similar-names"
        },
        {
            "confidence": "Medium",
            "filename": "/home/kaixuan/sast_study/solidity/smartbugs/samples/poc_shift/source_code_vuln/deliver/FDP_exp.t/FIREDRAKE.sol",
            "impact": "Informational",
            "line": 687,
            "message": "Variable FIREDRAKE._transferBothExcluded(address,address,uint256).rTransferAmount (../..FIREDRAKE.sol#687) is too similar to FIREDRAKE._transferStandard(address,address,uint256).tTransferAmount (../..FIREDRAKE.sol#655)\n",
            "name": "similar-names"
        },
        {
            "confidence": "Medium",
            "filename": "/home/kaixuan/sast_study/solidity/smartbugs/samples/poc_shift/source_code_vuln/deliver/FDP_exp.t/FIREDRAKE.sol",
            "impact": "Informational",
            "line": 586,
            "message": "Variable FIREDRAKE.reflectionFromToken(uint256,bool).rTransferAmount (../..FIREDRAKE.sol#586) is too similar to FIREDRAKE._getValues(uint256).tTransferAmount (../..FIREDRAKE.sol#712)\n",
            "name": "similar-names"
        },
        {
            "confidence": "Medium",
            "filename": "/home/kaixuan/sast_study/solidity/smartbugs/samples/poc_shift/source_code_vuln/deliver/FDP_exp.t/FIREDRAKE.sol",
            "impact": "Informational",
            "line": 665,
            "message": "Variable FIREDRAKE._transferToExcluded(address,address,uint256).rTransferAmount (../..FIREDRAKE.sol#665) is too similar to FIREDRAKE._getTValues(uint256,uint256,uint256).tTransferAmount (../..FIREDRAKE.sol#728)\n",
            "name": "similar-names"
        },
        {
            "confidence": "Medium",
            "filename": "/home/kaixuan/sast_study/solidity/smartbugs/samples/poc_shift/source_code_vuln/deliver/FDP_exp.t/FIREDRAKE.sol",
            "impact": "Informational",
            "line": 676,
            "message": "Variable FIREDRAKE._transferFromExcluded(address,address,uint256).rTransferAmount (../..FIREDRAKE.sol#676) is too similar to FIREDRAKE._transferFromExcluded(address,address,uint256).tTransferAmount (../..FIREDRAKE.sol#676)\n",
            "name": "similar-names"
        },
        {
            "confidence": "Medium",
            "filename": "/home/kaixuan/sast_study/solidity/smartbugs/samples/poc_shift/source_code_vuln/deliver/FDP_exp.t/FIREDRAKE.sol",
            "impact": "Informational",
            "line": 687,
            "message": "Variable FIREDRAKE._transferBothExcluded(address,address,uint256).rTransferAmount (../..FIREDRAKE.sol#687) is too similar to FIREDRAKE._transferFromExcluded(address,address,uint256).tTransferAmount (../..FIREDRAKE.sol#676)\n",
            "name": "similar-names"
        },
        {
            "confidence": "Medium",
            "filename": "/home/kaixuan/sast_study/solidity/smartbugs/samples/poc_shift/source_code_vuln/deliver/FDP_exp.t/FIREDRAKE.sol",
            "impact": "Informational",
            "line": 655,
            "message": "Variable FIREDRAKE._transferStandard(address,address,uint256).rTransferAmount (../..FIREDRAKE.sol#655) is too similar to FIREDRAKE._transferBothExcluded(address,address,uint256).tTransferAmount (../..FIREDRAKE.sol#687)\n",
            "name": "similar-names"
        },
        {
            "confidence": "Medium",
            "filename": "/home/kaixuan/sast_study/solidity/smartbugs/samples/poc_shift/source_code_vuln/deliver/FDP_exp.t/FIREDRAKE.sol",
            "impact": "Informational",
            "line": 655,
            "message": "Variable FIREDRAKE._transferStandard(address,address,uint256).rTransferAmount (../..FIREDRAKE.sol#655) is too similar to FIREDRAKE._transferStandard(address,address,uint256).tTransferAmount (../..FIREDRAKE.sol#655)\n",
            "name": "similar-names"
        },
        {
            "confidence": "Medium",
            "filename": "/home/kaixuan/sast_study/solidity/smartbugs/samples/poc_shift/source_code_vuln/deliver/FDP_exp.t/FIREDRAKE.sol",
            "impact": "Informational",
            "line": 756,
            "message": "Variable FIREDRAKE._getRValues(uint256,uint256,uint256,uint256).rTransferAmount (../..FIREDRAKE.sol#756) is too similar to FIREDRAKE.transferOwnership(address).tTransferAmount (../..FIREDRAKE.sol#698)\n",
            "name": "similar-names"
        },
        {
            "confidence": "Medium",
            "filename": "/home/kaixuan/sast_study/solidity/smartbugs/samples/poc_shift/source_code_vuln/deliver/FDP_exp.t/FIREDRAKE.sol",
            "impact": "Informational",
            "line": 756,
            "message": "Variable FIREDRAKE._getRValues(uint256,uint256,uint256,uint256).rTransferAmount (../..FIREDRAKE.sol#756) is too similar to FIREDRAKE._transferFromExcluded(address,address,uint256).tTransferAmount (../..FIREDRAKE.sol#676)\n",
            "name": "similar-names"
        },
        {
            "confidence": "Medium",
            "filename": "/home/kaixuan/sast_study/solidity/smartbugs/samples/poc_shift/source_code_vuln/deliver/FDP_exp.t/FIREDRAKE.sol",
            "impact": "Informational",
            "line": 676,
            "message": "Variable FIREDRAKE._transferFromExcluded(address,address,uint256).rTransferAmount (../..FIREDRAKE.sol#676) is too similar to FIREDRAKE._getTValues(uint256,uint256,uint256).tTransferAmount (../..FIREDRAKE.sol#728)\n",
            "name": "similar-names"
        },
        {
            "confidence": "Medium",
            "contract": "/sb/FIREDRAKE.sol",
            "filename": "/home/kaixuan/sast_study/solidity/smartbugs/samples/poc_shift/source_code_vuln/deliver/FDP_exp.t/FIREDRAKE.sol",
            "function": "slitherConstructorVariables",
            "impact": "Informational",
            "line": 432,
            "line_end": 778,
            "message": "FIREDRAKE.slitherConstructorVariables() (../..FIREDRAKE.sol#432-778) uses literals with too many digits:\n\t- _tTotal = 1000000000000000 * 10 ** 8 (../..FIREDRAKE.sol#445)\n",
            "name": "too-many-digits"
        },
        {
            "confidence": "High",
            "filename": "/home/kaixuan/sast_study/solidity/smartbugs/samples/poc_shift/source_code_vuln/deliver/FDP_exp.t/FIREDRAKE.sol",
            "impact": "Optimization",
            "line": 768,
            "message": "Loop condition i < _excluded.length (../..FIREDRAKE.sol#768) should use cached array length instead of referencing `length` member of the storage array.\n ",
            "name": "cache-array-length"
        }
    ],
    "infos": [],
    "parser": {
        "id": "slither",
        "mode": "solidity",
        "version": "2022/11/14"
    }
}
