{
    "errors": [
        "Cannot compile the contract",
        "Contract \"./Context.sol\"; does NOT exist",
        "Contract \"/sb/Context.sol\" does NOT exist",
        "Contract /sb/ERC20.sol.sol:3:1: does NOT exist",
        "Contract ^---------------------^ does NOT exist",
        "Contract found. does NOT exist",
        "Contract found: does NOT exist",
        "Contract not does NOT exist"
    ],
    "fails": [],
    "findings": [],
    "infos": [],
    "parser": {
        "id": "maian",
        "mode": "solidity",
        "version": "2022/11/11"
    }
}
