{
    "errors": [
        "EXIT_CODE_1"
    ],
    "fails": [],
    "findings": [
        {
            "column": 1,
            "filename": "/home/kaixuan/sast_study/solidity/smartbugs/samples/poc_shift/source_code_vuln/flawed_stake/JumpFarm_exp/contracts/Staking.sol.sol",
            "level": "error",
            "line": 25,
            "message": "Compiler version 0.8.19 does not satisfy the ^0.5.8 semver requirement",
            "name": "compiler-version"
        },
        {
            "column": 1,
            "filename": "/home/kaixuan/sast_study/solidity/smartbugs/samples/poc_shift/source_code_vuln/flawed_stake/JumpFarm_exp/contracts/Staking.sol.sol",
            "level": "error",
            "line": 35,
            "message": "Compiler version ^0.8.0 does not satisfy the ^0.5.8 semver requirement",
            "name": "compiler-version"
        },
        {
            "column": 1,
            "filename": "/home/kaixuan/sast_study/solidity/smartbugs/samples/poc_shift/source_code_vuln/flawed_stake/JumpFarm_exp/contracts/Staking.sol.sol",
            "level": "error",
            "line": 122,
            "message": "Compiler version 0.8.19 does not satisfy the ^0.5.8 semver requirement",
            "name": "compiler-version"
        },
        {
            "column": 1,
            "filename": "/home/kaixuan/sast_study/solidity/smartbugs/samples/poc_shift/source_code_vuln/flawed_stake/JumpFarm_exp/contracts/Staking.sol.sol",
            "level": "error",
            "line": 138,
            "message": "Compiler version ^0.8.0 does not satisfy the ^0.5.8 semver requirement",
            "name": "compiler-version"
        },
        {
            "column": 1,
            "filename": "/home/kaixuan/sast_study/solidity/smartbugs/samples/poc_shift/source_code_vuln/flawed_stake/JumpFarm_exp/contracts/Staking.sol.sol",
            "level": "error",
            "line": 164,
            "message": "Compiler version ^0.8.0 does not satisfy the ^0.5.8 semver requirement",
            "name": "compiler-version"
        },
        {
            "column": 1,
            "filename": "/home/kaixuan/sast_study/solidity/smartbugs/samples/poc_shift/source_code_vuln/flawed_stake/JumpFarm_exp/contracts/Staking.sol.sol",
            "level": "error",
            "line": 188,
            "message": "Compiler version ^0.8.0 does not satisfy the ^0.5.8 semver requirement",
            "name": "compiler-version"
        },
        {
            "column": 5,
            "filename": "/home/kaixuan/sast_study/solidity/smartbugs/samples/poc_shift/source_code_vuln/flawed_stake/JumpFarm_exp/contracts/Staking.sol.sol",
            "level": "warning",
            "line": 213,
            "message": "Explicitly mark visibility in function (Set ignoreConstructors to true if using solidity >=0.7.0)",
            "name": "func-visibility"
        },
        {
            "column": 9,
            "filename": "/home/kaixuan/sast_study/solidity/smartbugs/samples/poc_shift/source_code_vuln/flawed_stake/JumpFarm_exp/contracts/Staking.sol.sol",
            "level": "warning",
            "line": 255,
            "message": "Error message for require is too long",
            "name": "reason-string"
        },
        {
            "column": 1,
            "filename": "/home/kaixuan/sast_study/solidity/smartbugs/samples/poc_shift/source_code_vuln/flawed_stake/JumpFarm_exp/contracts/Staking.sol.sol",
            "level": "error",
            "line": 273,
            "message": "Compiler version 0.8.19 does not satisfy the ^0.5.8 semver requirement",
            "name": "compiler-version"
        },
        {
            "column": 5,
            "filename": "/home/kaixuan/sast_study/solidity/smartbugs/samples/poc_shift/source_code_vuln/flawed_stake/JumpFarm_exp/contracts/Staking.sol.sol",
            "level": "warning",
            "line": 292,
            "message": "Variable name must be in mixedCase",
            "name": "var-name-mixedcase"
        },
        {
            "column": 5,
            "filename": "/home/kaixuan/sast_study/solidity/smartbugs/samples/poc_shift/source_code_vuln/flawed_stake/JumpFarm_exp/contracts/Staking.sol.sol",
            "level": "warning",
            "line": 308,
            "message": "Explicitly mark visibility in function (Set ignoreConstructors to true if using solidity >=0.7.0)",
            "name": "func-visibility"
        },
        {
            "column": 9,
            "filename": "/home/kaixuan/sast_study/solidity/smartbugs/samples/poc_shift/source_code_vuln/flawed_stake/JumpFarm_exp/contracts/Staking.sol.sol",
            "level": "warning",
            "line": 309,
            "message": "Variable name must be in mixedCase",
            "name": "var-name-mixedcase"
        },
        {
            "column": 18,
            "filename": "/home/kaixuan/sast_study/solidity/smartbugs/samples/poc_shift/source_code_vuln/flawed_stake/JumpFarm_exp/contracts/Staking.sol.sol",
            "level": "warning",
            "line": 322,
            "message": "Avoid making time-based decisions in your business logic",
            "name": "not-rely-on-time"
        },
        {
            "column": 9,
            "filename": "/home/kaixuan/sast_study/solidity/smartbugs/samples/poc_shift/source_code_vuln/flawed_stake/JumpFarm_exp/contracts/Staking.sol.sol",
            "level": "warning",
            "line": 344,
            "message": "Error message for require is too long",
            "name": "reason-string"
        },
        {
            "column": 26,
            "filename": "/home/kaixuan/sast_study/solidity/smartbugs/samples/poc_shift/source_code_vuln/flawed_stake/JumpFarm_exp/contracts/Staking.sol.sol",
            "level": "warning",
            "line": 353,
            "message": "Avoid making time-based decisions in your business logic",
            "name": "not-rely-on-time"
        },
        {
            "column": 28,
            "filename": "/home/kaixuan/sast_study/solidity/smartbugs/samples/poc_shift/source_code_vuln/flawed_stake/JumpFarm_exp/contracts/Staking.sol.sol",
            "level": "warning",
            "line": 399,
            "message": "Avoid making time-based decisions in your business logic",
            "name": "not-rely-on-time"
        }
    ],
    "infos": [],
    "parser": {
        "id": "solhint-3.3.8",
        "mode": "solidity",
        "version": "2023/02/12"
    }
}
