{
    "errors": [
        "EXIT_CODE_255"
    ],
    "fails": [],
    "findings": [
        {
            "confidence": "Medium",
            "contract": "/sb/ShadowFi.sol",
            "filename": "/home/kaixuan/sast_study/solidity/smartbugs/samples/poc_shift/source_code_vuln/burn_sync/Shadowfi_exp/ShadowFi.sol",
            "function": "swapBack",
            "impact": "High",
            "line": 758,
            "line_end": 809,
            "message": "ShadowFi.swapBack() (../..ShadowFi.sol#758-809) sends eth to arbitrary user\n\tDangerous calls:\n\t- address(marketingFeeReceiver).call{gas: 30000,value: amountBNBMarketing}() (../..ShadowFi.sol#786)\n",
            "name": "arbitrary-send-eth"
        },
        {
            "confidence": "Medium",
            "contract": "/sb/ShadowFi.sol",
            "filename": "/home/kaixuan/sast_study/solidity/smartbugs/samples/poc_shift/source_code_vuln/burn_sync/Shadowfi_exp/ShadowFi.sol",
            "function": "triggerBuyback",
            "impact": "High",
            "line": 811,
            "line_end": 818,
            "message": "Reentrancy in ShadowFi.triggerBuyback(uint256,bool) (../..ShadowFi.sol#811-818):\n\tExternal calls:\n\t- burn(msg.sender,amount) (../..ShadowFi.sol#813)\n\t\t- router.swapExactTokensForETHSupportingFeeOnTransferTokens(amountToSwap,0,path,address(this),block.timestamp) (../..ShadowFi.sol#769-808)\n\t\t- distributor.deposit{value: amountBNBReflection}() (../..ShadowFi.sol#785)\n\t\t- address(marketingFeeReceiver).call{gas: 30000,value: amountBNBMarketing}() (../..ShadowFi.sol#786)\n\t\t- distributor.setShare(sender,_balances[sender]) (../..ShadowFi.sol#689)\n\t\t- router.addLiquidityETH{value: amountBNBLiquidity}(address(this),amountToLiquify,0,0,autoLiquidityReceiver,block.timestamp) (../..ShadowFi.sol#789-800)\n\t\t- distributor.setShare(recipient,_balances[recipient]) (../..ShadowFi.sol#690)\n\t\t- distributor.process(distributorGas) (../..ShadowFi.sol#692)\n\tExternal calls sending eth:\n\t- burn(msg.sender,amount) (../..ShadowFi.sol#813)\n\t\t- distributor.deposit{value: amountBNBReflection}() (../..ShadowFi.sol#785)\n\t\t- address(marketingFeeReceiver).call{gas: 30000,value: amountBNBMarketing}() (../..ShadowFi.sol#786)\n\t\t- router.addLiquidityETH{value: amountBNBLiquidity}(address(this),amountToLiquify,0,0,autoLiquidityReceiver,block.timestamp) (../..ShadowFi.sol#789-800)\n\tState variables written after the call(s):\n\t- buybackMultiplierTriggeredAt = block.timestamp (../..ShadowFi.sol#815)\n\tShadowFi.buybackMultiplierTriggeredAt (../..ShadowFi.sol#588) can be used in cross function reentrancies:\n\t- ShadowFi.clearBuybackMultiplier() (../..ShadowFi.sol#820-822)\n\t- ShadowFi.getMultipliedFee() (../..ShadowFi.sol#727-732)\n\t- ShadowFi.getTotalFee(bool) (../..ShadowFi.sol#721-725)\n\t- ShadowFi.triggerBuyback(uint256,bool) (../..ShadowFi.sol#811-818)\n",
            "name": "reentrancy-eth"
        },
        {
            "confidence": "Medium",
            "contract": "/sb/ShadowFi.sol",
            "filename": "/home/kaixuan/sast_study/solidity/smartbugs/samples/poc_shift/source_code_vuln/burn_sync/Shadowfi_exp/ShadowFi.sol",
            "function": "_transferFrom",
            "impact": "High",
            "line": 669,
            "line_end": 696,
            "message": "Reentrancy in ShadowFi._transferFrom(address,address,uint256) (../..ShadowFi.sol#669-696):\n\tExternal calls:\n\t- swapBack() (../..ShadowFi.sol#680)\n\t\t- router.swapExactTokensForETHSupportingFeeOnTransferTokens(amountToSwap,0,path,address(this),block.timestamp) (../..ShadowFi.sol#769-808)\n\t\t- distributor.deposit{value: amountBNBReflection}() (../..ShadowFi.sol#785)\n\t\t- address(marketingFeeReceiver).call{gas: 30000,value: amountBNBMarketing}() (../..ShadowFi.sol#786)\n\t\t- router.addLiquidityETH{value: amountBNBLiquidity}(address(this),amountToLiquify,0,0,autoLiquidityReceiver,block.timestamp) (../..ShadowFi.sol#789-800)\n\tExternal calls sending eth:\n\t- swapBack() (../..ShadowFi.sol#680)\n\t\t- distributor.deposit{value: amountBNBReflection}() (../..ShadowFi.sol#785)\n\t\t- address(marketingFeeReceiver).call{gas: 30000,value: amountBNBMarketing}() (../..ShadowFi.sol#786)\n\t\t- router.addLiquidityETH{value: amountBNBLiquidity}(address(this),amountToLiquify,0,0,autoLiquidityReceiver,block.timestamp) (../..ShadowFi.sol#789-800)\n\tState variables written after the call(s):\n\t- _balances[sender] = _balances[sender].sub(amount,Insufficient Balance) (../..ShadowFi.sol#684)\n\tShadowFi._balances (../..ShadowFi.sol#556) can be used in cross function reentrancies:\n\t- ShadowFi._basicTransfer(address,address,uint256) (../..ShadowFi.sol#698-703)\n\t- ShadowFi._transferFrom(address,address,uint256) (../..ShadowFi.sol#669-696)\n\t- ShadowFi.balanceOf(address) (../..ShadowFi.sol#638)\n\t- ShadowFi.constructor(uint256) (../..ShadowFi.sol#603-629)\n\t- ShadowFi.setIsDividendExempt(address,bool) (../..ShadowFi.sol#864-873)\n\t- ShadowFi.shouldSwapBack() (../..ShadowFi.sol#751-756)\n\t- ShadowFi.takeFee(address,address,uint256) (../..ShadowFi.sol#734-741)\n\t- _balances[recipient] = _balances[recipient].add(amountReceived) (../..ShadowFi.sol#687)\n\tShadowFi._balances (../..ShadowFi.sol#556) can be used in cross function reentrancies:\n\t- ShadowFi._basicTransfer(address,address,uint256) (../..ShadowFi.sol#698-703)\n\t- ShadowFi._transferFrom(address,address,uint256) (../..ShadowFi.sol#669-696)\n\t- ShadowFi.balanceOf(address) (../..ShadowFi.sol#638)\n\t- ShadowFi.constructor(uint256) (../..ShadowFi.sol#603-629)\n\t- ShadowFi.setIsDividendExempt(address,bool) (../..ShadowFi.sol#864-873)\n\t- ShadowFi.shouldSwapBack() (../..ShadowFi.sol#751-756)\n\t- ShadowFi.takeFee(address,address,uint256) (../..ShadowFi.sol#734-741)\n\t- amountReceived = takeFee(sender,recipient,amount) (../..ShadowFi.sol#686)\n\t\t- _balances[address(this)] = _balances[address(this)].add(feeAmount) (../..ShadowFi.sol#737)\n\tShadowFi._balances (../..ShadowFi.sol#556) can be used in cross function reentrancies:\n\t- ShadowFi._basicTransfer(address,address,uint256) (../..ShadowFi.sol#698-703)\n\t- ShadowFi._transferFrom(address,address,uint256) (../..ShadowFi.sol#669-696)\n\t- ShadowFi.balanceOf(address) (../..ShadowFi.sol#638)\n\t- ShadowFi.constructor(uint256) (../..ShadowFi.sol#603-629)\n\t- ShadowFi.setIsDividendExempt(address,bool) (../..ShadowFi.sol#864-873)\n\t- ShadowFi.shouldSwapBack() (../..ShadowFi.sol#751-756)\n\t- ShadowFi.takeFee(address,address,uint256) (../..ShadowFi.sol#734-741)\n",
            "name": "reentrancy-eth"
        },
        {
            "confidence": "Medium",
            "contract": "/sb/ShadowFi.sol",
            "filename": "/home/kaixuan/sast_study/solidity/smartbugs/samples/poc_shift/source_code_vuln/burn_sync/Shadowfi_exp/ShadowFi.sol",
            "function": "distributeDividend",
            "impact": "High",
            "line": 496,
            "line_end": 507,
            "message": "DividendDistributor.distributeDividend(address) (../..ShadowFi.sol#496-507) ignores return value by BUSD.transfer(shareholder,amount) (../..ShadowFi.sol#502)\n",
            "name": "unchecked-transfer"
        },
        {
            "confidence": "Medium",
            "contract": "/sb/ShadowFi.sol",
            "filename": "/home/kaixuan/sast_study/solidity/smartbugs/samples/poc_shift/source_code_vuln/burn_sync/Shadowfi_exp/ShadowFi.sol",
            "function": "distributeDividend",
            "impact": "Medium",
            "line": 496,
            "line_end": 507,
            "message": "Reentrancy in DividendDistributor.distributeDividend(address) (../..ShadowFi.sol#496-507):\n\tExternal calls:\n\t- BUSD.transfer(shareholder,amount) (../..ShadowFi.sol#502)\n\tState variables written after the call(s):\n\t- shares[shareholder].totalRealised = shares[shareholder].totalRealised.add(amount) (../..ShadowFi.sol#504)\n\tDividendDistributor.shares (../..ShadowFi.sol#393) can be used in cross function reentrancies:\n\t- DividendDistributor.distributeDividend(address) (../..ShadowFi.sol#496-507)\n\t- DividendDistributor.getUnpaidEarnings(address) (../..ShadowFi.sol#513-522)\n\t- DividendDistributor.setShare(address,uint256) (../..ShadowFi.sol#429-443)\n\t- DividendDistributor.shares (../..ShadowFi.sol#393)\n\t- shares[shareholder].totalExcluded = getCumulativeDividends(shares[shareholder].amount) (../..ShadowFi.sol#505)\n\tDividendDistributor.shares (../..ShadowFi.sol#393) can be used in cross function reentrancies:\n\t- DividendDistributor.distributeDividend(address) (../..ShadowFi.sol#496-507)\n\t- DividendDistributor.getUnpaidEarnings(address) (../..ShadowFi.sol#513-522)\n\t- DividendDistributor.setShare(address,uint256) (../..ShadowFi.sol#429-443)\n\t- DividendDistributor.shares (../..ShadowFi.sol#393)\n",
            "name": "reentrancy-no-eth"
        },
        {
            "confidence": "Medium",
            "contract": "/sb/ShadowFi.sol",
            "filename": "/home/kaixuan/sast_study/solidity/smartbugs/samples/poc_shift/source_code_vuln/burn_sync/Shadowfi_exp/ShadowFi.sol",
            "function": "setShare",
            "impact": "Medium",
            "line": 429,
            "line_end": 443,
            "message": "Reentrancy in DividendDistributor.setShare(address,uint256) (../..ShadowFi.sol#429-443):\n\tExternal calls:\n\t- distributeDividend(shareholder) (../..ShadowFi.sol#431)\n\t\t- BUSD.transfer(shareholder,amount) (../..ShadowFi.sol#502)\n\tState variables written after the call(s):\n\t- shares[shareholder].amount = amount (../..ShadowFi.sol#441)\n\tDividendDistributor.shares (../..ShadowFi.sol#393) can be used in cross function reentrancies:\n\t- DividendDistributor.distributeDividend(address) (../..ShadowFi.sol#496-507)\n\t- DividendDistributor.getUnpaidEarnings(address) (../..ShadowFi.sol#513-522)\n\t- DividendDistributor.setShare(address,uint256) (../..ShadowFi.sol#429-443)\n\t- DividendDistributor.shares (../..ShadowFi.sol#393)\n\t- shares[shareholder].totalExcluded = getCumulativeDividends(shares[shareholder].amount) (../..ShadowFi.sol#442)\n\tDividendDistributor.shares (../..ShadowFi.sol#393) can be used in cross function reentrancies:\n\t- DividendDistributor.distributeDividend(address) (../..ShadowFi.sol#496-507)\n\t- DividendDistributor.getUnpaidEarnings(address) (../..ShadowFi.sol#513-522)\n\t- DividendDistributor.setShare(address,uint256) (../..ShadowFi.sol#429-443)\n\t- DividendDistributor.shares (../..ShadowFi.sol#393)\n",
            "name": "reentrancy-no-eth"
        },
        {
            "confidence": "Medium",
            "contract": "/sb/ShadowFi.sol",
            "filename": "/home/kaixuan/sast_study/solidity/smartbugs/samples/poc_shift/source_code_vuln/burn_sync/Shadowfi_exp/ShadowFi.sol",
            "function": "process",
            "impact": "Medium",
            "line": 465,
            "line_end": 489,
            "message": "Reentrancy in DividendDistributor.process(uint256) (../..ShadowFi.sol#465-489):\n\tExternal calls:\n\t- distributeDividend(shareholders[currentIndex]) (../..ShadowFi.sol#481)\n\t\t- BUSD.transfer(shareholder,amount) (../..ShadowFi.sol#502)\n\tState variables written after the call(s):\n\t- currentIndex = 0 (../..ShadowFi.sol#477)\n\tDividendDistributor.currentIndex (../..ShadowFi.sol#404) can be used in cross function reentrancies:\n\t- DividendDistributor.process(uint256) (../..ShadowFi.sol#465-489)\n\t- currentIndex ++ (../..ShadowFi.sol#486)\n\tDividendDistributor.currentIndex (../..ShadowFi.sol#404) can be used in cross function reentrancies:\n\t- DividendDistributor.process(uint256) (../..ShadowFi.sol#465-489)\n",
            "name": "reentrancy-no-eth"
        },
        {
            "confidence": "Medium",
            "contract": "/sb/ShadowFi.sol",
            "filename": "/home/kaixuan/sast_study/solidity/smartbugs/samples/poc_shift/source_code_vuln/burn_sync/Shadowfi_exp/ShadowFi.sol",
            "function": "swapBack",
            "impact": "Medium",
            "line": 758,
            "line_end": 809,
            "message": "ShadowFi.swapBack() (../..ShadowFi.sol#758-809) ignores return value by address(marketingFeeReceiver).call{gas: 30000,value: amountBNBMarketing}() (../..ShadowFi.sol#786)\n",
            "name": "unchecked-lowlevel"
        },
        {
            "confidence": "Medium",
            "contract": "/sb/ShadowFi.sol",
            "filename": "/home/kaixuan/sast_study/solidity/smartbugs/samples/poc_shift/source_code_vuln/burn_sync/Shadowfi_exp/ShadowFi.sol",
            "function": "swapBack",
            "impact": "Medium",
            "line": 758,
            "line_end": 809,
            "message": "ShadowFi.swapBack() (../..ShadowFi.sol#758-809) ignores return value by router.addLiquidityETH{value: amountBNBLiquidity}(address(this),amountToLiquify,0,0,autoLiquidityReceiver,block.timestamp) (../..ShadowFi.sol#789-800)\n",
            "name": "unused-return"
        },
        {
            "confidence": "Medium",
            "contract": "/sb/ShadowFi.sol",
            "filename": "/home/kaixuan/sast_study/solidity/smartbugs/samples/poc_shift/source_code_vuln/burn_sync/Shadowfi_exp/ShadowFi.sol",
            "function": "setLaunchedAt",
            "impact": "Low",
            "line": 947,
            "line_end": 949,
            "message": "ShadowFi.setLaunchedAt(uint256) (../..ShadowFi.sol#947-949) should emit an event for: \n\t- launchedAt = launched_ (../..ShadowFi.sol#948) \n",
            "name": "events-maths"
        },
        {
            "confidence": "Medium",
            "contract": "/sb/ShadowFi.sol",
            "filename": "/home/kaixuan/sast_study/solidity/smartbugs/samples/poc_shift/source_code_vuln/burn_sync/Shadowfi_exp/ShadowFi.sol",
            "function": "setSwapBackSettings",
            "impact": "Low",
            "line": 900,
            "line_end": 903,
            "message": "ShadowFi.setSwapBackSettings(bool,uint256) (../..ShadowFi.sol#900-903) should emit an event for: \n\t- swapThreshold = _amount (../..ShadowFi.sol#902) \n",
            "name": "events-maths"
        },
        {
            "confidence": "Medium",
            "contract": "/sb/ShadowFi.sol",
            "filename": "/home/kaixuan/sast_study/solidity/smartbugs/samples/poc_shift/source_code_vuln/burn_sync/Shadowfi_exp/ShadowFi.sol",
            "function": "setTargetLiquidity",
            "impact": "Low",
            "line": 905,
            "line_end": 908,
            "message": "ShadowFi.setTargetLiquidity(uint256,uint256) (../..ShadowFi.sol#905-908) should emit an event for: \n\t- targetLiquidity = _target (../..ShadowFi.sol#906) \n\t- targetLiquidityDenominator = _denominator (../..ShadowFi.sol#907) \n",
            "name": "events-maths"
        },
        {
            "confidence": "Medium",
            "contract": "/sb/ShadowFi.sol",
            "filename": "/home/kaixuan/sast_study/solidity/smartbugs/samples/poc_shift/source_code_vuln/burn_sync/Shadowfi_exp/ShadowFi.sol",
            "function": "setBuybackMultiplierSettings",
            "impact": "Low",
            "line": 843,
            "line_end": 848,
            "message": "ShadowFi.setBuybackMultiplierSettings(uint256,uint256,uint256) (../..ShadowFi.sol#843-848) should emit an event for: \n\t- buybackMultiplierNumerator = numerator (../..ShadowFi.sol#845) \n\t- buybackMultiplierDenominator = denominator (../..ShadowFi.sol#846) \n\t- buybackMultiplierLength = length (../..ShadowFi.sol#847) \n",
            "name": "events-maths"
        },
        {
            "confidence": "Medium",
            "contract": "/sb/ShadowFi.sol",
            "filename": "/home/kaixuan/sast_study/solidity/smartbugs/samples/poc_shift/source_code_vuln/burn_sync/Shadowfi_exp/ShadowFi.sol",
            "function": "setFees",
            "impact": "Low",
            "line": 883,
            "line_end": 893,
            "message": "ShadowFi.setFees(uint256,uint256,uint256,uint256,uint256,uint256) (../..ShadowFi.sol#883-893) should emit an event for: \n\t- liquidityFee = _liquidityFee (../..ShadowFi.sol#884) \n\t- reflectionFee = _reflectionFee (../..ShadowFi.sol#886) \n\t- marketingFee = _marketingFee (../..ShadowFi.sol#887) \n\t- totalBuyFee = _liquidityFee.add(_buybackFee).add(_reflectionFee).add(_marketingFee) (../..ShadowFi.sol#888) \n\t- feeDenominator = _feeDenominator (../..ShadowFi.sol#889) \n\t- totalSellFee = _totalSellFee (../..ShadowFi.sol#890) \n",
            "name": "events-maths"
        },
        {
            "confidence": "Medium",
            "contract": "/sb/ShadowFi.sol",
            "filename": "/home/kaixuan/sast_study/solidity/smartbugs/samples/poc_shift/source_code_vuln/burn_sync/Shadowfi_exp/ShadowFi.sol",
            "function": "setTxLimit",
            "impact": "Low",
            "line": 859,
            "line_end": 862,
            "message": "ShadowFi.setTxLimit(uint256) (../..ShadowFi.sol#859-862) should emit an event for: \n\t- _maxTxAmount = amount (../..ShadowFi.sol#861) \n",
            "name": "events-maths"
        },
        {
            "confidence": "Medium",
            "contract": "/sb/ShadowFi.sol",
            "filename": "/home/kaixuan/sast_study/solidity/smartbugs/samples/poc_shift/source_code_vuln/burn_sync/Shadowfi_exp/ShadowFi.sol",
            "function": "setDistributionCriteria",
            "impact": "Low",
            "line": 424,
            "line_end": 427,
            "message": "DividendDistributor.setDistributionCriteria(uint256,uint256) (../..ShadowFi.sol#424-427) should emit an event for: \n\t- minPeriod = _minPeriod (../..ShadowFi.sol#425) \n\t- minDistribution = _minDistribution (../..ShadowFi.sol#426) \n",
            "name": "events-maths"
        },
        {
            "confidence": "Medium",
            "filename": "/home/kaixuan/sast_study/solidity/smartbugs/samples/poc_shift/source_code_vuln/burn_sync/Shadowfi_exp/ShadowFi.sol",
            "impact": "Low",
            "line": 308,
            "message": "ShadowAuth.transferOwnership(address).adr (../..ShadowFi.sol#308) lacks a zero-check on :\n\t\t- owner = adr (../..ShadowFi.sol#310)\n",
            "name": "missing-zero-check"
        },
        {
            "confidence": "Medium",
            "filename": "/home/kaixuan/sast_study/solidity/smartbugs/samples/poc_shift/source_code_vuln/burn_sync/Shadowfi_exp/ShadowFi.sol",
            "impact": "Low",
            "line": 611,
            "message": "ShadowFi.constructor(uint256).owner_ (../..ShadowFi.sol#611) lacks a zero-check on :\n\t\t- autoLiquidityReceiver = owner_ (../..ShadowFi.sol#622)\n\t\t- marketingFeeReceiver = owner_ (../..ShadowFi.sol#623)\n",
            "name": "missing-zero-check"
        },
        {
            "confidence": "Medium",
            "filename": "/home/kaixuan/sast_study/solidity/smartbugs/samples/poc_shift/source_code_vuln/burn_sync/Shadowfi_exp/ShadowFi.sol",
            "impact": "Low",
            "line": 895,
            "message": "ShadowFi.setFeeReceivers(address,address)._marketingFeeReceiver (../..ShadowFi.sol#895) lacks a zero-check on :\n\t\t- marketingFeeReceiver = _marketingFeeReceiver (../..ShadowFi.sol#897)\n",
            "name": "missing-zero-check"
        },
        {
            "confidence": "Medium",
            "filename": "/home/kaixuan/sast_study/solidity/smartbugs/samples/poc_shift/source_code_vuln/burn_sync/Shadowfi_exp/ShadowFi.sol",
            "impact": "Low",
            "line": 895,
            "message": "ShadowFi.setFeeReceivers(address,address)._autoLiquidityReceiver (../..ShadowFi.sol#895) lacks a zero-check on :\n\t\t- autoLiquidityReceiver = _autoLiquidityReceiver (../..ShadowFi.sol#896)\n",
            "name": "missing-zero-check"
        },
        {
            "confidence": "Medium",
            "contract": "/sb/ShadowFi.sol",
            "filename": "/home/kaixuan/sast_study/solidity/smartbugs/samples/poc_shift/source_code_vuln/burn_sync/Shadowfi_exp/ShadowFi.sol",
            "function": "distributeDividend",
            "impact": "Low",
            "line": 496,
            "line_end": 507,
            "message": "DividendDistributor.distributeDividend(address) (../..ShadowFi.sol#496-507) has external calls inside a loop: BUSD.transfer(shareholder,amount) (../..ShadowFi.sol#502)\n",
            "name": "calls-loop"
        },
        {
            "confidence": "Medium",
            "contract": "/sb/ShadowFi.sol",
            "filename": "/home/kaixuan/sast_study/solidity/smartbugs/samples/poc_shift/source_code_vuln/burn_sync/Shadowfi_exp/ShadowFi.sol",
            "function": "_transferFrom",
            "impact": "Low",
            "line": 669,
            "line_end": 696,
            "message": "Reentrancy in ShadowFi._transferFrom(address,address,uint256) (../..ShadowFi.sol#669-696):\n\tExternal calls:\n\t- swapBack() (../..ShadowFi.sol#680)\n\t\t- router.swapExactTokensForETHSupportingFeeOnTransferTokens(amountToSwap,0,path,address(this),block.timestamp) (../..ShadowFi.sol#769-808)\n\t\t- distributor.deposit{value: amountBNBReflection}() (../..ShadowFi.sol#785)\n\t\t- address(marketingFeeReceiver).call{gas: 30000,value: amountBNBMarketing}() (../..ShadowFi.sol#786)\n\t\t- router.addLiquidityETH{value: amountBNBLiquidity}(address(this),amountToLiquify,0,0,autoLiquidityReceiver,block.timestamp) (../..ShadowFi.sol#789-800)\n\tExternal calls sending eth:\n\t- swapBack() (../..ShadowFi.sol#680)\n\t\t- distributor.deposit{value: amountBNBReflection}() (../..ShadowFi.sol#785)\n\t\t- address(marketingFeeReceiver).call{gas: 30000,value: amountBNBMarketing}() (../..ShadowFi.sol#786)\n\t\t- router.addLiquidityETH{value: amountBNBLiquidity}(address(this),amountToLiquify,0,0,autoLiquidityReceiver,block.timestamp) (../..ShadowFi.sol#789-800)\n\tState variables written after the call(s):\n\t- launch() (../..ShadowFi.sol#682)\n\t\t- launchedAt = block.number (../..ShadowFi.sol#855)\n",
            "name": "reentrancy-benign"
        },
        {
            "confidence": "Medium",
            "contract": "/sb/ShadowFi.sol",
            "filename": "/home/kaixuan/sast_study/solidity/smartbugs/samples/poc_shift/source_code_vuln/burn_sync/Shadowfi_exp/ShadowFi.sol",
            "function": "setShare",
            "impact": "Low",
            "line": 429,
            "line_end": 443,
            "message": "Reentrancy in DividendDistributor.setShare(address,uint256) (../..ShadowFi.sol#429-443):\n\tExternal calls:\n\t- distributeDividend(shareholder) (../..ShadowFi.sol#431)\n\t\t- BUSD.transfer(shareholder,amount) (../..ShadowFi.sol#502)\n\tState variables written after the call(s):\n\t- addShareholder(shareholder) (../..ShadowFi.sol#435)\n\t\t- shareholderIndexes[shareholder] = shareholders.length (../..ShadowFi.sol#529)\n\t- removeShareholder(shareholder) (../..ShadowFi.sol#437)\n\t\t- shareholderIndexes[shareholders[shareholders.length - 1]] = shareholderIndexes[shareholder] (../..ShadowFi.sol#535)\n\t- addShareholder(shareholder) (../..ShadowFi.sol#435)\n\t\t- shareholders.push(shareholder) (../..ShadowFi.sol#530)\n\t- removeShareholder(shareholder) (../..ShadowFi.sol#437)\n\t\t- shareholders[shareholderIndexes[shareholder]] = shareholders[shareholders.length - 1] (../..ShadowFi.sol#534)\n\t\t- shareholders.pop() (../..ShadowFi.sol#536)\n\t- totalShares = totalShares.sub(shares[shareholder].amount).add(amount) (../..ShadowFi.sol#440)\n",
            "name": "reentrancy-benign"
        },
        {
            "confidence": "Medium",
            "contract": "/sb/ShadowFi.sol",
            "filename": "/home/kaixuan/sast_study/solidity/smartbugs/samples/poc_shift/source_code_vuln/burn_sync/Shadowfi_exp/ShadowFi.sol",
            "function": "distributeDividend",
            "impact": "Low",
            "line": 496,
            "line_end": 507,
            "message": "Reentrancy in DividendDistributor.distributeDividend(address) (../..ShadowFi.sol#496-507):\n\tExternal calls:\n\t- BUSD.transfer(shareholder,amount) (../..ShadowFi.sol#502)\n\tState variables written after the call(s):\n\t- shareholderClaims[shareholder] = block.timestamp (../..ShadowFi.sol#503)\n",
            "name": "reentrancy-benign"
        },
        {
            "confidence": "Medium",
            "contract": "/sb/ShadowFi.sol",
            "filename": "/home/kaixuan/sast_study/solidity/smartbugs/samples/poc_shift/source_code_vuln/burn_sync/Shadowfi_exp/ShadowFi.sol",
            "function": "deposit",
            "impact": "Low",
            "line": 445,
            "line_end": 463,
            "message": "Reentrancy in DividendDistributor.deposit() (../..ShadowFi.sol#445-463):\n\tExternal calls:\n\t- router.swapExactETHForTokensSupportingFeeOnTransferTokens{value: msg.value}(0,path,address(this),block.timestamp) (../..ShadowFi.sol#452-457)\n\tState variables written after the call(s):\n\t- dividendsPerShare = dividendsPerShare.add(dividendsPerShareAccuracyFactor.mul(amount).div(totalShares)) (../..ShadowFi.sol#462)\n\t- totalDividends = totalDividends.add(amount) (../..ShadowFi.sol#461)\n",
            "name": "reentrancy-benign"
        },
        {
            "confidence": "Medium",
            "contract": "/sb/ShadowFi.sol",
            "filename": "/home/kaixuan/sast_study/solidity/smartbugs/samples/poc_shift/source_code_vuln/burn_sync/Shadowfi_exp/ShadowFi.sol",
            "function": "airdrop",
            "impact": "Low",
            "line": 964,
            "line_end": 969,
            "message": "Reentrancy in ShadowFi.airdrop(address,uint256) (../..ShadowFi.sol#964-969):\n\tExternal calls:\n\t- _transferFrom(msg.sender,_user,_amount) (../..ShadowFi.sol#965)\n\t\t- router.swapExactTokensForETHSupportingFeeOnTransferTokens(amountToSwap,0,path,address(this),block.timestamp) (../..ShadowFi.sol#769-808)\n\t\t- distributor.deposit{value: amountBNBReflection}() (../..ShadowFi.sol#785)\n\t\t- address(marketingFeeReceiver).call{gas: 30000,value: amountBNBMarketing}() (../..ShadowFi.sol#786)\n\t\t- distributor.setShare(sender,_balances[sender]) (../..ShadowFi.sol#689)\n\t\t- router.addLiquidityETH{value: amountBNBLiquidity}(address(this),amountToLiquify,0,0,autoLiquidityReceiver,block.timestamp) (../..ShadowFi.sol#789-800)\n\t\t- distributor.setShare(recipient,_balances[recipient]) (../..ShadowFi.sol#690)\n\t\t- distributor.process(distributorGas) (../..ShadowFi.sol#692)\n\tExternal calls sending eth:\n\t- _transferFrom(msg.sender,_user,_amount) (../..ShadowFi.sol#965)\n\t\t- distributor.deposit{value: amountBNBReflection}() (../..ShadowFi.sol#785)\n\t\t- address(marketingFeeReceiver).call{gas: 30000,value: amountBNBMarketing}() (../..ShadowFi.sol#786)\n\t\t- router.addLiquidityETH{value: amountBNBLiquidity}(address(this),amountToLiquify,0,0,autoLiquidityReceiver,block.timestamp) (../..ShadowFi.sol#789-800)\n\tState variables written after the call(s):\n\t- airdropped[_user] = true (../..ShadowFi.sol#966)\n",
            "name": "reentrancy-benign"
        },
        {
            "confidence": "Medium",
            "contract": "/sb/ShadowFi.sol",
            "filename": "/home/kaixuan/sast_study/solidity/smartbugs/samples/poc_shift/source_code_vuln/burn_sync/Shadowfi_exp/ShadowFi.sol",
            "function": "airdrop",
            "impact": "Low",
            "line": 964,
            "line_end": 969,
            "message": "Reentrancy in ShadowFi.airdrop(address,uint256) (../..ShadowFi.sol#964-969):\n\tExternal calls:\n\t- _transferFrom(msg.sender,_user,_amount) (../..ShadowFi.sol#965)\n\t\t- router.swapExactTokensForETHSupportingFeeOnTransferTokens(amountToSwap,0,path,address(this),block.timestamp) (../..ShadowFi.sol#769-808)\n\t\t- distributor.deposit{value: amountBNBReflection}() (../..ShadowFi.sol#785)\n\t\t- address(marketingFeeReceiver).call{gas: 30000,value: amountBNBMarketing}() (../..ShadowFi.sol#786)\n\t\t- distributor.setShare(sender,_balances[sender]) (../..ShadowFi.sol#689)\n\t\t- router.addLiquidityETH{value: amountBNBLiquidity}(address(this),amountToLiquify,0,0,autoLiquidityReceiver,block.timestamp) (../..ShadowFi.sol#789-800)\n\t\t- distributor.setShare(recipient,_balances[recipient]) (../..ShadowFi.sol#690)\n\t\t- distributor.process(distributorGas) (../..ShadowFi.sol#692)\n\tExternal calls sending eth:\n\t- _transferFrom(msg.sender,_user,_amount) (../..ShadowFi.sol#965)\n\t\t- distributor.deposit{value: amountBNBReflection}() (../..ShadowFi.sol#785)\n\t\t- address(marketingFeeReceiver).call{gas: 30000,value: amountBNBMarketing}() (../..ShadowFi.sol#786)\n\t\t- router.addLiquidityETH{value: amountBNBLiquidity}(address(this),amountToLiquify,0,0,autoLiquidityReceiver,block.timestamp) (../..ShadowFi.sol#789-800)\n\tEvent emitted after the call(s):\n\t- airdropTokens(_user,_amount) (../..ShadowFi.sol#968)\n",
            "name": "reentrancy-events"
        },
        {
            "confidence": "Medium",
            "contract": "/sb/ShadowFi.sol",
            "filename": "/home/kaixuan/sast_study/solidity/smartbugs/samples/poc_shift/source_code_vuln/burn_sync/Shadowfi_exp/ShadowFi.sol",
            "function": "_transferFrom",
            "impact": "Low",
            "line": 669,
            "line_end": 696,
            "message": "Reentrancy in ShadowFi._transferFrom(address,address,uint256) (../..ShadowFi.sol#669-696):\n\tExternal calls:\n\t- swapBack() (../..ShadowFi.sol#680)\n\t\t- router.swapExactTokensForETHSupportingFeeOnTransferTokens(amountToSwap,0,path,address(this),block.timestamp) (../..ShadowFi.sol#769-808)\n\t\t- distributor.deposit{value: amountBNBReflection}() (../..ShadowFi.sol#785)\n\t\t- address(marketingFeeReceiver).call{gas: 30000,value: amountBNBMarketing}() (../..ShadowFi.sol#786)\n\t\t- router.addLiquidityETH{value: amountBNBLiquidity}(address(this),amountToLiquify,0,0,autoLiquidityReceiver,block.timestamp) (../..ShadowFi.sol#789-800)\n\t- distributor.setShare(sender,_balances[sender]) (../..ShadowFi.sol#689)\n\t- distributor.setShare(recipient,_balances[recipient]) (../..ShadowFi.sol#690)\n\t- distributor.process(distributorGas) (../..ShadowFi.sol#692)\n\tExternal calls sending eth:\n\t- swapBack() (../..ShadowFi.sol#680)\n\t\t- distributor.deposit{value: amountBNBReflection}() (../..ShadowFi.sol#785)\n\t\t- address(marketingFeeReceiver).call{gas: 30000,value: amountBNBMarketing}() (../..ShadowFi.sol#786)\n\t\t- router.addLiquidityETH{value: amountBNBLiquidity}(address(this),amountToLiquify,0,0,autoLiquidityReceiver,block.timestamp) (../..ShadowFi.sol#789-800)\n\tEvent emitted after the call(s):\n\t- Transfer(sender,recipient,amountReceived) (../..ShadowFi.sol#694)\n",
            "name": "reentrancy-events"
        },
        {
            "confidence": "Medium",
            "contract": "/sb/ShadowFi.sol",
            "filename": "/home/kaixuan/sast_study/solidity/smartbugs/samples/poc_shift/source_code_vuln/burn_sync/Shadowfi_exp/ShadowFi.sol",
            "function": "buyTokens",
            "impact": "Low",
            "line": 824,
            "line_end": 841,
            "message": "Reentrancy in ShadowFi.buyTokens(uint256,address) (../..ShadowFi.sol#824-841):\n\tExternal calls:\n\t- router.swapExactETHForTokensSupportingFeeOnTransferTokens{value: amount}(0,path,to,block.timestamp) (../..ShadowFi.sol#829-840)\n\tEvent emitted after the call(s):\n\t- BoughtBack(amount,to) (../..ShadowFi.sol#835)\n",
            "name": "reentrancy-events"
        },
        {
            "confidence": "Medium",
            "contract": "/sb/ShadowFi.sol",
            "filename": "/home/kaixuan/sast_study/solidity/smartbugs/samples/poc_shift/source_code_vuln/burn_sync/Shadowfi_exp/ShadowFi.sol",
            "function": "burn",
            "impact": "Low",
            "line": 958,
            "line_end": 962,
            "message": "Reentrancy in ShadowFi.burn(address,uint256) (../..ShadowFi.sol#958-962):\n\tExternal calls:\n\t- _transferFrom(account,DEAD,_amount) (../..ShadowFi.sol#959)\n\t\t- router.swapExactTokensForETHSupportingFeeOnTransferTokens(amountToSwap,0,path,address(this),block.timestamp) (../..ShadowFi.sol#769-808)\n\t\t- distributor.deposit{value: amountBNBReflection}() (../..ShadowFi.sol#785)\n\t\t- address(marketingFeeReceiver).call{gas: 30000,value: amountBNBMarketing}() (../..ShadowFi.sol#786)\n\t\t- distributor.setShare(sender,_balances[sender]) (../..ShadowFi.sol#689)\n\t\t- router.addLiquidityETH{value: amountBNBLiquidity}(address(this),amountToLiquify,0,0,autoLiquidityReceiver,block.timestamp) (../..ShadowFi.sol#789-800)\n\t\t- distributor.setShare(recipient,_balances[recipient]) (../..ShadowFi.sol#690)\n\t\t- distributor.process(distributorGas) (../..ShadowFi.sol#692)\n\tExternal calls sending eth:\n\t- _transferFrom(account,DEAD,_amount) (../..ShadowFi.sol#959)\n\t\t- distributor.deposit{value: amountBNBReflection}() (../..ShadowFi.sol#785)\n\t\t- address(marketingFeeReceiver).call{gas: 30000,value: amountBNBMarketing}() (../..ShadowFi.sol#786)\n\t\t- router.addLiquidityETH{value: amountBNBLiquidity}(address(this),amountToLiquify,0,0,autoLiquidityReceiver,block.timestamp) (../..ShadowFi.sol#789-800)\n\tEvent emitted after the call(s):\n\t- burnTokens(account,_amount) (../..ShadowFi.sol#961)\n",
            "name": "reentrancy-events"
        },
        {
            "confidence": "Medium",
            "contract": "/sb/ShadowFi.sol",
            "filename": "/home/kaixuan/sast_study/solidity/smartbugs/samples/poc_shift/source_code_vuln/burn_sync/Shadowfi_exp/ShadowFi.sol",
            "function": "triggerBuyback",
            "impact": "Low",
            "line": 811,
            "line_end": 818,
            "message": "Reentrancy in ShadowFi.triggerBuyback(uint256,bool) (../..ShadowFi.sol#811-818):\n\tExternal calls:\n\t- burn(msg.sender,amount) (../..ShadowFi.sol#813)\n\t\t- router.swapExactTokensForETHSupportingFeeOnTransferTokens(amountToSwap,0,path,address(this),block.timestamp) (../..ShadowFi.sol#769-808)\n\t\t- distributor.deposit{value: amountBNBReflection}() (../..ShadowFi.sol#785)\n\t\t- address(marketingFeeReceiver).call{gas: 30000,value: amountBNBMarketing}() (../..ShadowFi.sol#786)\n\t\t- distributor.setShare(sender,_balances[sender]) (../..ShadowFi.sol#689)\n\t\t- router.addLiquidityETH{value: amountBNBLiquidity}(address(this),amountToLiquify,0,0,autoLiquidityReceiver,block.timestamp) (../..ShadowFi.sol#789-800)\n\t\t- distributor.setShare(recipient,_balances[recipient]) (../..ShadowFi.sol#690)\n\t\t- distributor.process(distributorGas) (../..ShadowFi.sol#692)\n\tExternal calls sending eth:\n\t- burn(msg.sender,amount) (../..ShadowFi.sol#813)\n\t\t- distributor.deposit{value: amountBNBReflection}() (../..ShadowFi.sol#785)\n\t\t- address(marketingFeeReceiver).call{gas: 30000,value: amountBNBMarketing}() (../..ShadowFi.sol#786)\n\t\t- router.addLiquidityETH{value: amountBNBLiquidity}(address(this),amountToLiquify,0,0,autoLiquidityReceiver,block.timestamp) (../..ShadowFi.sol#789-800)\n\tEvent emitted after the call(s):\n\t- BuybackMultiplierActive(buybackMultiplierLength) (../..ShadowFi.sol#816)\n",
            "name": "reentrancy-events"
        },
        {
            "confidence": "Medium",
            "contract": "/sb/ShadowFi.sol",
            "filename": "/home/kaixuan/sast_study/solidity/smartbugs/samples/poc_shift/source_code_vuln/burn_sync/Shadowfi_exp/ShadowFi.sol",
            "function": "swapBack",
            "impact": "Low",
            "line": 758,
            "line_end": 809,
            "message": "Reentrancy in ShadowFi.swapBack() (../..ShadowFi.sol#758-809):\n\tExternal calls:\n\t- router.swapExactTokensForETHSupportingFeeOnTransferTokens(amountToSwap,0,path,address(this),block.timestamp) (../..ShadowFi.sol#769-808)\n\t- distributor.deposit{value: amountBNBReflection}() (../..ShadowFi.sol#785)\n\t- address(marketingFeeReceiver).call{gas: 30000,value: amountBNBMarketing}() (../..ShadowFi.sol#786)\n\t- router.addLiquidityETH{value: amountBNBLiquidity}(address(this),amountToLiquify,0,0,autoLiquidityReceiver,block.timestamp) (../..ShadowFi.sol#789-800)\n\tExternal calls sending eth:\n\t- distributor.deposit{value: amountBNBReflection}() (../..ShadowFi.sol#785)\n\t- address(marketingFeeReceiver).call{gas: 30000,value: amountBNBMarketing}() (../..ShadowFi.sol#786)\n\t- router.addLiquidityETH{value: amountBNBLiquidity}(address(this),amountToLiquify,0,0,autoLiquidityReceiver,block.timestamp) (../..ShadowFi.sol#789-800)\n\tEvent emitted after the call(s):\n\t- AutoLiquify(amountToLiquify,amountBNBLiquidity) (../..ShadowFi.sol#797)\n\t- AutoLiquify(0,0) (../..ShadowFi.sol#799)\n\t- SwapBackSuccess(amountToSwap) (../..ShadowFi.sol#803)\n",
            "name": "reentrancy-events"
        },
        {
            "confidence": "Medium",
            "contract": "/sb/ShadowFi.sol",
            "filename": "/home/kaixuan/sast_study/solidity/smartbugs/samples/poc_shift/source_code_vuln/burn_sync/Shadowfi_exp/ShadowFi.sol",
            "function": "_transferFrom",
            "impact": "Low",
            "line": 669,
            "line_end": 696,
            "message": "Reentrancy in ShadowFi._transferFrom(address,address,uint256) (../..ShadowFi.sol#669-696):\n\tExternal calls:\n\t- swapBack() (../..ShadowFi.sol#680)\n\t\t- router.swapExactTokensForETHSupportingFeeOnTransferTokens(amountToSwap,0,path,address(this),block.timestamp) (../..ShadowFi.sol#769-808)\n\t\t- distributor.deposit{value: amountBNBReflection}() (../..ShadowFi.sol#785)\n\t\t- address(marketingFeeReceiver).call{gas: 30000,value: amountBNBMarketing}() (../..ShadowFi.sol#786)\n\t\t- router.addLiquidityETH{value: amountBNBLiquidity}(address(this),amountToLiquify,0,0,autoLiquidityReceiver,block.timestamp) (../..ShadowFi.sol#789-800)\n\tExternal calls sending eth:\n\t- swapBack() (../..ShadowFi.sol#680)\n\t\t- distributor.deposit{value: amountBNBReflection}() (../..ShadowFi.sol#785)\n\t\t- address(marketingFeeReceiver).call{gas: 30000,value: amountBNBMarketing}() (../..ShadowFi.sol#786)\n\t\t- router.addLiquidityETH{value: amountBNBLiquidity}(address(this),amountToLiquify,0,0,autoLiquidityReceiver,block.timestamp) (../..ShadowFi.sol#789-800)\n\tEvent emitted after the call(s):\n\t- Launched(block.number,block.timestamp) (../..ShadowFi.sol#856)\n\t\t- launch() (../..ShadowFi.sol#682)\n\t- Transfer(sender,address(this),feeAmount) (../..ShadowFi.sol#738)\n\t\t- amountReceived = takeFee(sender,recipient,amount) (../..ShadowFi.sol#686)\n",
            "name": "reentrancy-events"
        },
        {
            "confidence": "Medium",
            "contract": "/sb/ShadowFi.sol",
            "filename": "/home/kaixuan/sast_study/solidity/smartbugs/samples/poc_shift/source_code_vuln/burn_sync/Shadowfi_exp/ShadowFi.sol",
            "function": "swapBack",
            "impact": "Low",
            "line": 758,
            "line_end": 809,
            "message": "Reentrancy in ShadowFi.swapBack() (../..ShadowFi.sol#758-809):\n\tExternal calls:\n\t- router.swapExactTokensForETHSupportingFeeOnTransferTokens(amountToSwap,0,path,address(this),block.timestamp) (../..ShadowFi.sol#769-808)\n\tEvent emitted after the call(s):\n\t- SwapBackFailed(string(abi.encodePacked(SwapBack failed with error ,e))) (../..ShadowFi.sol#805)\n\t- SwapBackFailed(SwapBack failed without an error message from pancakeSwap) (../..ShadowFi.sol#807)\n",
            "name": "reentrancy-events"
        },
        {
            "confidence": "Medium",
            "contract": "/sb/ShadowFi.sol",
            "filename": "/home/kaixuan/sast_study/solidity/smartbugs/samples/poc_shift/source_code_vuln/burn_sync/Shadowfi_exp/ShadowFi.sol",
            "function": "swapBack",
            "impact": "Low",
            "line": 758,
            "line_end": 809,
            "message": "ShadowFi.swapBack() (../..ShadowFi.sol#758-809) tries to limit the gas of an external call that controls implicit decoding\n\taddress(marketingFeeReceiver).call{gas: 30000,value: amountBNBMarketing}() (../..ShadowFi.sol#786)\n",
            "name": "return-bomb"
        },
        {
            "confidence": "Medium",
            "contract": "/sb/ShadowFi.sol",
            "filename": "/home/kaixuan/sast_study/solidity/smartbugs/samples/poc_shift/source_code_vuln/burn_sync/Shadowfi_exp/ShadowFi.sol",
            "function": "getTotalFee",
            "impact": "Low",
            "line": 721,
            "line_end": 725,
            "message": "ShadowFi.getTotalFee(bool) (../..ShadowFi.sol#721-725) uses timestamp for comparisons\n\tDangerous comparisons:\n\t- selling && buybackMultiplierTriggeredAt.add(buybackMultiplierLength) > block.timestamp (../..ShadowFi.sol#723)\n",
            "name": "timestamp"
        },
        {
            "confidence": "Medium",
            "contract": "/sb/ShadowFi.sol",
            "filename": "/home/kaixuan/sast_study/solidity/smartbugs/samples/poc_shift/source_code_vuln/burn_sync/Shadowfi_exp/ShadowFi.sol",
            "function": "isOverLiquified",
            "impact": "Low",
            "line": 927,
            "line_end": 929,
            "message": "ShadowFi.isOverLiquified(uint256,uint256) (../..ShadowFi.sol#927-929) uses timestamp for comparisons\n\tDangerous comparisons:\n\t- getLiquidityBacking(accuracy) > target (../..ShadowFi.sol#928)\n",
            "name": "timestamp"
        },
        {
            "confidence": "Medium",
            "contract": "/sb/ShadowFi.sol",
            "filename": "/home/kaixuan/sast_study/solidity/smartbugs/samples/poc_shift/source_code_vuln/burn_sync/Shadowfi_exp/ShadowFi.sol",
            "function": "shouldSwapBack",
            "impact": "Low",
            "line": 751,
            "line_end": 756,
            "message": "ShadowFi.shouldSwapBack() (../..ShadowFi.sol#751-756) uses timestamp for comparisons\n\tDangerous comparisons:\n\t- msg.sender != pancakeV2BNBPair && ! inSwap && swapEnabled && _balances[address(this)] >= swapThreshold (../..ShadowFi.sol#752-755)\n",
            "name": "timestamp"
        },
        {
            "confidence": "Medium",
            "contract": "/sb/ShadowFi.sol",
            "filename": "/home/kaixuan/sast_study/solidity/smartbugs/samples/poc_shift/source_code_vuln/burn_sync/Shadowfi_exp/ShadowFi.sol",
            "function": "_transferFrom",
            "impact": "Low",
            "line": 669,
            "line_end": 696,
            "message": "ShadowFi._transferFrom(address,address,uint256) (../..ShadowFi.sol#669-696) uses timestamp for comparisons\n\tDangerous comparisons:\n\t- require(bool,string)(block.timestamp > transferBlockTime,Transfers have not been enabled yet.) (../..ShadowFi.sol#671)\n\t- require(bool)(_balances[sender] > 0) (../..ShadowFi.sol#682)\n",
            "name": "timestamp"
        },
        {
            "confidence": "Medium",
            "contract": "/sb/ShadowFi.sol",
            "filename": "/home/kaixuan/sast_study/solidity/smartbugs/samples/poc_shift/source_code_vuln/burn_sync/Shadowfi_exp/ShadowFi.sol",
            "function": "unlockPermission",
            "impact": "Low",
            "line": 352,
            "line_end": 357,
            "message": "ShadowAuth.unlockPermission(string) (../..ShadowFi.sol#352-357) uses timestamp for comparisons\n\tDangerous comparisons:\n\t- require(bool,string)(block.timestamp > getPermissionUnlockTime(permissionName),Permission is locked until the expiry time.) (../..ShadowFi.sol#353)\n",
            "name": "timestamp"
        },
        {
            "confidence": "Medium",
            "contract": "/sb/ShadowFi.sol",
            "filename": "/home/kaixuan/sast_study/solidity/smartbugs/samples/poc_shift/source_code_vuln/burn_sync/Shadowfi_exp/ShadowFi.sol",
            "function": "shouldDistribute",
            "impact": "Low",
            "line": 491,
            "line_end": 494,
            "message": "DividendDistributor.shouldDistribute(address) (../..ShadowFi.sol#491-494) uses timestamp for comparisons\n\tDangerous comparisons:\n\t- shareholderClaims[shareholder] + minPeriod < block.timestamp && getUnpaidEarnings(shareholder) > minDistribution (../..ShadowFi.sol#492-493)\n",
            "name": "timestamp"
        },
        {
            "confidence": "Medium",
            "contract": "/sb/ShadowFi.sol",
            "filename": "/home/kaixuan/sast_study/solidity/smartbugs/samples/poc_shift/source_code_vuln/burn_sync/Shadowfi_exp/ShadowFi.sol",
            "function": "approve",
            "impact": "Low",
            "line": 641,
            "line_end": 651,
            "message": "ShadowFi.approve(address,uint256) (../..ShadowFi.sol#641-651) uses timestamp for comparisons\n\tDangerous comparisons:\n\t- require(bool,string)(block.timestamp > transferBlockTime,Transfers have not been enabled yet.) (../..ShadowFi.sol#643)\n",
            "name": "timestamp"
        },
        {
            "confidence": "Medium",
            "contract": "/sb/ShadowFi.sol",
            "filename": "/home/kaixuan/sast_study/solidity/smartbugs/samples/poc_shift/source_code_vuln/burn_sync/Shadowfi_exp/ShadowFi.sol",
            "function": "process",
            "impact": "Informational",
            "line": 465,
            "line_end": 489,
            "message": "DividendDistributor.process(uint256) (../..ShadowFi.sol#465-489) has costly operations inside a loop:\n\t- currentIndex ++ (../..ShadowFi.sol#486)\n",
            "name": "costly-loop"
        },
        {
            "confidence": "Medium",
            "contract": "/sb/ShadowFi.sol",
            "filename": "/home/kaixuan/sast_study/solidity/smartbugs/samples/poc_shift/source_code_vuln/burn_sync/Shadowfi_exp/ShadowFi.sol",
            "function": "process",
            "impact": "Informational",
            "line": 465,
            "line_end": 489,
            "message": "DividendDistributor.process(uint256) (../..ShadowFi.sol#465-489) has costly operations inside a loop:\n\t- currentIndex = 0 (../..ShadowFi.sol#477)\n",
            "name": "costly-loop"
        },
        {
            "confidence": "Medium",
            "contract": "/sb/ShadowFi.sol",
            "filename": "/home/kaixuan/sast_study/solidity/smartbugs/samples/poc_shift/source_code_vuln/burn_sync/Shadowfi_exp/ShadowFi.sol",
            "function": "distributeDividend",
            "impact": "Informational",
            "line": 496,
            "line_end": 507,
            "message": "DividendDistributor.distributeDividend(address) (../..ShadowFi.sol#496-507) has costly operations inside a loop:\n\t- totalDistributed = totalDistributed.add(amount) (../..ShadowFi.sol#501)\n",
            "name": "costly-loop"
        },
        {
            "confidence": "High",
            "contract": "/sb/ShadowFi.sol",
            "filename": "/home/kaixuan/sast_study/solidity/smartbugs/samples/poc_shift/source_code_vuln/burn_sync/Shadowfi_exp/ShadowFi.sol",
            "function": "_transferFrom",
            "impact": "Informational",
            "line": 669,
            "line_end": 696,
            "message": "ShadowFi._transferFrom(address,address,uint256) (../..ShadowFi.sol#669-696) has a high cyclomatic complexity (13).\n",
            "name": "cyclomatic-complexity"
        },
        {
            "confidence": "Medium",
            "contract": "/sb/ShadowFi.sol",
            "filename": "/home/kaixuan/sast_study/solidity/smartbugs/samples/poc_shift/source_code_vuln/burn_sync/Shadowfi_exp/ShadowFi.sol",
            "function": "buyTokens",
            "impact": "Informational",
            "line": 824,
            "line_end": 841,
            "message": "ShadowFi.buyTokens(uint256,address) (../..ShadowFi.sol#824-841) is never used and should be removed\n",
            "name": "dead-code"
        },
        {
            "confidence": "High",
            "filename": "/home/kaixuan/sast_study/solidity/smartbugs/samples/poc_shift/source_code_vuln/burn_sync/Shadowfi_exp/ShadowFi.sol",
            "impact": "Informational",
            "line": 597,
            "message": "ShadowFi.swapThreshold (../..ShadowFi.sol#597) is set pre-construction with a non-constant function or state variable:\n\t- _totalSupply / 5000\n",
            "name": "function-init-state"
        },
        {
            "confidence": "High",
            "filename": "/home/kaixuan/sast_study/solidity/smartbugs/samples/poc_shift/source_code_vuln/burn_sync/Shadowfi_exp/ShadowFi.sol",
            "impact": "Informational",
            "line": 554,
            "message": "ShadowFi._maxTxAmount (../..ShadowFi.sol#554) is set pre-construction with a non-constant function or state variable:\n\t- _maxSupply / 1000\n",
            "name": "function-init-state"
        },
        {
            "confidence": "High",
            "filename": "/home/kaixuan/sast_study/solidity/smartbugs/samples/poc_shift/source_code_vuln/burn_sync/Shadowfi_exp/ShadowFi.sol",
            "impact": "Informational",
            "message": "solc-0.8.25 is not recommended for deployment\n",
            "name": "solc-version"
        },
        {
            "confidence": "High",
            "filename": "/home/kaixuan/sast_study/solidity/smartbugs/samples/poc_shift/source_code_vuln/burn_sync/Shadowfi_exp/ShadowFi.sol",
            "impact": "Informational",
            "line": 60,
            "message": "Pragma version^0.8.4 (../..ShadowFi.sol#60) allows old versions\n",
            "name": "solc-version"
        },
        {
            "confidence": "High",
            "contract": "/sb/ShadowFi.sol",
            "filename": "/home/kaixuan/sast_study/solidity/smartbugs/samples/poc_shift/source_code_vuln/burn_sync/Shadowfi_exp/ShadowFi.sol",
            "function": "swapBack",
            "impact": "Informational",
            "line": 758,
            "line_end": 809,
            "message": "Low level call in ShadowFi.swapBack() (../..ShadowFi.sol#758-809):\n\t- address(marketingFeeReceiver).call{gas: 30000,value: amountBNBMarketing}() (../..ShadowFi.sol#786)\n",
            "name": "low-level-calls"
        },
        {
            "confidence": "High",
            "filename": "/home/kaixuan/sast_study/solidity/smartbugs/samples/poc_shift/source_code_vuln/burn_sync/Shadowfi_exp/ShadowFi.sol",
            "impact": "Informational",
            "line": 895,
            "message": "Parameter ShadowFi.setFeeReceivers(address,address)._marketingFeeReceiver (../..ShadowFi.sol#895) is not in mixedCase\n",
            "name": "naming-convention"
        },
        {
            "confidence": "High",
            "filename": "/home/kaixuan/sast_study/solidity/smartbugs/samples/poc_shift/source_code_vuln/burn_sync/Shadowfi_exp/ShadowFi.sol",
            "impact": "Informational",
            "line": 985,
            "message": "Event ShadowFi.burnTokens(address,uint256) (../..ShadowFi.sol#985) is not in CapWords\n",
            "name": "naming-convention"
        },
        {
            "confidence": "High",
            "filename": "/home/kaixuan/sast_study/solidity/smartbugs/samples/poc_shift/source_code_vuln/burn_sync/Shadowfi_exp/ShadowFi.sol",
            "impact": "Informational",
            "line": 548,
            "message": "Constant ShadowFi._name (../..ShadowFi.sol#548) is not in UPPER_CASE_WITH_UNDERSCORES\n",
            "name": "naming-convention"
        },
        {
            "confidence": "High",
            "filename": "/home/kaixuan/sast_study/solidity/smartbugs/samples/poc_shift/source_code_vuln/burn_sync/Shadowfi_exp/ShadowFi.sol",
            "impact": "Informational",
            "line": 883,
            "message": "Parameter ShadowFi.setFees(uint256,uint256,uint256,uint256,uint256,uint256)._reflectionFee (../..ShadowFi.sol#883) is not in mixedCase\n",
            "name": "naming-convention"
        },
        {
            "confidence": "High",
            "contract": "/sb/ShadowFi.sol",
            "filename": "/home/kaixuan/sast_study/solidity/smartbugs/samples/poc_shift/source_code_vuln/burn_sync/Shadowfi_exp/ShadowFi.sol",
            "function": "WETH",
            "impact": "Informational",
            "line": 128,
            "message": "Function IDEXRouter.WETH() (../..ShadowFi.sol#128) is not in mixedCase\n",
            "name": "naming-convention"
        },
        {
            "confidence": "High",
            "filename": "/home/kaixuan/sast_study/solidity/smartbugs/samples/poc_shift/source_code_vuln/burn_sync/Shadowfi_exp/ShadowFi.sol",
            "impact": "Informational",
            "line": 883,
            "message": "Parameter ShadowFi.setFees(uint256,uint256,uint256,uint256,uint256,uint256)._marketingFee (../..ShadowFi.sol#883) is not in mixedCase\n",
            "name": "naming-convention"
        },
        {
            "confidence": "High",
            "filename": "/home/kaixuan/sast_study/solidity/smartbugs/samples/poc_shift/source_code_vuln/burn_sync/Shadowfi_exp/ShadowFi.sol",
            "impact": "Informational",
            "line": 883,
            "message": "Parameter ShadowFi.setFees(uint256,uint256,uint256,uint256,uint256,uint256)._liquidityFee (../..ShadowFi.sol#883) is not in mixedCase\n",
            "name": "naming-convention"
        },
        {
            "confidence": "High",
            "filename": "/home/kaixuan/sast_study/solidity/smartbugs/samples/poc_shift/source_code_vuln/burn_sync/Shadowfi_exp/ShadowFi.sol",
            "impact": "Informational",
            "line": 545,
            "message": "Variable ShadowFi.DEAD (../..ShadowFi.sol#545) is not in mixedCase\n",
            "name": "naming-convention"
        },
        {
            "confidence": "High",
            "filename": "/home/kaixuan/sast_study/solidity/smartbugs/samples/poc_shift/source_code_vuln/burn_sync/Shadowfi_exp/ShadowFi.sol",
            "impact": "Informational",
            "line": 905,
            "message": "Parameter ShadowFi.setTargetLiquidity(uint256,uint256)._target (../..ShadowFi.sol#905) is not in mixedCase\n",
            "name": "naming-convention"
        },
        {
            "confidence": "High",
            "filename": "/home/kaixuan/sast_study/solidity/smartbugs/samples/poc_shift/source_code_vuln/burn_sync/Shadowfi_exp/ShadowFi.sol",
            "impact": "Informational",
            "line": 883,
            "message": "Parameter ShadowFi.setFees(uint256,uint256,uint256,uint256,uint256,uint256)._feeDenominator (../..ShadowFi.sol#883) is not in mixedCase\n",
            "name": "naming-convention"
        },
        {
            "confidence": "High",
            "filename": "/home/kaixuan/sast_study/solidity/smartbugs/samples/poc_shift/source_code_vuln/burn_sync/Shadowfi_exp/ShadowFi.sol",
            "impact": "Informational",
            "line": 543,
            "message": "Variable ShadowFi.BUSD (../..ShadowFi.sol#543) is not in mixedCase\n",
            "name": "naming-convention"
        },
        {
            "confidence": "High",
            "filename": "/home/kaixuan/sast_study/solidity/smartbugs/samples/poc_shift/source_code_vuln/burn_sync/Shadowfi_exp/ShadowFi.sol",
            "impact": "Informational",
            "line": 905,
            "message": "Parameter ShadowFi.setTargetLiquidity(uint256,uint256)._denominator (../..ShadowFi.sol#905) is not in mixedCase\n",
            "name": "naming-convention"
        },
        {
            "confidence": "High",
            "filename": "/home/kaixuan/sast_study/solidity/smartbugs/samples/poc_shift/source_code_vuln/burn_sync/Shadowfi_exp/ShadowFi.sol",
            "impact": "Informational",
            "line": 546,
            "message": "Variable ShadowFi.ZERO (../..ShadowFi.sol#546) is not in mixedCase\n",
            "name": "naming-convention"
        },
        {
            "confidence": "High",
            "filename": "/home/kaixuan/sast_study/solidity/smartbugs/samples/poc_shift/source_code_vuln/burn_sync/Shadowfi_exp/ShadowFi.sol",
            "impact": "Informational",
            "line": 900,
            "message": "Parameter ShadowFi.setSwapBackSettings(bool,uint256)._enabled (../..ShadowFi.sol#900) is not in mixedCase\n",
            "name": "naming-convention"
        },
        {
            "confidence": "High",
            "filename": "/home/kaixuan/sast_study/solidity/smartbugs/samples/poc_shift/source_code_vuln/burn_sync/Shadowfi_exp/ShadowFi.sol",
            "impact": "Informational",
            "line": 958,
            "message": "Parameter ShadowFi.burn(address,uint256)._amount (../..ShadowFi.sol#958) is not in mixedCase\n",
            "name": "naming-convention"
        },
        {
            "confidence": "High",
            "filename": "/home/kaixuan/sast_study/solidity/smartbugs/samples/poc_shift/source_code_vuln/burn_sync/Shadowfi_exp/ShadowFi.sol",
            "impact": "Informational",
            "line": 910,
            "message": "Parameter ShadowFi.setDistributionCriteria(uint256,uint256)._minDistribution (../..ShadowFi.sol#910) is not in mixedCase\n",
            "name": "naming-convention"
        },
        {
            "confidence": "High",
            "filename": "/home/kaixuan/sast_study/solidity/smartbugs/samples/poc_shift/source_code_vuln/burn_sync/Shadowfi_exp/ShadowFi.sol",
            "impact": "Informational",
            "line": 385,
            "message": "Variable DividendDistributor.BUSD (../..ShadowFi.sol#385) is not in mixedCase\n",
            "name": "naming-convention"
        },
        {
            "confidence": "High",
            "filename": "/home/kaixuan/sast_study/solidity/smartbugs/samples/poc_shift/source_code_vuln/burn_sync/Shadowfi_exp/ShadowFi.sol",
            "impact": "Informational",
            "line": 895,
            "message": "Parameter ShadowFi.setFeeReceivers(address,address)._autoLiquidityReceiver (../..ShadowFi.sol#895) is not in mixedCase\n",
            "name": "naming-convention"
        },
        {
            "confidence": "High",
            "filename": "/home/kaixuan/sast_study/solidity/smartbugs/samples/poc_shift/source_code_vuln/burn_sync/Shadowfi_exp/ShadowFi.sol",
            "impact": "Informational",
            "line": 986,
            "message": "Event ShadowFi.airdropTokens(address,uint256) (../..ShadowFi.sol#986) is not in CapWords\n",
            "name": "naming-convention"
        },
        {
            "confidence": "High",
            "filename": "/home/kaixuan/sast_study/solidity/smartbugs/samples/poc_shift/source_code_vuln/burn_sync/Shadowfi_exp/ShadowFi.sol",
            "impact": "Informational",
            "line": 900,
            "message": "Parameter ShadowFi.setSwapBackSettings(bool,uint256)._amount (../..ShadowFi.sol#900) is not in mixedCase\n",
            "name": "naming-convention"
        },
        {
            "confidence": "High",
            "filename": "/home/kaixuan/sast_study/solidity/smartbugs/samples/poc_shift/source_code_vuln/burn_sync/Shadowfi_exp/ShadowFi.sol",
            "impact": "Informational",
            "line": 883,
            "message": "Parameter ShadowFi.setFees(uint256,uint256,uint256,uint256,uint256,uint256)._totalSellFee (../..ShadowFi.sol#883) is not in mixedCase\n",
            "name": "naming-convention"
        },
        {
            "confidence": "High",
            "filename": "/home/kaixuan/sast_study/solidity/smartbugs/samples/poc_shift/source_code_vuln/burn_sync/Shadowfi_exp/ShadowFi.sol",
            "impact": "Informational",
            "line": 550,
            "message": "Constant ShadowFi._decimals (../..ShadowFi.sol#550) is not in UPPER_CASE_WITH_UNDERSCORES\n",
            "name": "naming-convention"
        },
        {
            "confidence": "High",
            "filename": "/home/kaixuan/sast_study/solidity/smartbugs/samples/poc_shift/source_code_vuln/burn_sync/Shadowfi_exp/ShadowFi.sol",
            "impact": "Informational",
            "line": 883,
            "message": "Parameter ShadowFi.setFees(uint256,uint256,uint256,uint256,uint256,uint256)._buybackFee (../..ShadowFi.sol#883) is not in mixedCase\n",
            "name": "naming-convention"
        },
        {
            "confidence": "High",
            "filename": "/home/kaixuan/sast_study/solidity/smartbugs/samples/poc_shift/source_code_vuln/burn_sync/Shadowfi_exp/ShadowFi.sol",
            "impact": "Informational",
            "line": 554,
            "message": "Variable ShadowFi._maxTxAmount (../..ShadowFi.sol#554) is not in mixedCase\n",
            "name": "naming-convention"
        },
        {
            "confidence": "High",
            "filename": "/home/kaixuan/sast_study/solidity/smartbugs/samples/poc_shift/source_code_vuln/burn_sync/Shadowfi_exp/ShadowFi.sol",
            "impact": "Informational",
            "line": 964,
            "message": "Parameter ShadowFi.airdrop(address,uint256)._amount (../..ShadowFi.sol#964) is not in mixedCase\n",
            "name": "naming-convention"
        },
        {
            "confidence": "High",
            "filename": "/home/kaixuan/sast_study/solidity/smartbugs/samples/poc_shift/source_code_vuln/burn_sync/Shadowfi_exp/ShadowFi.sol",
            "impact": "Informational",
            "line": 544,
            "message": "Variable ShadowFi.WBNB (../..ShadowFi.sol#544) is not in mixedCase\n",
            "name": "naming-convention"
        },
        {
            "confidence": "High",
            "filename": "/home/kaixuan/sast_study/solidity/smartbugs/samples/poc_shift/source_code_vuln/burn_sync/Shadowfi_exp/ShadowFi.sol",
            "impact": "Informational",
            "line": 943,
            "message": "Parameter ShadowFi.setFeesOnNormalTransfers(bool)._enabled (../..ShadowFi.sol#943) is not in mixedCase\n",
            "name": "naming-convention"
        },
        {
            "confidence": "High",
            "filename": "/home/kaixuan/sast_study/solidity/smartbugs/samples/poc_shift/source_code_vuln/burn_sync/Shadowfi_exp/ShadowFi.sol",
            "impact": "Informational",
            "line": 424,
            "message": "Parameter DividendDistributor.setDistributionCriteria(uint256,uint256)._minDistribution (../..ShadowFi.sol#424) is not in mixedCase\n",
            "name": "naming-convention"
        },
        {
            "confidence": "High",
            "filename": "/home/kaixuan/sast_study/solidity/smartbugs/samples/poc_shift/source_code_vuln/burn_sync/Shadowfi_exp/ShadowFi.sol",
            "impact": "Informational",
            "line": 424,
            "message": "Parameter DividendDistributor.setDistributionCriteria(uint256,uint256)._minPeriod (../..ShadowFi.sol#424) is not in mixedCase\n",
            "name": "naming-convention"
        },
        {
            "confidence": "High",
            "filename": "/home/kaixuan/sast_study/solidity/smartbugs/samples/poc_shift/source_code_vuln/burn_sync/Shadowfi_exp/ShadowFi.sol",
            "impact": "Informational",
            "line": 549,
            "message": "Constant ShadowFi._symbol (../..ShadowFi.sol#549) is not in UPPER_CASE_WITH_UNDERSCORES\n",
            "name": "naming-convention"
        },
        {
            "confidence": "High",
            "filename": "/home/kaixuan/sast_study/solidity/smartbugs/samples/poc_shift/source_code_vuln/burn_sync/Shadowfi_exp/ShadowFi.sol",
            "impact": "Informational",
            "line": 386,
            "message": "Variable DividendDistributor.WBNB (../..ShadowFi.sol#386) is not in mixedCase\n",
            "name": "naming-convention"
        },
        {
            "confidence": "High",
            "filename": "/home/kaixuan/sast_study/solidity/smartbugs/samples/poc_shift/source_code_vuln/burn_sync/Shadowfi_exp/ShadowFi.sol",
            "impact": "Informational",
            "line": 910,
            "message": "Parameter ShadowFi.setDistributionCriteria(uint256,uint256)._minPeriod (../..ShadowFi.sol#910) is not in mixedCase\n",
            "name": "naming-convention"
        },
        {
            "confidence": "High",
            "filename": "/home/kaixuan/sast_study/solidity/smartbugs/samples/poc_shift/source_code_vuln/burn_sync/Shadowfi_exp/ShadowFi.sol",
            "impact": "Informational",
            "line": 964,
            "message": "Parameter ShadowFi.airdrop(address,uint256)._user (../..ShadowFi.sol#964) is not in mixedCase\n",
            "name": "naming-convention"
        },
        {
            "confidence": "Medium",
            "filename": "/home/kaixuan/sast_study/solidity/smartbugs/samples/poc_shift/source_code_vuln/burn_sync/Shadowfi_exp/ShadowFi.sol",
            "impact": "Informational",
            "line": 133,
            "message": "Variable IDEXRouter.addLiquidity(address,address,uint256,uint256,uint256,uint256,address,uint256).amountADesired (../..ShadowFi.sol#133) is too similar to IDEXRouter.addLiquidity(address,address,uint256,uint256,uint256,uint256,address,uint256).amountBDesired (../..ShadowFi.sol#134)\n",
            "name": "similar-names"
        },
        {
            "confidence": "Medium",
            "contract": "/sb/ShadowFi.sol",
            "filename": "/home/kaixuan/sast_study/solidity/smartbugs/samples/poc_shift/source_code_vuln/burn_sync/Shadowfi_exp/ShadowFi.sol",
            "function": "setDistributorSettings",
            "impact": "Informational",
            "line": 914,
            "line_end": 917,
            "message": "ShadowFi.setDistributorSettings(uint256) (../..ShadowFi.sol#914-917) uses literals with too many digits:\n\t- require(bool)(gas <= 1000000) (../..ShadowFi.sol#915)\n",
            "name": "too-many-digits"
        },
        {
            "confidence": "Medium",
            "contract": "/sb/ShadowFi.sol",
            "filename": "/home/kaixuan/sast_study/solidity/smartbugs/samples/poc_shift/source_code_vuln/burn_sync/Shadowfi_exp/ShadowFi.sol",
            "function": "slitherConstructorVariables",
            "impact": "Informational",
            "line": 540,
            "line_end": 988,
            "message": "ShadowFi.slitherConstructorVariables() (../..ShadowFi.sol#540-988) uses literals with too many digits:\n\t- distributorGas = 500000 (../..ShadowFi.sol#594)\n",
            "name": "too-many-digits"
        },
        {
            "confidence": "High",
            "filename": "/home/kaixuan/sast_study/solidity/smartbugs/samples/poc_shift/source_code_vuln/burn_sync/Shadowfi_exp/ShadowFi.sol",
            "impact": "Informational",
            "line": 543,
            "message": "ShadowFi.BUSD (../..ShadowFi.sol#543) is never used in ShadowFi (../..ShadowFi.sol#540-988)\n",
            "name": "unused-state"
        },
        {
            "confidence": "High",
            "filename": "/home/kaixuan/sast_study/solidity/smartbugs/samples/poc_shift/source_code_vuln/burn_sync/Shadowfi_exp/ShadowFi.sol",
            "impact": "Optimization",
            "line": 553,
            "message": "ShadowFi._maxSupply (../..ShadowFi.sol#553) should be constant \n",
            "name": "constable-states"
        },
        {
            "confidence": "High",
            "filename": "/home/kaixuan/sast_study/solidity/smartbugs/samples/poc_shift/source_code_vuln/burn_sync/Shadowfi_exp/ShadowFi.sol",
            "impact": "Optimization",
            "line": 546,
            "message": "ShadowFi.ZERO (../..ShadowFi.sol#546) should be constant \n",
            "name": "constable-states"
        },
        {
            "confidence": "High",
            "filename": "/home/kaixuan/sast_study/solidity/smartbugs/samples/poc_shift/source_code_vuln/burn_sync/Shadowfi_exp/ShadowFi.sol",
            "impact": "Optimization",
            "line": 399,
            "message": "DividendDistributor.dividendsPerShareAccuracyFactor (../..ShadowFi.sol#399) should be constant \n",
            "name": "constable-states"
        },
        {
            "confidence": "High",
            "filename": "/home/kaixuan/sast_study/solidity/smartbugs/samples/poc_shift/source_code_vuln/burn_sync/Shadowfi_exp/ShadowFi.sol",
            "impact": "Optimization",
            "line": 552,
            "message": "ShadowFi._totalSupply (../..ShadowFi.sol#552) should be constant \n",
            "name": "constable-states"
        },
        {
            "confidence": "High",
            "filename": "/home/kaixuan/sast_study/solidity/smartbugs/samples/poc_shift/source_code_vuln/burn_sync/Shadowfi_exp/ShadowFi.sol",
            "impact": "Optimization",
            "line": 385,
            "message": "DividendDistributor.BUSD (../..ShadowFi.sol#385) should be constant \n",
            "name": "constable-states"
        },
        {
            "confidence": "High",
            "filename": "/home/kaixuan/sast_study/solidity/smartbugs/samples/poc_shift/source_code_vuln/burn_sync/Shadowfi_exp/ShadowFi.sol",
            "impact": "Optimization",
            "line": 544,
            "message": "ShadowFi.WBNB (../..ShadowFi.sol#544) should be constant \n",
            "name": "constable-states"
        },
        {
            "confidence": "High",
            "filename": "/home/kaixuan/sast_study/solidity/smartbugs/samples/poc_shift/source_code_vuln/burn_sync/Shadowfi_exp/ShadowFi.sol",
            "impact": "Optimization",
            "line": 545,
            "message": "ShadowFi.DEAD (../..ShadowFi.sol#545) should be constant \n",
            "name": "constable-states"
        },
        {
            "confidence": "High",
            "filename": "/home/kaixuan/sast_study/solidity/smartbugs/samples/poc_shift/source_code_vuln/burn_sync/Shadowfi_exp/ShadowFi.sol",
            "impact": "Optimization",
            "line": 386,
            "message": "DividendDistributor.WBNB (../..ShadowFi.sol#386) should be constant \n",
            "name": "constable-states"
        },
        {
            "confidence": "High",
            "filename": "/home/kaixuan/sast_study/solidity/smartbugs/samples/poc_shift/source_code_vuln/burn_sync/Shadowfi_exp/ShadowFi.sol",
            "impact": "Optimization",
            "line": 543,
            "message": "ShadowFi.BUSD (../..ShadowFi.sol#543) should be constant \n",
            "name": "constable-states"
        },
        {
            "confidence": "High",
            "filename": "/home/kaixuan/sast_study/solidity/smartbugs/samples/poc_shift/source_code_vuln/burn_sync/Shadowfi_exp/ShadowFi.sol",
            "impact": "Optimization",
            "line": 377,
            "message": "DividendDistributor._token (../..ShadowFi.sol#377) should be immutable \n",
            "name": "immutable-states"
        },
        {
            "confidence": "High",
            "filename": "/home/kaixuan/sast_study/solidity/smartbugs/samples/poc_shift/source_code_vuln/burn_sync/Shadowfi_exp/ShadowFi.sol",
            "impact": "Optimization",
            "line": 581,
            "message": "ShadowFi.pancakeV2BNBPair (../..ShadowFi.sol#581) should be immutable \n",
            "name": "immutable-states"
        },
        {
            "confidence": "High",
            "filename": "/home/kaixuan/sast_study/solidity/smartbugs/samples/poc_shift/source_code_vuln/burn_sync/Shadowfi_exp/ShadowFi.sol",
            "impact": "Optimization",
            "line": 593,
            "message": "ShadowFi.distributor (../..ShadowFi.sol#593) should be immutable \n",
            "name": "immutable-states"
        },
        {
            "confidence": "High",
            "filename": "/home/kaixuan/sast_study/solidity/smartbugs/samples/poc_shift/source_code_vuln/burn_sync/Shadowfi_exp/ShadowFi.sol",
            "impact": "Optimization",
            "line": 601,
            "message": "ShadowFi.transferBlockTime (../..ShadowFi.sol#601) should be immutable \n",
            "name": "immutable-states"
        },
        {
            "confidence": "High",
            "filename": "/home/kaixuan/sast_study/solidity/smartbugs/samples/poc_shift/source_code_vuln/burn_sync/Shadowfi_exp/ShadowFi.sol",
            "impact": "Optimization",
            "line": 387,
            "message": "DividendDistributor.router (../..ShadowFi.sol#387) should be immutable \n",
            "name": "immutable-states"
        },
        {
            "confidence": "High",
            "filename": "/home/kaixuan/sast_study/solidity/smartbugs/samples/poc_shift/source_code_vuln/burn_sync/Shadowfi_exp/ShadowFi.sol",
            "impact": "Optimization",
            "line": 580,
            "message": "ShadowFi.router (../..ShadowFi.sol#580) should be immutable \n",
            "name": "immutable-states"
        }
    ],
    "infos": [],
    "parser": {
        "id": "slither",
        "mode": "solidity",
        "version": "2022/11/14"
    }
}
