{
    "errors": [
        "EXIT_CODE_255"
    ],
    "fails": [],
    "findings": [
        {
            "confidence": "Medium",
            "contract": "/sb/SafeMath.sol.sol",
            "filename": "/home/kaixuan/sast_study/solidity/smartbugs/samples/poc_shift/source_code_vuln/skim_transfer/Upswing_exp/SafeMath.sol.sol",
            "function": "mul",
            "impact": "Informational",
            "line": 60,
            "line_end": 72,
            "message": "SafeMath.mul(uint256,uint256) (../..SafeMath.sol.sol#60-72) is never used and should be removed\n",
            "name": "dead-code"
        },
        {
            "confidence": "Medium",
            "contract": "/sb/SafeMath.sol.sol",
            "filename": "/home/kaixuan/sast_study/solidity/smartbugs/samples/poc_shift/source_code_vuln/skim_transfer/Upswing_exp/SafeMath.sol.sol",
            "function": "sub",
            "impact": "Informational",
            "line": 29,
            "line_end": 31,
            "message": "SafeMath.sub(uint256,uint256) (../..SafeMath.sol.sol#29-31) is never used and should be removed\n",
            "name": "dead-code"
        },
        {
            "confidence": "Medium",
            "contract": "/sb/SafeMath.sol.sol",
            "filename": "/home/kaixuan/sast_study/solidity/smartbugs/samples/poc_shift/source_code_vuln/skim_transfer/Upswing_exp/SafeMath.sol.sol",
            "function": "average",
            "impact": "Informational",
            "line": 162,
            "line_end": 165,
            "message": "SafeMath.average(uint256,uint256) (../..SafeMath.sol.sol#162-165) is never used and should be removed\n",
            "name": "dead-code"
        },
        {
            "confidence": "Medium",
            "contract": "/sb/SafeMath.sol.sol",
            "filename": "/home/kaixuan/sast_study/solidity/smartbugs/samples/poc_shift/source_code_vuln/skim_transfer/Upswing_exp/SafeMath.sol.sol",
            "function": "add",
            "impact": "Informational",
            "line": 13,
            "line_end": 18,
            "message": "SafeMath.add(uint256,uint256) (../..SafeMath.sol.sol#13-18) is never used and should be removed\n",
            "name": "dead-code"
        },
        {
            "confidence": "Medium",
            "contract": "/sb/SafeMath.sol.sol",
            "filename": "/home/kaixuan/sast_study/solidity/smartbugs/samples/poc_shift/source_code_vuln/skim_transfer/Upswing_exp/SafeMath.sol.sol",
            "function": "sub",
            "impact": "Informational",
            "line": 44,
            "line_end": 49,
            "message": "SafeMath.sub(uint256,uint256,string) (../..SafeMath.sol.sol#44-49) is never used and should be removed\n",
            "name": "dead-code"
        },
        {
            "confidence": "Medium",
            "contract": "/sb/SafeMath.sol.sol",
            "filename": "/home/kaixuan/sast_study/solidity/smartbugs/samples/poc_shift/source_code_vuln/skim_transfer/Upswing_exp/SafeMath.sol.sol",
            "function": "min",
            "impact": "Informational",
            "line": 154,
            "line_end": 156,
            "message": "SafeMath.min(uint256,uint256) (../..SafeMath.sol.sol#154-156) is never used and should be removed\n",
            "name": "dead-code"
        },
        {
            "confidence": "Medium",
            "contract": "/sb/SafeMath.sol.sol",
            "filename": "/home/kaixuan/sast_study/solidity/smartbugs/samples/poc_shift/source_code_vuln/skim_transfer/Upswing_exp/SafeMath.sol.sol",
            "function": "max",
            "impact": "Informational",
            "line": 147,
            "line_end": 149,
            "message": "SafeMath.max(uint256,uint256) (../..SafeMath.sol.sol#147-149) is never used and should be removed\n",
            "name": "dead-code"
        },
        {
            "confidence": "Medium",
            "contract": "/sb/SafeMath.sol.sol",
            "filename": "/home/kaixuan/sast_study/solidity/smartbugs/samples/poc_shift/source_code_vuln/skim_transfer/Upswing_exp/SafeMath.sol.sol",
            "function": "mod",
            "impact": "Informational",
            "line": 139,
            "line_end": 142,
            "message": "SafeMath.mod(uint256,uint256,string) (../..SafeMath.sol.sol#139-142) is never used and should be removed\n",
            "name": "dead-code"
        },
        {
            "confidence": "Medium",
            "contract": "/sb/SafeMath.sol.sol",
            "filename": "/home/kaixuan/sast_study/solidity/smartbugs/samples/poc_shift/source_code_vuln/skim_transfer/Upswing_exp/SafeMath.sol.sol",
            "function": "div",
            "impact": "Informational",
            "line": 102,
            "line_end": 109,
            "message": "SafeMath.div(uint256,uint256,string) (../..SafeMath.sol.sol#102-109) is never used and should be removed\n",
            "name": "dead-code"
        },
        {
            "confidence": "Medium",
            "contract": "/sb/SafeMath.sol.sol",
            "filename": "/home/kaixuan/sast_study/solidity/smartbugs/samples/poc_shift/source_code_vuln/skim_transfer/Upswing_exp/SafeMath.sol.sol",
            "function": "mod",
            "impact": "Informational",
            "line": 122,
            "line_end": 124,
            "message": "SafeMath.mod(uint256,uint256) (../..SafeMath.sol.sol#122-124) is never used and should be removed\n",
            "name": "dead-code"
        },
        {
            "confidence": "Medium",
            "contract": "/sb/SafeMath.sol.sol",
            "filename": "/home/kaixuan/sast_study/solidity/smartbugs/samples/poc_shift/source_code_vuln/skim_transfer/Upswing_exp/SafeMath.sol.sol",
            "function": "div",
            "impact": "Informational",
            "line": 85,
            "line_end": 87,
            "message": "SafeMath.div(uint256,uint256) (../..SafeMath.sol.sol#85-87) is never used and should be removed\n",
            "name": "dead-code"
        },
        {
            "confidence": "High",
            "filename": "/home/kaixuan/sast_study/solidity/smartbugs/samples/poc_shift/source_code_vuln/skim_transfer/Upswing_exp/SafeMath.sol.sol",
            "impact": "Informational",
            "line": 2,
            "message": "Pragma version^0.6.0 (../..SafeMath.sol.sol#2) allows old versions\n",
            "name": "solc-version"
        },
        {
            "confidence": "High",
            "filename": "/home/kaixuan/sast_study/solidity/smartbugs/samples/poc_shift/source_code_vuln/skim_transfer/Upswing_exp/SafeMath.sol.sol",
            "impact": "Informational",
            "message": "solc-0.6.12 is not recommended for deployment\n",
            "name": "solc-version"
        }
    ],
    "infos": [],
    "parser": {
        "id": "slither",
        "mode": "solidity",
        "version": "2022/11/14"
    }
}
