{
    "errors": [
        "EXIT_CODE_255"
    ],
    "fails": [],
    "findings": [
        {
            "confidence": "Medium",
            "contract": "/sb/Math.sol.sol",
            "filename": "/home/kaixuan/sast_study/solidity/smartbugs/samples/poc_shift/source_code_vuln/inconsistent value in balance calculation/Swapos_exp/contracts/libraries/Math.sol.sol",
            "function": "sqrt",
            "impact": "Informational",
            "line": 11,
            "line_end": 22,
            "message": "Math.sqrt(uint256) (../..Math.sol.sol#11-22) is never used and should be removed\n",
            "name": "dead-code"
        },
        {
            "confidence": "Medium",
            "contract": "/sb/Math.sol.sol",
            "filename": "/home/kaixuan/sast_study/solidity/smartbugs/samples/poc_shift/source_code_vuln/inconsistent value in balance calculation/Swapos_exp/contracts/libraries/Math.sol.sol",
            "function": "min",
            "impact": "Informational",
            "line": 6,
            "line_end": 8,
            "message": "Math.min(uint256,uint256) (../..Math.sol.sol#6-8) is never used and should be removed\n",
            "name": "dead-code"
        },
        {
            "confidence": "High",
            "filename": "/home/kaixuan/sast_study/solidity/smartbugs/samples/poc_shift/source_code_vuln/inconsistent value in balance calculation/Swapos_exp/contracts/libraries/Math.sol.sol",
            "impact": "Informational",
            "message": "solc-0.5.16 is not recommended for deployment\n",
            "name": "solc-version"
        },
        {
            "confidence": "High",
            "filename": "/home/kaixuan/sast_study/solidity/smartbugs/samples/poc_shift/source_code_vuln/inconsistent value in balance calculation/Swapos_exp/contracts/libraries/Math.sol.sol",
            "impact": "Informational",
            "line": 1,
            "message": "Pragma version=0.5.16 (../..Math.sol.sol#1) allows old versions\n",
            "name": "solc-version"
        }
    ],
    "infos": [],
    "parser": {
        "id": "slither",
        "mode": "solidity",
        "version": "2022/11/14"
    }
}
