{
    "errors": [
        "EXIT_CODE_1"
    ],
    "fails": [],
    "findings": [
        {
            "column": 1,
            "filename": "/home/kaixuan/sast_study/solidity/smartbugs/samples/poc_shift/source_code_vuln/flawed_stake/HeavensGate_exp/contracts/Staking.sol.sol",
            "level": "error",
            "line": 2,
            "message": "Compiler version 0.8.19 does not satisfy the ^0.5.8 semver requirement",
            "name": "compiler-version"
        },
        {
            "column": 5,
            "filename": "/home/kaixuan/sast_study/solidity/smartbugs/samples/poc_shift/source_code_vuln/flawed_stake/HeavensGate_exp/contracts/Staking.sol.sol",
            "level": "warning",
            "line": 32,
            "message": "Variable name must be in mixedCase",
            "name": "var-name-mixedcase"
        },
        {
            "column": 5,
            "filename": "/home/kaixuan/sast_study/solidity/smartbugs/samples/poc_shift/source_code_vuln/flawed_stake/HeavensGate_exp/contracts/Staking.sol.sol",
            "level": "warning",
            "line": 41,
            "message": "Explicitly mark visibility in function (Set ignoreConstructors to true if using solidity >=0.7.0)",
            "name": "func-visibility"
        },
        {
            "column": 17,
            "filename": "/home/kaixuan/sast_study/solidity/smartbugs/samples/poc_shift/source_code_vuln/flawed_stake/HeavensGate_exp/contracts/Staking.sol.sol",
            "level": "warning",
            "line": 41,
            "message": "Variable name must be in mixedCase",
            "name": "var-name-mixedcase"
        },
        {
            "column": 62,
            "filename": "/home/kaixuan/sast_study/solidity/smartbugs/samples/poc_shift/source_code_vuln/flawed_stake/HeavensGate_exp/contracts/Staking.sol.sol",
            "level": "warning",
            "line": 47,
            "message": "Avoid making time-based decisions in your business logic",
            "name": "not-rely-on-time"
        },
        {
            "column": 9,
            "filename": "/home/kaixuan/sast_study/solidity/smartbugs/samples/poc_shift/source_code_vuln/flawed_stake/HeavensGate_exp/contracts/Staking.sol.sol",
            "level": "warning",
            "line": 71,
            "message": "Error message for require is too long",
            "name": "reason-string"
        },
        {
            "column": 26,
            "filename": "/home/kaixuan/sast_study/solidity/smartbugs/samples/poc_shift/source_code_vuln/flawed_stake/HeavensGate_exp/contracts/Staking.sol.sol",
            "level": "warning",
            "line": 79,
            "message": "Avoid making time-based decisions in your business logic",
            "name": "not-rely-on-time"
        },
        {
            "column": 28,
            "filename": "/home/kaixuan/sast_study/solidity/smartbugs/samples/poc_shift/source_code_vuln/flawed_stake/HeavensGate_exp/contracts/Staking.sol.sol",
            "level": "warning",
            "line": 126,
            "message": "Avoid making time-based decisions in your business logic",
            "name": "not-rely-on-time"
        }
    ],
    "infos": [],
    "parser": {
        "id": "solhint-3.3.8",
        "mode": "solidity",
        "version": "2023/02/12"
    }
}
