{
    "errors": [
        "EXIT_CODE_255"
    ],
    "fails": [],
    "findings": [
        {
            "confidence": "High",
            "contract": "/sb/BunnyProtocol.sol",
            "filename": "/home/kaixuan/sast_study/solidity/smartbugs/samples/poc_shift/source_code_vuln/deliver/BUNN_exp/BunnyProtocol.sol",
            "function": "owner",
            "impact": "Low",
            "line": 599,
            "message": "BunnyProtocol._approve(address,address,uint256).owner (../..BunnyProtocol.sol#599) shadows:\n\t- Ownable.owner() (../..BunnyProtocol.sol#423-425) (function)\n",
            "name": "shadowing-local"
        },
        {
            "confidence": "High",
            "contract": "/sb/BunnyProtocol.sol",
            "filename": "/home/kaixuan/sast_study/solidity/smartbugs/samples/poc_shift/source_code_vuln/deliver/BUNN_exp/BunnyProtocol.sol",
            "function": "owner",
            "impact": "Low",
            "line": 513,
            "message": "BunnyProtocol.allowance(address,address).owner (../..BunnyProtocol.sol#513) shadows:\n\t- Ownable.owner() (../..BunnyProtocol.sol#423-425) (function)\n",
            "name": "shadowing-local"
        },
        {
            "confidence": "Medium",
            "contract": "/sb/BunnyProtocol.sol",
            "filename": "/home/kaixuan/sast_study/solidity/smartbugs/samples/poc_shift/source_code_vuln/deliver/BUNN_exp/BunnyProtocol.sol",
            "function": "_setBurnFee",
            "impact": "Low",
            "line": 736,
            "line_end": 738,
            "message": "BunnyProtocol._setBurnFee(uint256) (../..BunnyProtocol.sol#736-738) should emit an event for: \n\t- _burnFee = burnFee (../..BunnyProtocol.sol#737) \n",
            "name": "events-maths"
        },
        {
            "confidence": "Medium",
            "contract": "/sb/BunnyProtocol.sol",
            "filename": "/home/kaixuan/sast_study/solidity/smartbugs/samples/poc_shift/source_code_vuln/deliver/BUNN_exp/BunnyProtocol.sol",
            "function": "_setTaxFee",
            "impact": "Low",
            "line": 732,
            "line_end": 734,
            "message": "BunnyProtocol._setTaxFee(uint256) (../..BunnyProtocol.sol#732-734) should emit an event for: \n\t- _taxFee = taxFee (../..BunnyProtocol.sol#733) \n",
            "name": "events-maths"
        },
        {
            "confidence": "High",
            "contract": "/sb/BunnyProtocol.sol",
            "filename": "/home/kaixuan/sast_study/solidity/smartbugs/samples/poc_shift/source_code_vuln/deliver/BUNN_exp/BunnyProtocol.sol",
            "function": "isContract",
            "impact": "Informational",
            "line": 277,
            "line_end": 286,
            "message": "Address.isContract(address) (../..BunnyProtocol.sol#277-286) uses assembly\n\t- INLINE ASM (../..BunnyProtocol.sol#284)\n",
            "name": "assembly"
        },
        {
            "confidence": "High",
            "contract": "/sb/BunnyProtocol.sol",
            "filename": "/home/kaixuan/sast_study/solidity/smartbugs/samples/poc_shift/source_code_vuln/deliver/BUNN_exp/BunnyProtocol.sol",
            "function": "_functionCallWithValue",
            "impact": "Informational",
            "line": 370,
            "line_end": 391,
            "message": "Address._functionCallWithValue(address,bytes,uint256,string) (../..BunnyProtocol.sol#370-391) uses assembly\n\t- INLINE ASM (../..BunnyProtocol.sol#383-386)\n",
            "name": "assembly"
        },
        {
            "confidence": "Medium",
            "contract": "/sb/BunnyProtocol.sol",
            "filename": "/home/kaixuan/sast_study/solidity/smartbugs/samples/poc_shift/source_code_vuln/deliver/BUNN_exp/BunnyProtocol.sol",
            "function": "includeAccount",
            "impact": "Informational",
            "line": 586,
            "line_end": 597,
            "message": "BunnyProtocol.includeAccount(address) (../..BunnyProtocol.sol#586-597) has costly operations inside a loop:\n\t- _excluded.pop() (../..BunnyProtocol.sol#593)\n",
            "name": "costly-loop"
        },
        {
            "confidence": "Medium",
            "contract": "/sb/BunnyProtocol.sol",
            "filename": "/home/kaixuan/sast_study/solidity/smartbugs/samples/poc_shift/source_code_vuln/deliver/BUNN_exp/BunnyProtocol.sol",
            "function": "sendValue",
            "impact": "Informational",
            "line": 304,
            "line_end": 310,
            "message": "Address.sendValue(address,uint256) (../..BunnyProtocol.sol#304-310) is never used and should be removed\n",
            "name": "dead-code"
        },
        {
            "confidence": "Medium",
            "contract": "/sb/BunnyProtocol.sol",
            "filename": "/home/kaixuan/sast_study/solidity/smartbugs/samples/poc_shift/source_code_vuln/deliver/BUNN_exp/BunnyProtocol.sol",
            "function": "functionCallWithValue",
            "impact": "Informational",
            "line": 355,
            "line_end": 357,
            "message": "Address.functionCallWithValue(address,bytes,uint256) (../..BunnyProtocol.sol#355-357) is never used and should be removed\n",
            "name": "dead-code"
        },
        {
            "confidence": "Medium",
            "contract": "/sb/BunnyProtocol.sol",
            "filename": "/home/kaixuan/sast_study/solidity/smartbugs/samples/poc_shift/source_code_vuln/deliver/BUNN_exp/BunnyProtocol.sol",
            "function": "mod",
            "impact": "Informational",
            "line": 250,
            "line_end": 253,
            "message": "SafeMath.mod(uint256,uint256,string) (../..BunnyProtocol.sol#250-253) is never used and should be removed\n",
            "name": "dead-code"
        },
        {
            "confidence": "Medium",
            "contract": "/sb/BunnyProtocol.sol",
            "filename": "/home/kaixuan/sast_study/solidity/smartbugs/samples/poc_shift/source_code_vuln/deliver/BUNN_exp/BunnyProtocol.sol",
            "function": "functionCallWithValue",
            "impact": "Informational",
            "line": 365,
            "line_end": 368,
            "message": "Address.functionCallWithValue(address,bytes,uint256,string) (../..BunnyProtocol.sol#365-368) is never used and should be removed\n",
            "name": "dead-code"
        },
        {
            "confidence": "Medium",
            "contract": "/sb/BunnyProtocol.sol",
            "filename": "/home/kaixuan/sast_study/solidity/smartbugs/samples/poc_shift/source_code_vuln/deliver/BUNN_exp/BunnyProtocol.sol",
            "function": "_msgData",
            "impact": "Informational",
            "line": 16,
            "line_end": 19,
            "message": "Context._msgData() (../..BunnyProtocol.sol#16-19) is never used and should be removed\n",
            "name": "dead-code"
        },
        {
            "confidence": "Medium",
            "contract": "/sb/BunnyProtocol.sol",
            "filename": "/home/kaixuan/sast_study/solidity/smartbugs/samples/poc_shift/source_code_vuln/deliver/BUNN_exp/BunnyProtocol.sol",
            "function": "mod",
            "impact": "Informational",
            "line": 234,
            "line_end": 236,
            "message": "SafeMath.mod(uint256,uint256) (../..BunnyProtocol.sol#234-236) is never used and should be removed\n",
            "name": "dead-code"
        },
        {
            "confidence": "Medium",
            "contract": "/sb/BunnyProtocol.sol",
            "filename": "/home/kaixuan/sast_study/solidity/smartbugs/samples/poc_shift/source_code_vuln/deliver/BUNN_exp/BunnyProtocol.sol",
            "function": "_functionCallWithValue",
            "impact": "Informational",
            "line": 370,
            "line_end": 391,
            "message": "Address._functionCallWithValue(address,bytes,uint256,string) (../..BunnyProtocol.sol#370-391) is never used and should be removed\n",
            "name": "dead-code"
        },
        {
            "confidence": "Medium",
            "contract": "/sb/BunnyProtocol.sol",
            "filename": "/home/kaixuan/sast_study/solidity/smartbugs/samples/poc_shift/source_code_vuln/deliver/BUNN_exp/BunnyProtocol.sol",
            "function": "isContract",
            "impact": "Informational",
            "line": 277,
            "line_end": 286,
            "message": "Address.isContract(address) (../..BunnyProtocol.sol#277-286) is never used and should be removed\n",
            "name": "dead-code"
        },
        {
            "confidence": "Medium",
            "contract": "/sb/BunnyProtocol.sol",
            "filename": "/home/kaixuan/sast_study/solidity/smartbugs/samples/poc_shift/source_code_vuln/deliver/BUNN_exp/BunnyProtocol.sol",
            "function": "functionCall",
            "impact": "Informational",
            "line": 340,
            "line_end": 342,
            "message": "Address.functionCall(address,bytes,string) (../..BunnyProtocol.sol#340-342) is never used and should be removed\n",
            "name": "dead-code"
        },
        {
            "confidence": "Medium",
            "contract": "/sb/BunnyProtocol.sol",
            "filename": "/home/kaixuan/sast_study/solidity/smartbugs/samples/poc_shift/source_code_vuln/deliver/BUNN_exp/BunnyProtocol.sol",
            "function": "functionCall",
            "impact": "Informational",
            "line": 330,
            "line_end": 332,
            "message": "Address.functionCall(address,bytes) (../..BunnyProtocol.sol#330-332) is never used and should be removed\n",
            "name": "dead-code"
        },
        {
            "confidence": "High",
            "filename": "/home/kaixuan/sast_study/solidity/smartbugs/samples/poc_shift/source_code_vuln/deliver/BUNN_exp/BunnyProtocol.sol",
            "impact": "Informational",
            "line": 472,
            "message": "BunnyProtocol._rTotal (../..BunnyProtocol.sol#472) is set pre-construction with a non-constant function or state variable:\n\t- (MAX - (MAX % _tTotal))\n",
            "name": "function-init-state"
        },
        {
            "confidence": "High",
            "filename": "/home/kaixuan/sast_study/solidity/smartbugs/samples/poc_shift/source_code_vuln/deliver/BUNN_exp/BunnyProtocol.sol",
            "impact": "Informational",
            "line": 8,
            "message": "Pragma version0.6.12 (../..BunnyProtocol.sol#8) allows old versions\n",
            "name": "solc-version"
        },
        {
            "confidence": "High",
            "filename": "/home/kaixuan/sast_study/solidity/smartbugs/samples/poc_shift/source_code_vuln/deliver/BUNN_exp/BunnyProtocol.sol",
            "impact": "Informational",
            "message": "solc-0.6.12 is not recommended for deployment\n",
            "name": "solc-version"
        },
        {
            "confidence": "High",
            "contract": "/sb/BunnyProtocol.sol",
            "filename": "/home/kaixuan/sast_study/solidity/smartbugs/samples/poc_shift/source_code_vuln/deliver/BUNN_exp/BunnyProtocol.sol",
            "function": "sendValue",
            "impact": "Informational",
            "line": 304,
            "line_end": 310,
            "message": "Low level call in Address.sendValue(address,uint256) (../..BunnyProtocol.sol#304-310):\n\t- (success) = recipient.call{value: amount}() (../..BunnyProtocol.sol#308)\n",
            "name": "low-level-calls"
        },
        {
            "confidence": "High",
            "contract": "/sb/BunnyProtocol.sol",
            "filename": "/home/kaixuan/sast_study/solidity/smartbugs/samples/poc_shift/source_code_vuln/deliver/BUNN_exp/BunnyProtocol.sol",
            "function": "_functionCallWithValue",
            "impact": "Informational",
            "line": 370,
            "line_end": 391,
            "message": "Low level call in Address._functionCallWithValue(address,bytes,uint256,string) (../..BunnyProtocol.sol#370-391):\n\t- (success,returndata) = target.call{value: weiValue}(data) (../..BunnyProtocol.sol#374)\n",
            "name": "low-level-calls"
        },
        {
            "confidence": "High",
            "contract": "/sb/BunnyProtocol.sol",
            "filename": "/home/kaixuan/sast_study/solidity/smartbugs/samples/poc_shift/source_code_vuln/deliver/BUNN_exp/BunnyProtocol.sol",
            "function": "_setTaxFee",
            "impact": "Informational",
            "line": 732,
            "line_end": 734,
            "message": "Function BunnyProtocol._setTaxFee(uint256) (../..BunnyProtocol.sol#732-734) is not in mixedCase\n",
            "name": "naming-convention"
        },
        {
            "confidence": "High",
            "contract": "/sb/BunnyProtocol.sol",
            "filename": "/home/kaixuan/sast_study/solidity/smartbugs/samples/poc_shift/source_code_vuln/deliver/BUNN_exp/BunnyProtocol.sol",
            "function": "_setBurnFee",
            "impact": "Informational",
            "line": 736,
            "line_end": 738,
            "message": "Function BunnyProtocol._setBurnFee(uint256) (../..BunnyProtocol.sol#736-738) is not in mixedCase\n",
            "name": "naming-convention"
        },
        {
            "confidence": "High",
            "filename": "/home/kaixuan/sast_study/solidity/smartbugs/samples/poc_shift/source_code_vuln/deliver/BUNN_exp/BunnyProtocol.sol",
            "impact": "Informational",
            "line": 469,
            "message": "Constant BunnyProtocol._decimals (../..BunnyProtocol.sol#469) is not in UPPER_CASE_WITH_UNDERSCORES\n",
            "name": "naming-convention"
        },
        {
            "confidence": "High",
            "filename": "/home/kaixuan/sast_study/solidity/smartbugs/samples/poc_shift/source_code_vuln/deliver/BUNN_exp/BunnyProtocol.sol",
            "impact": "Informational",
            "line": 476,
            "message": "Constant BunnyProtocol._name (../..BunnyProtocol.sol#476) is not in UPPER_CASE_WITH_UNDERSCORES\n",
            "name": "naming-convention"
        },
        {
            "confidence": "High",
            "filename": "/home/kaixuan/sast_study/solidity/smartbugs/samples/poc_shift/source_code_vuln/deliver/BUNN_exp/BunnyProtocol.sol",
            "impact": "Informational",
            "line": 477,
            "message": "Constant BunnyProtocol._symbol (../..BunnyProtocol.sol#477) is not in UPPER_CASE_WITH_UNDERSCORES\n",
            "name": "naming-convention"
        },
        {
            "confidence": "High",
            "contract": "/sb/BunnyProtocol.sol",
            "filename": "/home/kaixuan/sast_study/solidity/smartbugs/samples/poc_shift/source_code_vuln/deliver/BUNN_exp/BunnyProtocol.sol",
            "function": "_getTaxFee",
            "impact": "Informational",
            "line": 724,
            "line_end": 726,
            "message": "Function BunnyProtocol._getTaxFee() (../..BunnyProtocol.sol#724-726) is not in mixedCase\n",
            "name": "naming-convention"
        },
        {
            "confidence": "High",
            "contract": "/sb/BunnyProtocol.sol",
            "filename": "/home/kaixuan/sast_study/solidity/smartbugs/samples/poc_shift/source_code_vuln/deliver/BUNN_exp/BunnyProtocol.sol",
            "function": "_getBurnFee",
            "impact": "Informational",
            "line": 728,
            "line_end": 730,
            "message": "Function BunnyProtocol._getBurnFee() (../..BunnyProtocol.sol#728-730) is not in mixedCase\n",
            "name": "naming-convention"
        },
        {
            "confidence": "High",
            "filename": "/home/kaixuan/sast_study/solidity/smartbugs/samples/poc_shift/source_code_vuln/deliver/BUNN_exp/BunnyProtocol.sol",
            "impact": "Informational",
            "line": 17,
            "message": "Redundant expression \"this (../..BunnyProtocol.sol#17)\" inContext (../..BunnyProtocol.sol#11-20)\n",
            "name": "redundant-statements"
        },
        {
            "confidence": "Medium",
            "filename": "/home/kaixuan/sast_study/solidity/smartbugs/samples/poc_shift/source_code_vuln/deliver/BUNN_exp/BunnyProtocol.sol",
            "impact": "Informational",
            "line": 659,
            "message": "Variable BunnyProtocol._transferBothExcluded(address,address,uint256).rTransferAmount (../..BunnyProtocol.sol#659) is too similar to BunnyProtocol._transferStandard(address,address,uint256).tTransferAmount (../..BunnyProtocol.sol#627)\n",
            "name": "similar-names"
        },
        {
            "confidence": "Medium",
            "filename": "/home/kaixuan/sast_study/solidity/smartbugs/samples/poc_shift/source_code_vuln/deliver/BUNN_exp/BunnyProtocol.sol",
            "impact": "Informational",
            "line": 627,
            "message": "Variable BunnyProtocol._transferStandard(address,address,uint256).rTransferAmount (../..BunnyProtocol.sol#627) is too similar to BunnyProtocol._transferToExcluded(address,address,uint256).tTransferAmount (../..BunnyProtocol.sol#637)\n",
            "name": "similar-names"
        },
        {
            "confidence": "Medium",
            "filename": "/home/kaixuan/sast_study/solidity/smartbugs/samples/poc_shift/source_code_vuln/deliver/BUNN_exp/BunnyProtocol.sol",
            "impact": "Informational",
            "line": 637,
            "message": "Variable BunnyProtocol._transferToExcluded(address,address,uint256).rTransferAmount (../..BunnyProtocol.sol#637) is too similar to BunnyProtocol._getTValues(uint256,uint256,uint256).tTransferAmount (../..BunnyProtocol.sol#695)\n",
            "name": "similar-names"
        },
        {
            "confidence": "Medium",
            "filename": "/home/kaixuan/sast_study/solidity/smartbugs/samples/poc_shift/source_code_vuln/deliver/BUNN_exp/BunnyProtocol.sol",
            "impact": "Informational",
            "line": 672,
            "message": "Variable BunnyProtocol.multiAirdrop(address[],uint256[]).rTransferAmount (../..BunnyProtocol.sol#672) is too similar to BunnyProtocol._getTValues(uint256,uint256,uint256).tTransferAmount (../..BunnyProtocol.sol#695)\n",
            "name": "similar-names"
        },
        {
            "confidence": "Medium",
            "filename": "/home/kaixuan/sast_study/solidity/smartbugs/samples/poc_shift/source_code_vuln/deliver/BUNN_exp/BunnyProtocol.sol",
            "impact": "Informational",
            "line": 659,
            "message": "Variable BunnyProtocol._transferBothExcluded(address,address,uint256).rTransferAmount (../..BunnyProtocol.sol#659) is too similar to BunnyProtocol._transferFromExcluded(address,address,uint256).tTransferAmount (../..BunnyProtocol.sol#648)\n",
            "name": "similar-names"
        },
        {
            "confidence": "Medium",
            "filename": "/home/kaixuan/sast_study/solidity/smartbugs/samples/poc_shift/source_code_vuln/deliver/BUNN_exp/BunnyProtocol.sol",
            "impact": "Informational",
            "line": 688,
            "message": "Variable BunnyProtocol._getValues(uint256).rTransferAmount (../..BunnyProtocol.sol#688) is too similar to BunnyProtocol._transferFromExcluded(address,address,uint256).tTransferAmount (../..BunnyProtocol.sol#648)\n",
            "name": "similar-names"
        },
        {
            "confidence": "Medium",
            "filename": "/home/kaixuan/sast_study/solidity/smartbugs/samples/poc_shift/source_code_vuln/deliver/BUNN_exp/BunnyProtocol.sol",
            "impact": "Informational",
            "line": 648,
            "message": "Variable BunnyProtocol._transferFromExcluded(address,address,uint256).rTransferAmount (../..BunnyProtocol.sol#648) is too similar to BunnyProtocol._getTValues(uint256,uint256,uint256).tTransferAmount (../..BunnyProtocol.sol#695)\n",
            "name": "similar-names"
        },
        {
            "confidence": "Medium",
            "filename": "/home/kaixuan/sast_study/solidity/smartbugs/samples/poc_shift/source_code_vuln/deliver/BUNN_exp/BunnyProtocol.sol",
            "impact": "Informational",
            "line": 703,
            "message": "Variable BunnyProtocol._getRValues(uint256,uint256,uint256,uint256).rTransferAmount (../..BunnyProtocol.sol#703) is too similar to BunnyProtocol._transferStandard(address,address,uint256).tTransferAmount (../..BunnyProtocol.sol#627)\n",
            "name": "similar-names"
        },
        {
            "confidence": "Medium",
            "filename": "/home/kaixuan/sast_study/solidity/smartbugs/samples/poc_shift/source_code_vuln/deliver/BUNN_exp/BunnyProtocol.sol",
            "impact": "Informational",
            "line": 672,
            "message": "Variable BunnyProtocol.multiAirdrop(address[],uint256[]).rTransferAmount (../..BunnyProtocol.sol#672) is too similar to BunnyProtocol._getValues(uint256).tTransferAmount (../..BunnyProtocol.sol#686)\n",
            "name": "similar-names"
        },
        {
            "confidence": "Medium",
            "filename": "/home/kaixuan/sast_study/solidity/smartbugs/samples/poc_shift/source_code_vuln/deliver/BUNN_exp/BunnyProtocol.sol",
            "impact": "Informational",
            "line": 565,
            "message": "Variable BunnyProtocol.reflectionFromToken(uint256,bool).rTransferAmount (../..BunnyProtocol.sol#565) is too similar to BunnyProtocol._getTValues(uint256,uint256,uint256).tTransferAmount (../..BunnyProtocol.sol#695)\n",
            "name": "similar-names"
        },
        {
            "confidence": "Medium",
            "filename": "/home/kaixuan/sast_study/solidity/smartbugs/samples/poc_shift/source_code_vuln/deliver/BUNN_exp/BunnyProtocol.sol",
            "impact": "Informational",
            "line": 565,
            "message": "Variable BunnyProtocol.reflectionFromToken(uint256,bool).rTransferAmount (../..BunnyProtocol.sol#565) is too similar to BunnyProtocol._transferBothExcluded(address,address,uint256).tTransferAmount (../..BunnyProtocol.sol#659)\n",
            "name": "similar-names"
        },
        {
            "confidence": "Medium",
            "filename": "/home/kaixuan/sast_study/solidity/smartbugs/samples/poc_shift/source_code_vuln/deliver/BUNN_exp/BunnyProtocol.sol",
            "impact": "Informational",
            "line": 703,
            "message": "Variable BunnyProtocol._getRValues(uint256,uint256,uint256,uint256).rTransferAmount (../..BunnyProtocol.sol#703) is too similar to BunnyProtocol._transferFromExcluded(address,address,uint256).tTransferAmount (../..BunnyProtocol.sol#648)\n",
            "name": "similar-names"
        },
        {
            "confidence": "Medium",
            "filename": "/home/kaixuan/sast_study/solidity/smartbugs/samples/poc_shift/source_code_vuln/deliver/BUNN_exp/BunnyProtocol.sol",
            "impact": "Informational",
            "line": 703,
            "message": "Variable BunnyProtocol._getRValues(uint256,uint256,uint256,uint256).rTransferAmount (../..BunnyProtocol.sol#703) is too similar to BunnyProtocol._transferToExcluded(address,address,uint256).tTransferAmount (../..BunnyProtocol.sol#637)\n",
            "name": "similar-names"
        },
        {
            "confidence": "Medium",
            "filename": "/home/kaixuan/sast_study/solidity/smartbugs/samples/poc_shift/source_code_vuln/deliver/BUNN_exp/BunnyProtocol.sol",
            "impact": "Informational",
            "line": 648,
            "message": "Variable BunnyProtocol._transferFromExcluded(address,address,uint256).rTransferAmount (../..BunnyProtocol.sol#648) is too similar to BunnyProtocol._transferBothExcluded(address,address,uint256).tTransferAmount (../..BunnyProtocol.sol#659)\n",
            "name": "similar-names"
        },
        {
            "confidence": "Medium",
            "filename": "/home/kaixuan/sast_study/solidity/smartbugs/samples/poc_shift/source_code_vuln/deliver/BUNN_exp/BunnyProtocol.sol",
            "impact": "Informational",
            "line": 672,
            "message": "Variable BunnyProtocol.multiAirdrop(address[],uint256[]).rTransferAmount (../..BunnyProtocol.sol#672) is too similar to BunnyProtocol.multiAirdrop(address[],uint256[]).tTransferAmount (../..BunnyProtocol.sol#672)\n",
            "name": "similar-names"
        },
        {
            "confidence": "Medium",
            "filename": "/home/kaixuan/sast_study/solidity/smartbugs/samples/poc_shift/source_code_vuln/deliver/BUNN_exp/BunnyProtocol.sol",
            "impact": "Informational",
            "line": 672,
            "message": "Variable BunnyProtocol.multiAirdrop(address[],uint256[]).rTransferAmount (../..BunnyProtocol.sol#672) is too similar to BunnyProtocol._transferToExcluded(address,address,uint256).tTransferAmount (../..BunnyProtocol.sol#637)\n",
            "name": "similar-names"
        },
        {
            "confidence": "Medium",
            "filename": "/home/kaixuan/sast_study/solidity/smartbugs/samples/poc_shift/source_code_vuln/deliver/BUNN_exp/BunnyProtocol.sol",
            "impact": "Informational",
            "line": 688,
            "message": "Variable BunnyProtocol._getValues(uint256).rTransferAmount (../..BunnyProtocol.sol#688) is too similar to BunnyProtocol.multiAirdrop(address[],uint256[]).tTransferAmount (../..BunnyProtocol.sol#672)\n",
            "name": "similar-names"
        },
        {
            "confidence": "Medium",
            "filename": "/home/kaixuan/sast_study/solidity/smartbugs/samples/poc_shift/source_code_vuln/deliver/BUNN_exp/BunnyProtocol.sol",
            "impact": "Informational",
            "line": 688,
            "message": "Variable BunnyProtocol._getValues(uint256).rTransferAmount (../..BunnyProtocol.sol#688) is too similar to BunnyProtocol._transferStandard(address,address,uint256).tTransferAmount (../..BunnyProtocol.sol#627)\n",
            "name": "similar-names"
        },
        {
            "confidence": "Medium",
            "filename": "/home/kaixuan/sast_study/solidity/smartbugs/samples/poc_shift/source_code_vuln/deliver/BUNN_exp/BunnyProtocol.sol",
            "impact": "Informational",
            "line": 627,
            "message": "Variable BunnyProtocol._transferStandard(address,address,uint256).rTransferAmount (../..BunnyProtocol.sol#627) is too similar to BunnyProtocol._transferFromExcluded(address,address,uint256).tTransferAmount (../..BunnyProtocol.sol#648)\n",
            "name": "similar-names"
        },
        {
            "confidence": "Medium",
            "filename": "/home/kaixuan/sast_study/solidity/smartbugs/samples/poc_shift/source_code_vuln/deliver/BUNN_exp/BunnyProtocol.sol",
            "impact": "Informational",
            "line": 672,
            "message": "Variable BunnyProtocol.multiAirdrop(address[],uint256[]).rTransferAmount (../..BunnyProtocol.sol#672) is too similar to BunnyProtocol._transferBothExcluded(address,address,uint256).tTransferAmount (../..BunnyProtocol.sol#659)\n",
            "name": "similar-names"
        },
        {
            "confidence": "Medium",
            "filename": "/home/kaixuan/sast_study/solidity/smartbugs/samples/poc_shift/source_code_vuln/deliver/BUNN_exp/BunnyProtocol.sol",
            "impact": "Informational",
            "line": 688,
            "message": "Variable BunnyProtocol._getValues(uint256).rTransferAmount (../..BunnyProtocol.sol#688) is too similar to BunnyProtocol._transferToExcluded(address,address,uint256).tTransferAmount (../..BunnyProtocol.sol#637)\n",
            "name": "similar-names"
        },
        {
            "confidence": "Medium",
            "filename": "/home/kaixuan/sast_study/solidity/smartbugs/samples/poc_shift/source_code_vuln/deliver/BUNN_exp/BunnyProtocol.sol",
            "impact": "Informational",
            "line": 659,
            "message": "Variable BunnyProtocol._transferBothExcluded(address,address,uint256).rTransferAmount (../..BunnyProtocol.sol#659) is too similar to BunnyProtocol._getTValues(uint256,uint256,uint256).tTransferAmount (../..BunnyProtocol.sol#695)\n",
            "name": "similar-names"
        },
        {
            "confidence": "Medium",
            "filename": "/home/kaixuan/sast_study/solidity/smartbugs/samples/poc_shift/source_code_vuln/deliver/BUNN_exp/BunnyProtocol.sol",
            "impact": "Informational",
            "line": 565,
            "message": "Variable BunnyProtocol.reflectionFromToken(uint256,bool).rTransferAmount (../..BunnyProtocol.sol#565) is too similar to BunnyProtocol._transferToExcluded(address,address,uint256).tTransferAmount (../..BunnyProtocol.sol#637)\n",
            "name": "similar-names"
        },
        {
            "confidence": "Medium",
            "filename": "/home/kaixuan/sast_study/solidity/smartbugs/samples/poc_shift/source_code_vuln/deliver/BUNN_exp/BunnyProtocol.sol",
            "impact": "Informational",
            "line": 627,
            "message": "Variable BunnyProtocol._transferStandard(address,address,uint256).rTransferAmount (../..BunnyProtocol.sol#627) is too similar to BunnyProtocol._transferStandard(address,address,uint256).tTransferAmount (../..BunnyProtocol.sol#627)\n",
            "name": "similar-names"
        },
        {
            "confidence": "Medium",
            "filename": "/home/kaixuan/sast_study/solidity/smartbugs/samples/poc_shift/source_code_vuln/deliver/BUNN_exp/BunnyProtocol.sol",
            "impact": "Informational",
            "line": 637,
            "message": "Variable BunnyProtocol._transferToExcluded(address,address,uint256).rTransferAmount (../..BunnyProtocol.sol#637) is too similar to BunnyProtocol._transferToExcluded(address,address,uint256).tTransferAmount (../..BunnyProtocol.sol#637)\n",
            "name": "similar-names"
        },
        {
            "confidence": "Medium",
            "filename": "/home/kaixuan/sast_study/solidity/smartbugs/samples/poc_shift/source_code_vuln/deliver/BUNN_exp/BunnyProtocol.sol",
            "impact": "Informational",
            "line": 688,
            "message": "Variable BunnyProtocol._getValues(uint256).rTransferAmount (../..BunnyProtocol.sol#688) is too similar to BunnyProtocol._getTValues(uint256,uint256,uint256).tTransferAmount (../..BunnyProtocol.sol#695)\n",
            "name": "similar-names"
        },
        {
            "confidence": "Medium",
            "filename": "/home/kaixuan/sast_study/solidity/smartbugs/samples/poc_shift/source_code_vuln/deliver/BUNN_exp/BunnyProtocol.sol",
            "impact": "Informational",
            "line": 627,
            "message": "Variable BunnyProtocol._transferStandard(address,address,uint256).rTransferAmount (../..BunnyProtocol.sol#627) is too similar to BunnyProtocol._transferBothExcluded(address,address,uint256).tTransferAmount (../..BunnyProtocol.sol#659)\n",
            "name": "similar-names"
        },
        {
            "confidence": "Medium",
            "filename": "/home/kaixuan/sast_study/solidity/smartbugs/samples/poc_shift/source_code_vuln/deliver/BUNN_exp/BunnyProtocol.sol",
            "impact": "Informational",
            "line": 703,
            "message": "Variable BunnyProtocol._getRValues(uint256,uint256,uint256,uint256).rTransferAmount (../..BunnyProtocol.sol#703) is too similar to BunnyProtocol._getTValues(uint256,uint256,uint256).tTransferAmount (../..BunnyProtocol.sol#695)\n",
            "name": "similar-names"
        },
        {
            "confidence": "Medium",
            "filename": "/home/kaixuan/sast_study/solidity/smartbugs/samples/poc_shift/source_code_vuln/deliver/BUNN_exp/BunnyProtocol.sol",
            "impact": "Informational",
            "line": 672,
            "message": "Variable BunnyProtocol.multiAirdrop(address[],uint256[]).rTransferAmount (../..BunnyProtocol.sol#672) is too similar to BunnyProtocol._transferStandard(address,address,uint256).tTransferAmount (../..BunnyProtocol.sol#627)\n",
            "name": "similar-names"
        },
        {
            "confidence": "Medium",
            "filename": "/home/kaixuan/sast_study/solidity/smartbugs/samples/poc_shift/source_code_vuln/deliver/BUNN_exp/BunnyProtocol.sol",
            "impact": "Informational",
            "line": 565,
            "message": "Variable BunnyProtocol.reflectionFromToken(uint256,bool).rTransferAmount (../..BunnyProtocol.sol#565) is too similar to BunnyProtocol.multiAirdrop(address[],uint256[]).tTransferAmount (../..BunnyProtocol.sol#672)\n",
            "name": "similar-names"
        },
        {
            "confidence": "Medium",
            "filename": "/home/kaixuan/sast_study/solidity/smartbugs/samples/poc_shift/source_code_vuln/deliver/BUNN_exp/BunnyProtocol.sol",
            "impact": "Informational",
            "line": 565,
            "message": "Variable BunnyProtocol.reflectionFromToken(uint256,bool).rTransferAmount (../..BunnyProtocol.sol#565) is too similar to BunnyProtocol._getValues(uint256).tTransferAmount (../..BunnyProtocol.sol#686)\n",
            "name": "similar-names"
        },
        {
            "confidence": "Medium",
            "filename": "/home/kaixuan/sast_study/solidity/smartbugs/samples/poc_shift/source_code_vuln/deliver/BUNN_exp/BunnyProtocol.sol",
            "impact": "Informational",
            "line": 565,
            "message": "Variable BunnyProtocol.reflectionFromToken(uint256,bool).rTransferAmount (../..BunnyProtocol.sol#565) is too similar to BunnyProtocol._transferFromExcluded(address,address,uint256).tTransferAmount (../..BunnyProtocol.sol#648)\n",
            "name": "similar-names"
        },
        {
            "confidence": "Medium",
            "filename": "/home/kaixuan/sast_study/solidity/smartbugs/samples/poc_shift/source_code_vuln/deliver/BUNN_exp/BunnyProtocol.sol",
            "impact": "Informational",
            "line": 659,
            "message": "Variable BunnyProtocol._transferBothExcluded(address,address,uint256).rTransferAmount (../..BunnyProtocol.sol#659) is too similar to BunnyProtocol._getValues(uint256).tTransferAmount (../..BunnyProtocol.sol#686)\n",
            "name": "similar-names"
        },
        {
            "confidence": "Medium",
            "filename": "/home/kaixuan/sast_study/solidity/smartbugs/samples/poc_shift/source_code_vuln/deliver/BUNN_exp/BunnyProtocol.sol",
            "impact": "Informational",
            "line": 648,
            "message": "Variable BunnyProtocol._transferFromExcluded(address,address,uint256).rTransferAmount (../..BunnyProtocol.sol#648) is too similar to BunnyProtocol._transferToExcluded(address,address,uint256).tTransferAmount (../..BunnyProtocol.sol#637)\n",
            "name": "similar-names"
        },
        {
            "confidence": "Medium",
            "filename": "/home/kaixuan/sast_study/solidity/smartbugs/samples/poc_shift/source_code_vuln/deliver/BUNN_exp/BunnyProtocol.sol",
            "impact": "Informational",
            "line": 703,
            "message": "Variable BunnyProtocol._getRValues(uint256,uint256,uint256,uint256).rTransferAmount (../..BunnyProtocol.sol#703) is too similar to BunnyProtocol._transferBothExcluded(address,address,uint256).tTransferAmount (../..BunnyProtocol.sol#659)\n",
            "name": "similar-names"
        },
        {
            "confidence": "Medium",
            "filename": "/home/kaixuan/sast_study/solidity/smartbugs/samples/poc_shift/source_code_vuln/deliver/BUNN_exp/BunnyProtocol.sol",
            "impact": "Informational",
            "line": 637,
            "message": "Variable BunnyProtocol._transferToExcluded(address,address,uint256).rTransferAmount (../..BunnyProtocol.sol#637) is too similar to BunnyProtocol._getValues(uint256).tTransferAmount (../..BunnyProtocol.sol#686)\n",
            "name": "similar-names"
        },
        {
            "confidence": "Medium",
            "filename": "/home/kaixuan/sast_study/solidity/smartbugs/samples/poc_shift/source_code_vuln/deliver/BUNN_exp/BunnyProtocol.sol",
            "impact": "Informational",
            "line": 637,
            "message": "Variable BunnyProtocol._transferToExcluded(address,address,uint256).rTransferAmount (../..BunnyProtocol.sol#637) is too similar to BunnyProtocol._transferStandard(address,address,uint256).tTransferAmount (../..BunnyProtocol.sol#627)\n",
            "name": "similar-names"
        },
        {
            "confidence": "Medium",
            "filename": "/home/kaixuan/sast_study/solidity/smartbugs/samples/poc_shift/source_code_vuln/deliver/BUNN_exp/BunnyProtocol.sol",
            "impact": "Informational",
            "line": 659,
            "message": "Variable BunnyProtocol._transferBothExcluded(address,address,uint256).rTransferAmount (../..BunnyProtocol.sol#659) is too similar to BunnyProtocol._transferBothExcluded(address,address,uint256).tTransferAmount (../..BunnyProtocol.sol#659)\n",
            "name": "similar-names"
        },
        {
            "confidence": "Medium",
            "filename": "/home/kaixuan/sast_study/solidity/smartbugs/samples/poc_shift/source_code_vuln/deliver/BUNN_exp/BunnyProtocol.sol",
            "impact": "Informational",
            "line": 703,
            "message": "Variable BunnyProtocol._getRValues(uint256,uint256,uint256,uint256).rTransferAmount (../..BunnyProtocol.sol#703) is too similar to BunnyProtocol.multiAirdrop(address[],uint256[]).tTransferAmount (../..BunnyProtocol.sol#672)\n",
            "name": "similar-names"
        },
        {
            "confidence": "Medium",
            "filename": "/home/kaixuan/sast_study/solidity/smartbugs/samples/poc_shift/source_code_vuln/deliver/BUNN_exp/BunnyProtocol.sol",
            "impact": "Informational",
            "line": 627,
            "message": "Variable BunnyProtocol._transferStandard(address,address,uint256).rTransferAmount (../..BunnyProtocol.sol#627) is too similar to BunnyProtocol.multiAirdrop(address[],uint256[]).tTransferAmount (../..BunnyProtocol.sol#672)\n",
            "name": "similar-names"
        },
        {
            "confidence": "Medium",
            "filename": "/home/kaixuan/sast_study/solidity/smartbugs/samples/poc_shift/source_code_vuln/deliver/BUNN_exp/BunnyProtocol.sol",
            "impact": "Informational",
            "line": 672,
            "message": "Variable BunnyProtocol.multiAirdrop(address[],uint256[]).rTransferAmount (../..BunnyProtocol.sol#672) is too similar to BunnyProtocol._transferFromExcluded(address,address,uint256).tTransferAmount (../..BunnyProtocol.sol#648)\n",
            "name": "similar-names"
        },
        {
            "confidence": "Medium",
            "filename": "/home/kaixuan/sast_study/solidity/smartbugs/samples/poc_shift/source_code_vuln/deliver/BUNN_exp/BunnyProtocol.sol",
            "impact": "Informational",
            "line": 648,
            "message": "Variable BunnyProtocol._transferFromExcluded(address,address,uint256).rTransferAmount (../..BunnyProtocol.sol#648) is too similar to BunnyProtocol._transferFromExcluded(address,address,uint256).tTransferAmount (../..BunnyProtocol.sol#648)\n",
            "name": "similar-names"
        },
        {
            "confidence": "Medium",
            "filename": "/home/kaixuan/sast_study/solidity/smartbugs/samples/poc_shift/source_code_vuln/deliver/BUNN_exp/BunnyProtocol.sol",
            "impact": "Informational",
            "line": 703,
            "message": "Variable BunnyProtocol._getRValues(uint256,uint256,uint256,uint256).rTransferAmount (../..BunnyProtocol.sol#703) is too similar to BunnyProtocol._getValues(uint256).tTransferAmount (../..BunnyProtocol.sol#686)\n",
            "name": "similar-names"
        },
        {
            "confidence": "Medium",
            "filename": "/home/kaixuan/sast_study/solidity/smartbugs/samples/poc_shift/source_code_vuln/deliver/BUNN_exp/BunnyProtocol.sol",
            "impact": "Informational",
            "line": 688,
            "message": "Variable BunnyProtocol._getValues(uint256).rTransferAmount (../..BunnyProtocol.sol#688) is too similar to BunnyProtocol._transferBothExcluded(address,address,uint256).tTransferAmount (../..BunnyProtocol.sol#659)\n",
            "name": "similar-names"
        },
        {
            "confidence": "Medium",
            "filename": "/home/kaixuan/sast_study/solidity/smartbugs/samples/poc_shift/source_code_vuln/deliver/BUNN_exp/BunnyProtocol.sol",
            "impact": "Informational",
            "line": 648,
            "message": "Variable BunnyProtocol._transferFromExcluded(address,address,uint256).rTransferAmount (../..BunnyProtocol.sol#648) is too similar to BunnyProtocol._transferStandard(address,address,uint256).tTransferAmount (../..BunnyProtocol.sol#627)\n",
            "name": "similar-names"
        },
        {
            "confidence": "Medium",
            "filename": "/home/kaixuan/sast_study/solidity/smartbugs/samples/poc_shift/source_code_vuln/deliver/BUNN_exp/BunnyProtocol.sol",
            "impact": "Informational",
            "line": 637,
            "message": "Variable BunnyProtocol._transferToExcluded(address,address,uint256).rTransferAmount (../..BunnyProtocol.sol#637) is too similar to BunnyProtocol.multiAirdrop(address[],uint256[]).tTransferAmount (../..BunnyProtocol.sol#672)\n",
            "name": "similar-names"
        },
        {
            "confidence": "Medium",
            "filename": "/home/kaixuan/sast_study/solidity/smartbugs/samples/poc_shift/source_code_vuln/deliver/BUNN_exp/BunnyProtocol.sol",
            "impact": "Informational",
            "line": 637,
            "message": "Variable BunnyProtocol._transferToExcluded(address,address,uint256).rTransferAmount (../..BunnyProtocol.sol#637) is too similar to BunnyProtocol._transferFromExcluded(address,address,uint256).tTransferAmount (../..BunnyProtocol.sol#648)\n",
            "name": "similar-names"
        },
        {
            "confidence": "Medium",
            "filename": "/home/kaixuan/sast_study/solidity/smartbugs/samples/poc_shift/source_code_vuln/deliver/BUNN_exp/BunnyProtocol.sol",
            "impact": "Informational",
            "line": 648,
            "message": "Variable BunnyProtocol._transferFromExcluded(address,address,uint256).rTransferAmount (../..BunnyProtocol.sol#648) is too similar to BunnyProtocol.multiAirdrop(address[],uint256[]).tTransferAmount (../..BunnyProtocol.sol#672)\n",
            "name": "similar-names"
        },
        {
            "confidence": "Medium",
            "filename": "/home/kaixuan/sast_study/solidity/smartbugs/samples/poc_shift/source_code_vuln/deliver/BUNN_exp/BunnyProtocol.sol",
            "impact": "Informational",
            "line": 659,
            "message": "Variable BunnyProtocol._transferBothExcluded(address,address,uint256).rTransferAmount (../..BunnyProtocol.sol#659) is too similar to BunnyProtocol.multiAirdrop(address[],uint256[]).tTransferAmount (../..BunnyProtocol.sol#672)\n",
            "name": "similar-names"
        },
        {
            "confidence": "Medium",
            "filename": "/home/kaixuan/sast_study/solidity/smartbugs/samples/poc_shift/source_code_vuln/deliver/BUNN_exp/BunnyProtocol.sol",
            "impact": "Informational",
            "line": 659,
            "message": "Variable BunnyProtocol._transferBothExcluded(address,address,uint256).rTransferAmount (../..BunnyProtocol.sol#659) is too similar to BunnyProtocol._transferToExcluded(address,address,uint256).tTransferAmount (../..BunnyProtocol.sol#637)\n",
            "name": "similar-names"
        },
        {
            "confidence": "Medium",
            "filename": "/home/kaixuan/sast_study/solidity/smartbugs/samples/poc_shift/source_code_vuln/deliver/BUNN_exp/BunnyProtocol.sol",
            "impact": "Informational",
            "line": 637,
            "message": "Variable BunnyProtocol._transferToExcluded(address,address,uint256).rTransferAmount (../..BunnyProtocol.sol#637) is too similar to BunnyProtocol._transferBothExcluded(address,address,uint256).tTransferAmount (../..BunnyProtocol.sol#659)\n",
            "name": "similar-names"
        },
        {
            "confidence": "Medium",
            "filename": "/home/kaixuan/sast_study/solidity/smartbugs/samples/poc_shift/source_code_vuln/deliver/BUNN_exp/BunnyProtocol.sol",
            "impact": "Informational",
            "line": 627,
            "message": "Variable BunnyProtocol._transferStandard(address,address,uint256).rTransferAmount (../..BunnyProtocol.sol#627) is too similar to BunnyProtocol._getValues(uint256).tTransferAmount (../..BunnyProtocol.sol#686)\n",
            "name": "similar-names"
        },
        {
            "confidence": "Medium",
            "filename": "/home/kaixuan/sast_study/solidity/smartbugs/samples/poc_shift/source_code_vuln/deliver/BUNN_exp/BunnyProtocol.sol",
            "impact": "Informational",
            "line": 688,
            "message": "Variable BunnyProtocol._getValues(uint256).rTransferAmount (../..BunnyProtocol.sol#688) is too similar to BunnyProtocol._getValues(uint256).tTransferAmount (../..BunnyProtocol.sol#686)\n",
            "name": "similar-names"
        },
        {
            "confidence": "Medium",
            "filename": "/home/kaixuan/sast_study/solidity/smartbugs/samples/poc_shift/source_code_vuln/deliver/BUNN_exp/BunnyProtocol.sol",
            "impact": "Informational",
            "line": 565,
            "message": "Variable BunnyProtocol.reflectionFromToken(uint256,bool).rTransferAmount (../..BunnyProtocol.sol#565) is too similar to BunnyProtocol._transferStandard(address,address,uint256).tTransferAmount (../..BunnyProtocol.sol#627)\n",
            "name": "similar-names"
        },
        {
            "confidence": "Medium",
            "filename": "/home/kaixuan/sast_study/solidity/smartbugs/samples/poc_shift/source_code_vuln/deliver/BUNN_exp/BunnyProtocol.sol",
            "impact": "Informational",
            "line": 648,
            "message": "Variable BunnyProtocol._transferFromExcluded(address,address,uint256).rTransferAmount (../..BunnyProtocol.sol#648) is too similar to BunnyProtocol._getValues(uint256).tTransferAmount (../..BunnyProtocol.sol#686)\n",
            "name": "similar-names"
        },
        {
            "confidence": "Medium",
            "filename": "/home/kaixuan/sast_study/solidity/smartbugs/samples/poc_shift/source_code_vuln/deliver/BUNN_exp/BunnyProtocol.sol",
            "impact": "Informational",
            "line": 627,
            "message": "Variable BunnyProtocol._transferStandard(address,address,uint256).rTransferAmount (../..BunnyProtocol.sol#627) is too similar to BunnyProtocol._getTValues(uint256,uint256,uint256).tTransferAmount (../..BunnyProtocol.sol#695)\n",
            "name": "similar-names"
        },
        {
            "confidence": "Medium",
            "contract": "/sb/BunnyProtocol.sol",
            "filename": "/home/kaixuan/sast_study/solidity/smartbugs/samples/poc_shift/source_code_vuln/deliver/BUNN_exp/BunnyProtocol.sol",
            "function": "slitherConstructorVariables",
            "impact": "Informational",
            "line": 458,
            "line_end": 741,
            "message": "BunnyProtocol.slitherConstructorVariables() (../..BunnyProtocol.sol#458-741) uses literals with too many digits:\n\t- _tTotal = 10000000000000 (../..BunnyProtocol.sol#471)\n",
            "name": "too-many-digits"
        },
        {
            "confidence": "Medium",
            "contract": "/sb/BunnyProtocol.sol",
            "filename": "/home/kaixuan/sast_study/solidity/smartbugs/samples/poc_shift/source_code_vuln/deliver/BUNN_exp/BunnyProtocol.sol",
            "function": "multiAirdrop",
            "impact": "Informational",
            "line": 669,
            "line_end": 676,
            "message": "BunnyProtocol.multiAirdrop(address[],uint256[]) (../..BunnyProtocol.sol#669-676) uses literals with too many digits:\n\t- require(bool,string)(amounts[i] <= 50000000000,AirDrop is limited to a maximum of 50000000000) (../..BunnyProtocol.sol#671)\n",
            "name": "too-many-digits"
        },
        {
            "confidence": "High",
            "filename": "/home/kaixuan/sast_study/solidity/smartbugs/samples/poc_shift/source_code_vuln/deliver/BUNN_exp/BunnyProtocol.sol",
            "impact": "Optimization",
            "line": 715,
            "message": "Loop condition i < _excluded.length (../..BunnyProtocol.sol#715) should use cached array length instead of referencing `length` member of the storage array.\n ",
            "name": "cache-array-length"
        }
    ],
    "infos": [],
    "parser": {
        "id": "slither",
        "mode": "solidity",
        "version": "2022/11/14"
    }
}
