{
    "errors": [
        "EXIT_CODE_255"
    ],
    "fails": [],
    "findings": [
        {
            "confidence": "Medium",
            "contract": "/sb/Shoco.sol",
            "filename": "/home/kaixuan/sast_study/solidity/smartbugs/samples/poc_shift/source_code_vuln/deliver/SHOCO_exp/Shoco.sol",
            "function": "sendETHToTeamDev",
            "impact": "High",
            "line": 1141,
            "line_end": 1143,
            "message": "Shoco.sendETHToTeamDev(uint256) (../..Shoco.sol#1141-1143) sends eth to arbitrary user\n\tDangerous calls:\n\t- _teamDevAddress.transfer(amount.div(2)) (../..Shoco.sol#1142)\n",
            "name": "arbitrary-send-eth"
        },
        {
            "confidence": "Medium",
            "contract": "/sb/Shoco.sol",
            "filename": "/home/kaixuan/sast_study/solidity/smartbugs/samples/poc_shift/source_code_vuln/deliver/SHOCO_exp/Shoco.sol",
            "function": "_transfer",
            "impact": "High",
            "line": 1053,
            "line_end": 1121,
            "message": "Reentrancy in Shoco._transfer(address,address,uint256) (../..Shoco.sol#1053-1121):\n\tExternal calls:\n\t- swapTokensForEth(contractTokenBalance) (../..Shoco.sol#1102)\n\t\t- uniswapV2Router.swapExactTokensForETHSupportingFeeOnTransferTokens(tokenAmount,0,path,address(this),block.timestamp) (../..Shoco.sol#1132-1138)\n\tExternal calls sending eth:\n\t- sendETHToTeamDev(address(this).balance) (../..Shoco.sol#1106)\n\t\t- _teamDevAddress.transfer(amount.div(2)) (../..Shoco.sol#1142)\n\tState variables written after the call(s):\n\t- _tokenTransfer(sender,recipient,amount,takeFee) (../..Shoco.sol#1120)\n\t\t- _rOwned[address(this)] = _rOwned[address(this)].add(rCharity) (../..Shoco.sol#1224)\n\t\t- _rOwned[sender] = _rOwned[sender].sub(rAmount) (../..Shoco.sol#1183)\n\t\t- _rOwned[sender] = _rOwned[sender].sub(rAmount) (../..Shoco.sol#1192)\n\t\t- _rOwned[sender] = _rOwned[sender].sub(rAmount) (../..Shoco.sol#1203)\n\t\t- _rOwned[sender] = _rOwned[sender].sub(rAmount) (../..Shoco.sol#1213)\n\t\t- _rOwned[recipient] = _rOwned[recipient].add(rTransferAmount) (../..Shoco.sol#1184)\n\t\t- _rOwned[recipient] = _rOwned[recipient].add(rTransferAmount) (../..Shoco.sol#1204)\n\t\t- _rOwned[recipient] = _rOwned[recipient].add(rTransferAmount) (../..Shoco.sol#1194)\n\t\t- _rOwned[recipient] = _rOwned[recipient].add(rTransferAmount) (../..Shoco.sol#1215)\n\tShoco._rOwned (../..Shoco.sol#678) can be used in cross function reentrancies:\n\t- Shoco._getCurrentSupply() (../..Shoco.sol#1263-1273)\n\t- Shoco._takeCharity(uint256) (../..Shoco.sol#1221-1227)\n\t- Shoco._transferBothExcluded(address,address,uint256) (../..Shoco.sol#1210-1219)\n\t- Shoco._transferFromExcluded(address,address,uint256) (../..Shoco.sol#1200-1208)\n\t- Shoco._transferStandard(address,address,uint256) (../..Shoco.sol#1181-1188)\n\t- Shoco._transferToExcluded(address,address,uint256) (../..Shoco.sol#1190-1198)\n\t- Shoco.balanceOf(address) (../..Shoco.sol#901-904)\n\t- Shoco.constructor() (../..Shoco.sol#729-877)\n\t- Shoco.deliver(uint256) (../..Shoco.sol#952-959)\n\t- Shoco.excludeAccount(address) (../..Shoco.sol#978-986)\n\t- _tokenTransfer(sender,recipient,amount,takeFee) (../..Shoco.sol#1120)\n\t\t- _rTotal = _rTotal.sub(rFee) (../..Shoco.sol#1230)\n\tShoco._rTotal (../..Shoco.sol#693) can be used in cross function reentrancies:\n\t- Shoco._getCurrentSupply() (../..Shoco.sol#1263-1273)\n\t- Shoco._reflectFee(uint256,uint256) (../..Shoco.sol#1229-1232)\n\t- Shoco.constructor() (../..Shoco.sol#729-877)\n\t- Shoco.deliver(uint256) (../..Shoco.sol#952-959)\n\t- Shoco.tokenFromReflection(uint256) (../..Shoco.sol#972-976)\n\t- _tokenTransfer(sender,recipient,amount,takeFee) (../..Shoco.sol#1120)\n\t\t- _tOwned[address(this)] = _tOwned[address(this)].add(tCharity) (../..Shoco.sol#1226)\n\t\t- _tOwned[sender] = _tOwned[sender].sub(tAmount) (../..Shoco.sol#1202)\n\t\t- _tOwned[sender] = _tOwned[sender].sub(tAmount) (../..Shoco.sol#1212)\n\t\t- _tOwned[recipient] = _tOwned[recipient].add(tTransferAmount) (../..Shoco.sol#1193)\n\t\t- _tOwned[recipient] = _tOwned[recipient].add(tTransferAmount) (../..Shoco.sol#1214)\n\tShoco._tOwned (../..Shoco.sol#679) can be used in cross function reentrancies:\n\t- Shoco._getCurrentSupply() (../..Shoco.sol#1263-1273)\n\t- Shoco._takeCharity(uint256) (../..Shoco.sol#1221-1227)\n\t- Shoco._transferBothExcluded(address,address,uint256) (../..Shoco.sol#1210-1219)\n\t- Shoco._transferFromExcluded(address,address,uint256) (../..Shoco.sol#1200-1208)\n\t- Shoco._transferToExcluded(address,address,uint256) (../..Shoco.sol#1190-1198)\n\t- Shoco.balanceOf(address) (../..Shoco.sol#901-904)\n\t- Shoco.excludeAccount(address) (../..Shoco.sol#978-986)\n\t- Shoco.includeAccount(address) (../..Shoco.sol#988-999)\n",
            "name": "reentrancy-eth"
        },
        {
            "confidence": "High",
            "contract": "/sb/Shoco.sol",
            "filename": "/home/kaixuan/sast_study/solidity/smartbugs/samples/poc_shift/source_code_vuln/deliver/SHOCO_exp/Shoco.sol",
            "function": "owner",
            "impact": "Low",
            "line": 911,
            "message": "Shoco.allowance(address,address).owner (../..Shoco.sol#911) shadows:\n\t- Ownable.owner() (../..Shoco.sol#416-418) (function)\n",
            "name": "shadowing-local"
        },
        {
            "confidence": "High",
            "contract": "/sb/Shoco.sol",
            "filename": "/home/kaixuan/sast_study/solidity/smartbugs/samples/poc_shift/source_code_vuln/deliver/SHOCO_exp/Shoco.sol",
            "function": "owner",
            "impact": "Low",
            "line": 1045,
            "message": "Shoco._approve(address,address,uint256).owner (../..Shoco.sol#1045) shadows:\n\t- Ownable.owner() (../..Shoco.sol#416-418) (function)\n",
            "name": "shadowing-local"
        },
        {
            "confidence": "Medium",
            "contract": "/sb/Shoco.sol",
            "filename": "/home/kaixuan/sast_study/solidity/smartbugs/samples/poc_shift/source_code_vuln/deliver/SHOCO_exp/Shoco.sol",
            "function": "setMaxTxPercent",
            "impact": "Low",
            "line": 1039,
            "line_end": 1043,
            "message": "Shoco.setMaxTxPercent(uint256) (../..Shoco.sol#1039-1043) should emit an event for: \n\t- _maxTxAmount = _tTotal.mul(maxTxPercent).div(10 ** 2) (../..Shoco.sol#1040-1042) \n",
            "name": "events-maths"
        },
        {
            "confidence": "Medium",
            "filename": "/home/kaixuan/sast_study/solidity/smartbugs/samples/poc_shift/source_code_vuln/deliver/SHOCO_exp/Shoco.sol",
            "impact": "Low",
            "line": 1304,
            "message": "Shoco._setExtWallet(address).teamDevAddress (../..Shoco.sol#1304) lacks a zero-check on :\n\t\t- _teamDevAddress = teamDevAddress (../..Shoco.sol#1305)\n",
            "name": "missing-zero-check"
        },
        {
            "confidence": "Medium",
            "contract": "/sb/Shoco.sol",
            "filename": "/home/kaixuan/sast_study/solidity/smartbugs/samples/poc_shift/source_code_vuln/deliver/SHOCO_exp/Shoco.sol",
            "function": "transferFrom",
            "impact": "Low",
            "line": 920,
            "line_end": 924,
            "message": "Reentrancy in Shoco.transferFrom(address,address,uint256) (../..Shoco.sol#920-924):\n\tExternal calls:\n\t- _transfer(sender,recipient,amount) (../..Shoco.sol#921)\n\t\t- uniswapV2Router.swapExactTokensForETHSupportingFeeOnTransferTokens(tokenAmount,0,path,address(this),block.timestamp) (../..Shoco.sol#1132-1138)\n\tExternal calls sending eth:\n\t- _transfer(sender,recipient,amount) (../..Shoco.sol#921)\n\t\t- _teamDevAddress.transfer(amount.div(2)) (../..Shoco.sol#1142)\n\tState variables written after the call(s):\n\t- _approve(sender,_msgSender(),_allowances[sender][_msgSender()].sub(amount,ERC20: transfer amount exceeds allowance)) (../..Shoco.sol#922)\n\t\t- _allowances[owner][spender] = amount (../..Shoco.sol#1049)\n",
            "name": "reentrancy-benign"
        },
        {
            "confidence": "Medium",
            "contract": "/sb/Shoco.sol",
            "filename": "/home/kaixuan/sast_study/solidity/smartbugs/samples/poc_shift/source_code_vuln/deliver/SHOCO_exp/Shoco.sol",
            "function": "_transfer",
            "impact": "Low",
            "line": 1053,
            "line_end": 1121,
            "message": "Reentrancy in Shoco._transfer(address,address,uint256) (../..Shoco.sol#1053-1121):\n\tExternal calls:\n\t- swapTokensForEth(contractTokenBalance) (../..Shoco.sol#1102)\n\t\t- uniswapV2Router.swapExactTokensForETHSupportingFeeOnTransferTokens(tokenAmount,0,path,address(this),block.timestamp) (../..Shoco.sol#1132-1138)\n\tExternal calls sending eth:\n\t- sendETHToTeamDev(address(this).balance) (../..Shoco.sol#1106)\n\t\t- _teamDevAddress.transfer(amount.div(2)) (../..Shoco.sol#1142)\n\tState variables written after the call(s):\n\t- _tokenTransfer(sender,recipient,amount,takeFee) (../..Shoco.sol#1120)\n\t\t- _previousTaxFee = _taxFee (../..Shoco.sol#1023)\n\t- _tokenTransfer(sender,recipient,amount,takeFee) (../..Shoco.sol#1120)\n\t\t- _previousTeamDev = _teamDev (../..Shoco.sol#1024)\n\t- _tokenTransfer(sender,recipient,amount,takeFee) (../..Shoco.sol#1120)\n\t\t- _tFeeTotal = _tFeeTotal.add(tFee) (../..Shoco.sol#1231)\n\t- _tokenTransfer(sender,recipient,amount,takeFee) (../..Shoco.sol#1120)\n\t\t- _taxFee = _previousTaxFee (../..Shoco.sol#1031)\n\t\t- _taxFee = 0 (../..Shoco.sol#1026)\n\t- _tokenTransfer(sender,recipient,amount,takeFee) (../..Shoco.sol#1120)\n\t\t- _teamDev = _previousTeamDev (../..Shoco.sol#1032)\n\t\t- _teamDev = 0 (../..Shoco.sol#1027)\n",
            "name": "reentrancy-benign"
        },
        {
            "confidence": "Medium",
            "contract": "/sb/Shoco.sol",
            "filename": "/home/kaixuan/sast_study/solidity/smartbugs/samples/poc_shift/source_code_vuln/deliver/SHOCO_exp/Shoco.sol",
            "function": "transferFrom",
            "impact": "Low",
            "line": 920,
            "line_end": 924,
            "message": "Reentrancy in Shoco.transferFrom(address,address,uint256) (../..Shoco.sol#920-924):\n\tExternal calls:\n\t- _transfer(sender,recipient,amount) (../..Shoco.sol#921)\n\t\t- uniswapV2Router.swapExactTokensForETHSupportingFeeOnTransferTokens(tokenAmount,0,path,address(this),block.timestamp) (../..Shoco.sol#1132-1138)\n\tExternal calls sending eth:\n\t- _transfer(sender,recipient,amount) (../..Shoco.sol#921)\n\t\t- _teamDevAddress.transfer(amount.div(2)) (../..Shoco.sol#1142)\n\tEvent emitted after the call(s):\n\t- Approval(owner,spender,amount) (../..Shoco.sol#1050)\n\t\t- _approve(sender,_msgSender(),_allowances[sender][_msgSender()].sub(amount,ERC20: transfer amount exceeds allowance)) (../..Shoco.sol#922)\n",
            "name": "reentrancy-events"
        },
        {
            "confidence": "Medium",
            "contract": "/sb/Shoco.sol",
            "filename": "/home/kaixuan/sast_study/solidity/smartbugs/samples/poc_shift/source_code_vuln/deliver/SHOCO_exp/Shoco.sol",
            "function": "_transfer",
            "impact": "Low",
            "line": 1053,
            "line_end": 1121,
            "message": "Reentrancy in Shoco._transfer(address,address,uint256) (../..Shoco.sol#1053-1121):\n\tExternal calls:\n\t- swapTokensForEth(contractTokenBalance) (../..Shoco.sol#1102)\n\t\t- uniswapV2Router.swapExactTokensForETHSupportingFeeOnTransferTokens(tokenAmount,0,path,address(this),block.timestamp) (../..Shoco.sol#1132-1138)\n\tExternal calls sending eth:\n\t- sendETHToTeamDev(address(this).balance) (../..Shoco.sol#1106)\n\t\t- _teamDevAddress.transfer(amount.div(2)) (../..Shoco.sol#1142)\n\tEvent emitted after the call(s):\n\t- Transfer(sender,recipient,tTransferAmount) (../..Shoco.sol#1187)\n\t\t- _tokenTransfer(sender,recipient,amount,takeFee) (../..Shoco.sol#1120)\n\t- Transfer(sender,recipient,tTransferAmount) (../..Shoco.sol#1197)\n\t\t- _tokenTransfer(sender,recipient,amount,takeFee) (../..Shoco.sol#1120)\n\t- Transfer(sender,recipient,tTransferAmount) (../..Shoco.sol#1207)\n\t\t- _tokenTransfer(sender,recipient,amount,takeFee) (../..Shoco.sol#1120)\n\t- Transfer(sender,recipient,tTransferAmount) (../..Shoco.sol#1218)\n\t\t- _tokenTransfer(sender,recipient,amount,takeFee) (../..Shoco.sol#1120)\n",
            "name": "reentrancy-events"
        },
        {
            "confidence": "Medium",
            "contract": "/sb/Shoco.sol",
            "filename": "/home/kaixuan/sast_study/solidity/smartbugs/samples/poc_shift/source_code_vuln/deliver/SHOCO_exp/Shoco.sol",
            "function": "_transfer",
            "impact": "Low",
            "line": 1053,
            "line_end": 1121,
            "message": "Shoco._transfer(address,address,uint256) (../..Shoco.sol#1053-1121) uses timestamp for comparisons\n\tDangerous comparisons:\n\t- block.timestamp > _lastTx[sender] (../..Shoco.sol#1070)\n",
            "name": "timestamp"
        },
        {
            "confidence": "Medium",
            "contract": "/sb/Shoco.sol",
            "filename": "/home/kaixuan/sast_study/solidity/smartbugs/samples/poc_shift/source_code_vuln/deliver/SHOCO_exp/Shoco.sol",
            "function": "unlock",
            "impact": "Low",
            "line": 463,
            "line_end": 468,
            "message": "Ownable.unlock() (../..Shoco.sol#463-468) uses timestamp for comparisons\n\tDangerous comparisons:\n\t- require(bool,string)(now > _lockTime,Contract is locked until 7 days) (../..Shoco.sol#465)\n",
            "name": "timestamp"
        },
        {
            "confidence": "High",
            "contract": "/sb/Shoco.sol",
            "filename": "/home/kaixuan/sast_study/solidity/smartbugs/samples/poc_shift/source_code_vuln/deliver/SHOCO_exp/Shoco.sol",
            "function": "isContract",
            "impact": "Informational",
            "line": 280,
            "line_end": 289,
            "message": "Address.isContract(address) (../..Shoco.sol#280-289) uses assembly\n\t- INLINE ASM (../..Shoco.sol#287)\n",
            "name": "assembly"
        },
        {
            "confidence": "High",
            "contract": "/sb/Shoco.sol",
            "filename": "/home/kaixuan/sast_study/solidity/smartbugs/samples/poc_shift/source_code_vuln/deliver/SHOCO_exp/Shoco.sol",
            "function": "_functionCallWithValue",
            "impact": "Informational",
            "line": 373,
            "line_end": 394,
            "message": "Address._functionCallWithValue(address,bytes,uint256,string) (../..Shoco.sol#373-394) uses assembly\n\t- INLINE ASM (../..Shoco.sol#386-389)\n",
            "name": "assembly"
        },
        {
            "confidence": "Medium",
            "contract": "/sb/Shoco.sol",
            "filename": "/home/kaixuan/sast_study/solidity/smartbugs/samples/poc_shift/source_code_vuln/deliver/SHOCO_exp/Shoco.sol",
            "function": "includeAccount",
            "impact": "Informational",
            "line": 988,
            "line_end": 999,
            "message": "Shoco.includeAccount(address) (../..Shoco.sol#988-999) has costly operations inside a loop:\n\t- _excluded.pop() (../..Shoco.sol#995)\n",
            "name": "costly-loop"
        },
        {
            "confidence": "Medium",
            "contract": "/sb/Shoco.sol",
            "filename": "/home/kaixuan/sast_study/solidity/smartbugs/samples/poc_shift/source_code_vuln/deliver/SHOCO_exp/Shoco.sol",
            "function": "amnestySniper",
            "impact": "Informational",
            "line": 1008,
            "line_end": 1018,
            "message": "Shoco.amnestySniper(address) (../..Shoco.sol#1008-1018) has costly operations inside a loop:\n\t- _confirmedSnipers.pop() (../..Shoco.sol#1014)\n",
            "name": "costly-loop"
        },
        {
            "confidence": "Medium",
            "contract": "/sb/Shoco.sol",
            "filename": "/home/kaixuan/sast_study/solidity/smartbugs/samples/poc_shift/source_code_vuln/deliver/SHOCO_exp/Shoco.sol",
            "function": "sendValue",
            "impact": "Informational",
            "line": 307,
            "line_end": 313,
            "message": "Address.sendValue(address,uint256) (../..Shoco.sol#307-313) is never used and should be removed\n",
            "name": "dead-code"
        },
        {
            "confidence": "Medium",
            "contract": "/sb/Shoco.sol",
            "filename": "/home/kaixuan/sast_study/solidity/smartbugs/samples/poc_shift/source_code_vuln/deliver/SHOCO_exp/Shoco.sol",
            "function": "functionCallWithValue",
            "impact": "Informational",
            "line": 358,
            "line_end": 360,
            "message": "Address.functionCallWithValue(address,bytes,uint256) (../..Shoco.sol#358-360) is never used and should be removed\n",
            "name": "dead-code"
        },
        {
            "confidence": "Medium",
            "contract": "/sb/Shoco.sol",
            "filename": "/home/kaixuan/sast_study/solidity/smartbugs/samples/poc_shift/source_code_vuln/deliver/SHOCO_exp/Shoco.sol",
            "function": "_getTaxFee",
            "impact": "Informational",
            "line": 1275,
            "line_end": 1277,
            "message": "Shoco._getTaxFee() (../..Shoco.sol#1275-1277) is never used and should be removed\n",
            "name": "dead-code"
        },
        {
            "confidence": "Medium",
            "contract": "/sb/Shoco.sol",
            "filename": "/home/kaixuan/sast_study/solidity/smartbugs/samples/poc_shift/source_code_vuln/deliver/SHOCO_exp/Shoco.sol",
            "function": "mod",
            "impact": "Informational",
            "line": 256,
            "line_end": 259,
            "message": "SafeMath.mod(uint256,uint256,string) (../..Shoco.sol#256-259) is never used and should be removed\n",
            "name": "dead-code"
        },
        {
            "confidence": "Medium",
            "contract": "/sb/Shoco.sol",
            "filename": "/home/kaixuan/sast_study/solidity/smartbugs/samples/poc_shift/source_code_vuln/deliver/SHOCO_exp/Shoco.sol",
            "function": "functionCallWithValue",
            "impact": "Informational",
            "line": 368,
            "line_end": 371,
            "message": "Address.functionCallWithValue(address,bytes,uint256,string) (../..Shoco.sol#368-371) is never used and should be removed\n",
            "name": "dead-code"
        },
        {
            "confidence": "Medium",
            "contract": "/sb/Shoco.sol",
            "filename": "/home/kaixuan/sast_study/solidity/smartbugs/samples/poc_shift/source_code_vuln/deliver/SHOCO_exp/Shoco.sol",
            "function": "_msgData",
            "impact": "Informational",
            "line": 42,
            "line_end": 45,
            "message": "Context._msgData() (../..Shoco.sol#42-45) is never used and should be removed\n",
            "name": "dead-code"
        },
        {
            "confidence": "Medium",
            "contract": "/sb/Shoco.sol",
            "filename": "/home/kaixuan/sast_study/solidity/smartbugs/samples/poc_shift/source_code_vuln/deliver/SHOCO_exp/Shoco.sol",
            "function": "mod",
            "impact": "Informational",
            "line": 240,
            "line_end": 242,
            "message": "SafeMath.mod(uint256,uint256) (../..Shoco.sol#240-242) is never used and should be removed\n",
            "name": "dead-code"
        },
        {
            "confidence": "Medium",
            "contract": "/sb/Shoco.sol",
            "filename": "/home/kaixuan/sast_study/solidity/smartbugs/samples/poc_shift/source_code_vuln/deliver/SHOCO_exp/Shoco.sol",
            "function": "_getMaxTxAmount",
            "impact": "Informational",
            "line": 1279,
            "line_end": 1281,
            "message": "Shoco._getMaxTxAmount() (../..Shoco.sol#1279-1281) is never used and should be removed\n",
            "name": "dead-code"
        },
        {
            "confidence": "Medium",
            "contract": "/sb/Shoco.sol",
            "filename": "/home/kaixuan/sast_study/solidity/smartbugs/samples/poc_shift/source_code_vuln/deliver/SHOCO_exp/Shoco.sol",
            "function": "_functionCallWithValue",
            "impact": "Informational",
            "line": 373,
            "line_end": 394,
            "message": "Address._functionCallWithValue(address,bytes,uint256,string) (../..Shoco.sol#373-394) is never used and should be removed\n",
            "name": "dead-code"
        },
        {
            "confidence": "Medium",
            "contract": "/sb/Shoco.sol",
            "filename": "/home/kaixuan/sast_study/solidity/smartbugs/samples/poc_shift/source_code_vuln/deliver/SHOCO_exp/Shoco.sol",
            "function": "isContract",
            "impact": "Informational",
            "line": 280,
            "line_end": 289,
            "message": "Address.isContract(address) (../..Shoco.sol#280-289) is never used and should be removed\n",
            "name": "dead-code"
        },
        {
            "confidence": "Medium",
            "contract": "/sb/Shoco.sol",
            "filename": "/home/kaixuan/sast_study/solidity/smartbugs/samples/poc_shift/source_code_vuln/deliver/SHOCO_exp/Shoco.sol",
            "function": "functionCall",
            "impact": "Informational",
            "line": 343,
            "line_end": 345,
            "message": "Address.functionCall(address,bytes,string) (../..Shoco.sol#343-345) is never used and should be removed\n",
            "name": "dead-code"
        },
        {
            "confidence": "Medium",
            "contract": "/sb/Shoco.sol",
            "filename": "/home/kaixuan/sast_study/solidity/smartbugs/samples/poc_shift/source_code_vuln/deliver/SHOCO_exp/Shoco.sol",
            "function": "functionCall",
            "impact": "Informational",
            "line": 333,
            "line_end": 335,
            "message": "Address.functionCall(address,bytes) (../..Shoco.sol#333-335) is never used and should be removed\n",
            "name": "dead-code"
        },
        {
            "confidence": "High",
            "filename": "/home/kaixuan/sast_study/solidity/smartbugs/samples/poc_shift/source_code_vuln/deliver/SHOCO_exp/Shoco.sol",
            "impact": "Informational",
            "line": 693,
            "message": "Shoco._rTotal (../..Shoco.sol#693) is set pre-construction with a non-constant function or state variable:\n\t- (MAX - (MAX % _tTotal))\n",
            "name": "function-init-state"
        },
        {
            "confidence": "High",
            "filename": "/home/kaixuan/sast_study/solidity/smartbugs/samples/poc_shift/source_code_vuln/deliver/SHOCO_exp/Shoco.sol",
            "impact": "Informational",
            "line": 703,
            "message": "Shoco._previousTeamDev (../..Shoco.sol#703) is set pre-construction with a non-constant function or state variable:\n\t- _teamDev\n",
            "name": "function-init-state"
        },
        {
            "confidence": "High",
            "filename": "/home/kaixuan/sast_study/solidity/smartbugs/samples/poc_shift/source_code_vuln/deliver/SHOCO_exp/Shoco.sol",
            "impact": "Informational",
            "line": 702,
            "message": "Shoco._previousTaxFee (../..Shoco.sol#702) is set pre-construction with a non-constant function or state variable:\n\t- _taxFee\n",
            "name": "function-init-state"
        },
        {
            "confidence": "High",
            "filename": "/home/kaixuan/sast_study/solidity/smartbugs/samples/poc_shift/source_code_vuln/deliver/SHOCO_exp/Shoco.sol",
            "impact": "Informational",
            "line": 35,
            "message": "Pragma version^0.6.12 (../..Shoco.sol#35) allows old versions\n",
            "name": "solc-version"
        },
        {
            "confidence": "High",
            "filename": "/home/kaixuan/sast_study/solidity/smartbugs/samples/poc_shift/source_code_vuln/deliver/SHOCO_exp/Shoco.sol",
            "impact": "Informational",
            "message": "solc-0.6.12 is not recommended for deployment\n",
            "name": "solc-version"
        },
        {
            "confidence": "High",
            "contract": "/sb/Shoco.sol",
            "filename": "/home/kaixuan/sast_study/solidity/smartbugs/samples/poc_shift/source_code_vuln/deliver/SHOCO_exp/Shoco.sol",
            "function": "sendValue",
            "impact": "Informational",
            "line": 307,
            "line_end": 313,
            "message": "Low level call in Address.sendValue(address,uint256) (../..Shoco.sol#307-313):\n\t- (success) = recipient.call{value: amount}() (../..Shoco.sol#311)\n",
            "name": "low-level-calls"
        },
        {
            "confidence": "High",
            "contract": "/sb/Shoco.sol",
            "filename": "/home/kaixuan/sast_study/solidity/smartbugs/samples/poc_shift/source_code_vuln/deliver/SHOCO_exp/Shoco.sol",
            "function": "_functionCallWithValue",
            "impact": "Informational",
            "line": 373,
            "line_end": 394,
            "message": "Low level call in Address._functionCallWithValue(address,bytes,uint256,string) (../..Shoco.sol#373-394):\n\t- (success,returndata) = target.call{value: weiValue}(data) (../..Shoco.sol#377)\n",
            "name": "low-level-calls"
        },
        {
            "confidence": "High",
            "contract": "/sb/Shoco.sol",
            "filename": "/home/kaixuan/sast_study/solidity/smartbugs/samples/poc_shift/source_code_vuln/deliver/SHOCO_exp/Shoco.sol",
            "function": "_removeDestLimit",
            "impact": "Informational",
            "line": 1292,
            "line_end": 1294,
            "message": "Function Shoco._removeDestLimit() (../..Shoco.sol#1292-1294) is not in mixedCase\n",
            "name": "naming-convention"
        },
        {
            "confidence": "High",
            "contract": "/sb/Shoco.sol",
            "filename": "/home/kaixuan/sast_study/solidity/smartbugs/samples/poc_shift/source_code_vuln/deliver/SHOCO_exp/Shoco.sol",
            "function": "_getETHBalance",
            "impact": "Informational",
            "line": 1283,
            "line_end": 1285,
            "message": "Function Shoco._getETHBalance() (../..Shoco.sol#1283-1285) is not in mixedCase\n",
            "name": "naming-convention"
        },
        {
            "confidence": "High",
            "contract": "/sb/Shoco.sol",
            "filename": "/home/kaixuan/sast_study/solidity/smartbugs/samples/poc_shift/source_code_vuln/deliver/SHOCO_exp/Shoco.sol",
            "function": "PERMIT_TYPEHASH",
            "impact": "Informational",
            "line": 503,
            "message": "Function IUniswapV2Pair.PERMIT_TYPEHASH() (../..Shoco.sol#503) is not in mixedCase\n",
            "name": "naming-convention"
        },
        {
            "confidence": "High",
            "contract": "/sb/Shoco.sol",
            "filename": "/home/kaixuan/sast_study/solidity/smartbugs/samples/poc_shift/source_code_vuln/deliver/SHOCO_exp/Shoco.sol",
            "function": "_removeTxLimit",
            "impact": "Informational",
            "line": 1287,
            "line_end": 1289,
            "message": "Function Shoco._removeTxLimit() (../..Shoco.sol#1287-1289) is not in mixedCase\n",
            "name": "naming-convention"
        },
        {
            "confidence": "High",
            "contract": "/sb/Shoco.sol",
            "filename": "/home/kaixuan/sast_study/solidity/smartbugs/samples/poc_shift/source_code_vuln/deliver/SHOCO_exp/Shoco.sol",
            "function": "MINIMUM_LIQUIDITY",
            "impact": "Informational",
            "line": 520,
            "message": "Function IUniswapV2Pair.MINIMUM_LIQUIDITY() (../..Shoco.sol#520) is not in mixedCase\n",
            "name": "naming-convention"
        },
        {
            "confidence": "High",
            "contract": "/sb/Shoco.sol",
            "filename": "/home/kaixuan/sast_study/solidity/smartbugs/samples/poc_shift/source_code_vuln/deliver/SHOCO_exp/Shoco.sol",
            "function": "DOMAIN_SEPARATOR",
            "impact": "Informational",
            "line": 502,
            "message": "Function IUniswapV2Pair.DOMAIN_SEPARATOR() (../..Shoco.sol#502) is not in mixedCase\n",
            "name": "naming-convention"
        },
        {
            "confidence": "High",
            "filename": "/home/kaixuan/sast_study/solidity/smartbugs/samples/poc_shift/source_code_vuln/deliver/SHOCO_exp/Shoco.sol",
            "impact": "Informational",
            "line": 716,
            "message": "Variable Shoco._maxTxAmount (../..Shoco.sol#716) is not in mixedCase\n",
            "name": "naming-convention"
        },
        {
            "confidence": "High",
            "contract": "/sb/Shoco.sol",
            "filename": "/home/kaixuan/sast_study/solidity/smartbugs/samples/poc_shift/source_code_vuln/deliver/SHOCO_exp/Shoco.sol",
            "function": "_enableCooldown",
            "impact": "Informational",
            "line": 1300,
            "line_end": 1302,
            "message": "Function Shoco._enableCooldown() (../..Shoco.sol#1300-1302) is not in mixedCase\n",
            "name": "naming-convention"
        },
        {
            "confidence": "High",
            "contract": "/sb/Shoco.sol",
            "filename": "/home/kaixuan/sast_study/solidity/smartbugs/samples/poc_shift/source_code_vuln/deliver/SHOCO_exp/Shoco.sol",
            "function": "RemoveSniper",
            "impact": "Informational",
            "line": 1001,
            "line_end": 1006,
            "message": "Function Shoco.RemoveSniper(address) (../..Shoco.sol#1001-1006) is not in mixedCase\n",
            "name": "naming-convention"
        },
        {
            "confidence": "High",
            "contract": "/sb/Shoco.sol",
            "filename": "/home/kaixuan/sast_study/solidity/smartbugs/samples/poc_shift/source_code_vuln/deliver/SHOCO_exp/Shoco.sol",
            "function": "_disableCooldown",
            "impact": "Informational",
            "line": 1296,
            "line_end": 1298,
            "message": "Function Shoco._disableCooldown() (../..Shoco.sol#1296-1298) is not in mixedCase\n",
            "name": "naming-convention"
        },
        {
            "confidence": "High",
            "contract": "/sb/Shoco.sol",
            "filename": "/home/kaixuan/sast_study/solidity/smartbugs/samples/poc_shift/source_code_vuln/deliver/SHOCO_exp/Shoco.sol",
            "function": "_setExtWallet",
            "impact": "Informational",
            "line": 1304,
            "line_end": 1306,
            "message": "Function Shoco._setExtWallet(address) (../..Shoco.sol#1304-1306) is not in mixedCase\n",
            "name": "naming-convention"
        },
        {
            "confidence": "High",
            "contract": "/sb/Shoco.sol",
            "filename": "/home/kaixuan/sast_study/solidity/smartbugs/samples/poc_shift/source_code_vuln/deliver/SHOCO_exp/Shoco.sol",
            "function": "WETH",
            "impact": "Informational",
            "line": 540,
            "message": "Function IUniswapV2Router01.WETH() (../..Shoco.sol#540) is not in mixedCase\n",
            "name": "naming-convention"
        },
        {
            "confidence": "High",
            "filename": "/home/kaixuan/sast_study/solidity/smartbugs/samples/poc_shift/source_code_vuln/deliver/SHOCO_exp/Shoco.sol",
            "impact": "Informational",
            "line": 43,
            "message": "Redundant expression \"this (../..Shoco.sol#43)\" inContext (../..Shoco.sol#37-46)\n",
            "name": "redundant-statements"
        },
        {
            "confidence": "Medium",
            "contract": "/sb/Shoco.sol",
            "filename": "/home/kaixuan/sast_study/solidity/smartbugs/samples/poc_shift/source_code_vuln/deliver/SHOCO_exp/Shoco.sol",
            "function": "transferFrom",
            "impact": "Informational",
            "line": 920,
            "line_end": 924,
            "message": "Reentrancy in Shoco.transferFrom(address,address,uint256) (../..Shoco.sol#920-924):\n\tExternal calls:\n\t- _transfer(sender,recipient,amount) (../..Shoco.sol#921)\n\t\t- _teamDevAddress.transfer(amount.div(2)) (../..Shoco.sol#1142)\n\tState variables written after the call(s):\n\t- _approve(sender,_msgSender(),_allowances[sender][_msgSender()].sub(amount,ERC20: transfer amount exceeds allowance)) (../..Shoco.sol#922)\n\t\t- _allowances[owner][spender] = amount (../..Shoco.sol#1049)\n\tEvent emitted after the call(s):\n\t- Approval(owner,spender,amount) (../..Shoco.sol#1050)\n\t\t- _approve(sender,_msgSender(),_allowances[sender][_msgSender()].sub(amount,ERC20: transfer amount exceeds allowance)) (../..Shoco.sol#922)\n",
            "name": "reentrancy-unlimited-gas"
        },
        {
            "confidence": "Medium",
            "contract": "/sb/Shoco.sol",
            "filename": "/home/kaixuan/sast_study/solidity/smartbugs/samples/poc_shift/source_code_vuln/deliver/SHOCO_exp/Shoco.sol",
            "function": "_transfer",
            "impact": "Informational",
            "line": 1053,
            "line_end": 1121,
            "message": "Reentrancy in Shoco._transfer(address,address,uint256) (../..Shoco.sol#1053-1121):\n\tExternal calls:\n\t- sendETHToTeamDev(address(this).balance) (../..Shoco.sol#1106)\n\t\t- _teamDevAddress.transfer(amount.div(2)) (../..Shoco.sol#1142)\n\tState variables written after the call(s):\n\t- _tokenTransfer(sender,recipient,amount,takeFee) (../..Shoco.sol#1120)\n\t\t- _previousTaxFee = _taxFee (../..Shoco.sol#1023)\n\t- _tokenTransfer(sender,recipient,amount,takeFee) (../..Shoco.sol#1120)\n\t\t- _previousTeamDev = _teamDev (../..Shoco.sol#1024)\n\t- _tokenTransfer(sender,recipient,amount,takeFee) (../..Shoco.sol#1120)\n\t\t- _rOwned[address(this)] = _rOwned[address(this)].add(rCharity) (../..Shoco.sol#1224)\n\t\t- _rOwned[sender] = _rOwned[sender].sub(rAmount) (../..Shoco.sol#1183)\n\t\t- _rOwned[sender] = _rOwned[sender].sub(rAmount) (../..Shoco.sol#1192)\n\t\t- _rOwned[sender] = _rOwned[sender].sub(rAmount) (../..Shoco.sol#1203)\n\t\t- _rOwned[sender] = _rOwned[sender].sub(rAmount) (../..Shoco.sol#1213)\n\t\t- _rOwned[recipient] = _rOwned[recipient].add(rTransferAmount) (../..Shoco.sol#1184)\n\t\t- _rOwned[recipient] = _rOwned[recipient].add(rTransferAmount) (../..Shoco.sol#1204)\n\t\t- _rOwned[recipient] = _rOwned[recipient].add(rTransferAmount) (../..Shoco.sol#1194)\n\t\t- _rOwned[recipient] = _rOwned[recipient].add(rTransferAmount) (../..Shoco.sol#1215)\n\t- _tokenTransfer(sender,recipient,amount,takeFee) (../..Shoco.sol#1120)\n\t\t- _rTotal = _rTotal.sub(rFee) (../..Shoco.sol#1230)\n\t- _tokenTransfer(sender,recipient,amount,takeFee) (../..Shoco.sol#1120)\n\t\t- _tFeeTotal = _tFeeTotal.add(tFee) (../..Shoco.sol#1231)\n\t- _tokenTransfer(sender,recipient,amount,takeFee) (../..Shoco.sol#1120)\n\t\t- _tOwned[address(this)] = _tOwned[address(this)].add(tCharity) (../..Shoco.sol#1226)\n\t\t- _tOwned[sender] = _tOwned[sender].sub(tAmount) (../..Shoco.sol#1202)\n\t\t- _tOwned[sender] = _tOwned[sender].sub(tAmount) (../..Shoco.sol#1212)\n\t\t- _tOwned[recipient] = _tOwned[recipient].add(tTransferAmount) (../..Shoco.sol#1193)\n\t\t- _tOwned[recipient] = _tOwned[recipient].add(tTransferAmount) (../..Shoco.sol#1214)\n\t- _tokenTransfer(sender,recipient,amount,takeFee) (../..Shoco.sol#1120)\n\t\t- _taxFee = _previousTaxFee (../..Shoco.sol#1031)\n\t\t- _taxFee = 0 (../..Shoco.sol#1026)\n\t- _tokenTransfer(sender,recipient,amount,takeFee) (../..Shoco.sol#1120)\n\t\t- _teamDev = _previousTeamDev (../..Shoco.sol#1032)\n\t\t- _teamDev = 0 (../..Shoco.sol#1027)\n\tEvent emitted after the call(s):\n\t- Transfer(sender,recipient,tTransferAmount) (../..Shoco.sol#1187)\n\t\t- _tokenTransfer(sender,recipient,amount,takeFee) (../..Shoco.sol#1120)\n\t- Transfer(sender,recipient,tTransferAmount) (../..Shoco.sol#1197)\n\t\t- _tokenTransfer(sender,recipient,amount,takeFee) (../..Shoco.sol#1120)\n\t- Transfer(sender,recipient,tTransferAmount) (../..Shoco.sol#1207)\n\t\t- _tokenTransfer(sender,recipient,amount,takeFee) (../..Shoco.sol#1120)\n\t- Transfer(sender,recipient,tTransferAmount) (../..Shoco.sol#1218)\n\t\t- _tokenTransfer(sender,recipient,amount,takeFee) (../..Shoco.sol#1120)\n",
            "name": "reentrancy-unlimited-gas"
        },
        {
            "confidence": "Medium",
            "filename": "/home/kaixuan/sast_study/solidity/smartbugs/samples/poc_shift/source_code_vuln/deliver/SHOCO_exp/Shoco.sol",
            "impact": "Informational",
            "line": 1191,
            "message": "Variable Shoco._transferToExcluded(address,address,uint256).rTransferAmount (../..Shoco.sol#1191) is too similar to Shoco._getValues(uint256).tTransferAmount (../..Shoco.sol#1238)\n",
            "name": "similar-names"
        },
        {
            "confidence": "Medium",
            "filename": "/home/kaixuan/sast_study/solidity/smartbugs/samples/poc_shift/source_code_vuln/deliver/SHOCO_exp/Shoco.sol",
            "impact": "Informational",
            "line": 1211,
            "message": "Variable Shoco._transferBothExcluded(address,address,uint256).rTransferAmount (../..Shoco.sol#1211) is too similar to Shoco._getValues(uint256).tTransferAmount (../..Shoco.sol#1238)\n",
            "name": "similar-names"
        },
        {
            "confidence": "Medium",
            "filename": "/home/kaixuan/sast_study/solidity/smartbugs/samples/poc_shift/source_code_vuln/deliver/SHOCO_exp/Shoco.sol",
            "impact": "Informational",
            "line": 967,
            "message": "Variable Shoco.reflectionFromToken(uint256,bool).rTransferAmount (../..Shoco.sol#967) is too similar to Shoco._transferFromExcluded(address,address,uint256).tTransferAmount (../..Shoco.sol#1201)\n",
            "name": "similar-names"
        },
        {
            "confidence": "Medium",
            "filename": "/home/kaixuan/sast_study/solidity/smartbugs/samples/poc_shift/source_code_vuln/deliver/SHOCO_exp/Shoco.sol",
            "impact": "Informational",
            "line": 1211,
            "message": "Variable Shoco._transferBothExcluded(address,address,uint256).rTransferAmount (../..Shoco.sol#1211) is too similar to Shoco._getTValues(uint256,uint256,uint256).tTransferAmount (../..Shoco.sol#1247)\n",
            "name": "similar-names"
        },
        {
            "confidence": "Medium",
            "filename": "/home/kaixuan/sast_study/solidity/smartbugs/samples/poc_shift/source_code_vuln/deliver/SHOCO_exp/Shoco.sol",
            "impact": "Informational",
            "line": 1211,
            "message": "Variable Shoco._transferBothExcluded(address,address,uint256).rTransferAmount (../..Shoco.sol#1211) is too similar to Shoco._transferFromExcluded(address,address,uint256).tTransferAmount (../..Shoco.sol#1201)\n",
            "name": "similar-names"
        },
        {
            "confidence": "Medium",
            "filename": "/home/kaixuan/sast_study/solidity/smartbugs/samples/poc_shift/source_code_vuln/deliver/SHOCO_exp/Shoco.sol",
            "impact": "Informational",
            "line": 1182,
            "message": "Variable Shoco._transferStandard(address,address,uint256).rTransferAmount (../..Shoco.sol#1182) is too similar to Shoco._getValues(uint256).tTransferAmount (../..Shoco.sol#1238)\n",
            "name": "similar-names"
        },
        {
            "confidence": "Medium",
            "filename": "/home/kaixuan/sast_study/solidity/smartbugs/samples/poc_shift/source_code_vuln/deliver/SHOCO_exp/Shoco.sol",
            "impact": "Informational",
            "line": 1191,
            "message": "Variable Shoco._transferToExcluded(address,address,uint256).rTransferAmount (../..Shoco.sol#1191) is too similar to Shoco._transferStandard(address,address,uint256).tTransferAmount (../..Shoco.sol#1182)\n",
            "name": "similar-names"
        },
        {
            "confidence": "Medium",
            "filename": "/home/kaixuan/sast_study/solidity/smartbugs/samples/poc_shift/source_code_vuln/deliver/SHOCO_exp/Shoco.sol",
            "impact": "Informational",
            "line": 1254,
            "message": "Variable Shoco._getRValues(uint256,uint256,uint256).rTransferAmount (../..Shoco.sol#1254) is too similar to Shoco._transferBothExcluded(address,address,uint256).tTransferAmount (../..Shoco.sol#1211)\n",
            "name": "similar-names"
        },
        {
            "confidence": "Medium",
            "filename": "/home/kaixuan/sast_study/solidity/smartbugs/samples/poc_shift/source_code_vuln/deliver/SHOCO_exp/Shoco.sol",
            "impact": "Informational",
            "line": 967,
            "message": "Variable Shoco.reflectionFromToken(uint256,bool).rTransferAmount (../..Shoco.sol#967) is too similar to Shoco._transferBothExcluded(address,address,uint256).tTransferAmount (../..Shoco.sol#1211)\n",
            "name": "similar-names"
        },
        {
            "confidence": "Medium",
            "filename": "/home/kaixuan/sast_study/solidity/smartbugs/samples/poc_shift/source_code_vuln/deliver/SHOCO_exp/Shoco.sol",
            "impact": "Informational",
            "line": 1201,
            "message": "Variable Shoco._transferFromExcluded(address,address,uint256).rTransferAmount (../..Shoco.sol#1201) is too similar to Shoco._transferToExcluded(address,address,uint256).tTransferAmount (../..Shoco.sol#1191)\n",
            "name": "similar-names"
        },
        {
            "confidence": "Medium",
            "filename": "/home/kaixuan/sast_study/solidity/smartbugs/samples/poc_shift/source_code_vuln/deliver/SHOCO_exp/Shoco.sol",
            "impact": "Informational",
            "line": 1182,
            "message": "Variable Shoco._transferStandard(address,address,uint256).rTransferAmount (../..Shoco.sol#1182) is too similar to Shoco._transferFromExcluded(address,address,uint256).tTransferAmount (../..Shoco.sol#1201)\n",
            "name": "similar-names"
        },
        {
            "confidence": "Medium",
            "filename": "/home/kaixuan/sast_study/solidity/smartbugs/samples/poc_shift/source_code_vuln/deliver/SHOCO_exp/Shoco.sol",
            "impact": "Informational",
            "line": 1240,
            "message": "Variable Shoco._getValues(uint256).rTransferAmount (../..Shoco.sol#1240) is too similar to Shoco._getValues(uint256).tTransferAmount (../..Shoco.sol#1238)\n",
            "name": "similar-names"
        },
        {
            "confidence": "Medium",
            "filename": "/home/kaixuan/sast_study/solidity/smartbugs/samples/poc_shift/source_code_vuln/deliver/SHOCO_exp/Shoco.sol",
            "impact": "Informational",
            "line": 1240,
            "message": "Variable Shoco._getValues(uint256).rTransferAmount (../..Shoco.sol#1240) is too similar to Shoco._transferFromExcluded(address,address,uint256).tTransferAmount (../..Shoco.sol#1201)\n",
            "name": "similar-names"
        },
        {
            "confidence": "Medium",
            "filename": "/home/kaixuan/sast_study/solidity/smartbugs/samples/poc_shift/source_code_vuln/deliver/SHOCO_exp/Shoco.sol",
            "impact": "Informational",
            "line": 1191,
            "message": "Variable Shoco._transferToExcluded(address,address,uint256).rTransferAmount (../..Shoco.sol#1191) is too similar to Shoco._getTValues(uint256,uint256,uint256).tTransferAmount (../..Shoco.sol#1247)\n",
            "name": "similar-names"
        },
        {
            "confidence": "Medium",
            "filename": "/home/kaixuan/sast_study/solidity/smartbugs/samples/poc_shift/source_code_vuln/deliver/SHOCO_exp/Shoco.sol",
            "impact": "Informational",
            "line": 1182,
            "message": "Variable Shoco._transferStandard(address,address,uint256).rTransferAmount (../..Shoco.sol#1182) is too similar to Shoco._transferBothExcluded(address,address,uint256).tTransferAmount (../..Shoco.sol#1211)\n",
            "name": "similar-names"
        },
        {
            "confidence": "Medium",
            "filename": "/home/kaixuan/sast_study/solidity/smartbugs/samples/poc_shift/source_code_vuln/deliver/SHOCO_exp/Shoco.sol",
            "impact": "Informational",
            "line": 1191,
            "message": "Variable Shoco._transferToExcluded(address,address,uint256).rTransferAmount (../..Shoco.sol#1191) is too similar to Shoco._transferBothExcluded(address,address,uint256).tTransferAmount (../..Shoco.sol#1211)\n",
            "name": "similar-names"
        },
        {
            "confidence": "Medium",
            "filename": "/home/kaixuan/sast_study/solidity/smartbugs/samples/poc_shift/source_code_vuln/deliver/SHOCO_exp/Shoco.sol",
            "impact": "Informational",
            "line": 1201,
            "message": "Variable Shoco._transferFromExcluded(address,address,uint256).rTransferAmount (../..Shoco.sol#1201) is too similar to Shoco._getValues(uint256).tTransferAmount (../..Shoco.sol#1238)\n",
            "name": "similar-names"
        },
        {
            "confidence": "Medium",
            "filename": "/home/kaixuan/sast_study/solidity/smartbugs/samples/poc_shift/source_code_vuln/deliver/SHOCO_exp/Shoco.sol",
            "impact": "Informational",
            "line": 1211,
            "message": "Variable Shoco._transferBothExcluded(address,address,uint256).rTransferAmount (../..Shoco.sol#1211) is too similar to Shoco._transferBothExcluded(address,address,uint256).tTransferAmount (../..Shoco.sol#1211)\n",
            "name": "similar-names"
        },
        {
            "confidence": "Medium",
            "filename": "/home/kaixuan/sast_study/solidity/smartbugs/samples/poc_shift/source_code_vuln/deliver/SHOCO_exp/Shoco.sol",
            "impact": "Informational",
            "line": 1182,
            "message": "Variable Shoco._transferStandard(address,address,uint256).rTransferAmount (../..Shoco.sol#1182) is too similar to Shoco._transferStandard(address,address,uint256).tTransferAmount (../..Shoco.sol#1182)\n",
            "name": "similar-names"
        },
        {
            "confidence": "Medium",
            "filename": "/home/kaixuan/sast_study/solidity/smartbugs/samples/poc_shift/source_code_vuln/deliver/SHOCO_exp/Shoco.sol",
            "impact": "Informational",
            "line": 1254,
            "message": "Variable Shoco._getRValues(uint256,uint256,uint256).rTransferAmount (../..Shoco.sol#1254) is too similar to Shoco._getTValues(uint256,uint256,uint256).tTransferAmount (../..Shoco.sol#1247)\n",
            "name": "similar-names"
        },
        {
            "confidence": "Medium",
            "filename": "/home/kaixuan/sast_study/solidity/smartbugs/samples/poc_shift/source_code_vuln/deliver/SHOCO_exp/Shoco.sol",
            "impact": "Informational",
            "line": 1191,
            "message": "Variable Shoco._transferToExcluded(address,address,uint256).rTransferAmount (../..Shoco.sol#1191) is too similar to Shoco._transferFromExcluded(address,address,uint256).tTransferAmount (../..Shoco.sol#1201)\n",
            "name": "similar-names"
        },
        {
            "confidence": "Medium",
            "filename": "/home/kaixuan/sast_study/solidity/smartbugs/samples/poc_shift/source_code_vuln/deliver/SHOCO_exp/Shoco.sol",
            "impact": "Informational",
            "line": 1201,
            "message": "Variable Shoco._transferFromExcluded(address,address,uint256).rTransferAmount (../..Shoco.sol#1201) is too similar to Shoco._transferBothExcluded(address,address,uint256).tTransferAmount (../..Shoco.sol#1211)\n",
            "name": "similar-names"
        },
        {
            "confidence": "Medium",
            "filename": "/home/kaixuan/sast_study/solidity/smartbugs/samples/poc_shift/source_code_vuln/deliver/SHOCO_exp/Shoco.sol",
            "impact": "Informational",
            "line": 967,
            "message": "Variable Shoco.reflectionFromToken(uint256,bool).rTransferAmount (../..Shoco.sol#967) is too similar to Shoco._transferToExcluded(address,address,uint256).tTransferAmount (../..Shoco.sol#1191)\n",
            "name": "similar-names"
        },
        {
            "confidence": "Medium",
            "filename": "/home/kaixuan/sast_study/solidity/smartbugs/samples/poc_shift/source_code_vuln/deliver/SHOCO_exp/Shoco.sol",
            "impact": "Informational",
            "line": 1211,
            "message": "Variable Shoco._transferBothExcluded(address,address,uint256).rTransferAmount (../..Shoco.sol#1211) is too similar to Shoco._transferStandard(address,address,uint256).tTransferAmount (../..Shoco.sol#1182)\n",
            "name": "similar-names"
        },
        {
            "confidence": "Medium",
            "filename": "/home/kaixuan/sast_study/solidity/smartbugs/samples/poc_shift/source_code_vuln/deliver/SHOCO_exp/Shoco.sol",
            "impact": "Informational",
            "line": 967,
            "message": "Variable Shoco.reflectionFromToken(uint256,bool).rTransferAmount (../..Shoco.sol#967) is too similar to Shoco._transferStandard(address,address,uint256).tTransferAmount (../..Shoco.sol#1182)\n",
            "name": "similar-names"
        },
        {
            "confidence": "Medium",
            "filename": "/home/kaixuan/sast_study/solidity/smartbugs/samples/poc_shift/source_code_vuln/deliver/SHOCO_exp/Shoco.sol",
            "impact": "Informational",
            "line": 1254,
            "message": "Variable Shoco._getRValues(uint256,uint256,uint256).rTransferAmount (../..Shoco.sol#1254) is too similar to Shoco._transferStandard(address,address,uint256).tTransferAmount (../..Shoco.sol#1182)\n",
            "name": "similar-names"
        },
        {
            "confidence": "Medium",
            "filename": "/home/kaixuan/sast_study/solidity/smartbugs/samples/poc_shift/source_code_vuln/deliver/SHOCO_exp/Shoco.sol",
            "impact": "Informational",
            "line": 1182,
            "message": "Variable Shoco._transferStandard(address,address,uint256).rTransferAmount (../..Shoco.sol#1182) is too similar to Shoco._getTValues(uint256,uint256,uint256).tTransferAmount (../..Shoco.sol#1247)\n",
            "name": "similar-names"
        },
        {
            "confidence": "Medium",
            "filename": "/home/kaixuan/sast_study/solidity/smartbugs/samples/poc_shift/source_code_vuln/deliver/SHOCO_exp/Shoco.sol",
            "impact": "Informational",
            "line": 1211,
            "message": "Variable Shoco._transferBothExcluded(address,address,uint256).rTransferAmount (../..Shoco.sol#1211) is too similar to Shoco._transferToExcluded(address,address,uint256).tTransferAmount (../..Shoco.sol#1191)\n",
            "name": "similar-names"
        },
        {
            "confidence": "Medium",
            "filename": "/home/kaixuan/sast_study/solidity/smartbugs/samples/poc_shift/source_code_vuln/deliver/SHOCO_exp/Shoco.sol",
            "impact": "Informational",
            "line": 545,
            "message": "Variable IUniswapV2Router01.addLiquidity(address,address,uint256,uint256,uint256,uint256,address,uint256).amountADesired (../..Shoco.sol#545) is too similar to IUniswapV2Router01.addLiquidity(address,address,uint256,uint256,uint256,uint256,address,uint256).amountBDesired (../..Shoco.sol#546)\n",
            "name": "similar-names"
        },
        {
            "confidence": "Medium",
            "filename": "/home/kaixuan/sast_study/solidity/smartbugs/samples/poc_shift/source_code_vuln/deliver/SHOCO_exp/Shoco.sol",
            "impact": "Informational",
            "line": 1191,
            "message": "Variable Shoco._transferToExcluded(address,address,uint256).rTransferAmount (../..Shoco.sol#1191) is too similar to Shoco._transferToExcluded(address,address,uint256).tTransferAmount (../..Shoco.sol#1191)\n",
            "name": "similar-names"
        },
        {
            "confidence": "Medium",
            "filename": "/home/kaixuan/sast_study/solidity/smartbugs/samples/poc_shift/source_code_vuln/deliver/SHOCO_exp/Shoco.sol",
            "impact": "Informational",
            "line": 967,
            "message": "Variable Shoco.reflectionFromToken(uint256,bool).rTransferAmount (../..Shoco.sol#967) is too similar to Shoco._getTValues(uint256,uint256,uint256).tTransferAmount (../..Shoco.sol#1247)\n",
            "name": "similar-names"
        },
        {
            "confidence": "Medium",
            "filename": "/home/kaixuan/sast_study/solidity/smartbugs/samples/poc_shift/source_code_vuln/deliver/SHOCO_exp/Shoco.sol",
            "impact": "Informational",
            "line": 1240,
            "message": "Variable Shoco._getValues(uint256).rTransferAmount (../..Shoco.sol#1240) is too similar to Shoco._getTValues(uint256,uint256,uint256).tTransferAmount (../..Shoco.sol#1247)\n",
            "name": "similar-names"
        },
        {
            "confidence": "Medium",
            "filename": "/home/kaixuan/sast_study/solidity/smartbugs/samples/poc_shift/source_code_vuln/deliver/SHOCO_exp/Shoco.sol",
            "impact": "Informational",
            "line": 1240,
            "message": "Variable Shoco._getValues(uint256).rTransferAmount (../..Shoco.sol#1240) is too similar to Shoco._transferBothExcluded(address,address,uint256).tTransferAmount (../..Shoco.sol#1211)\n",
            "name": "similar-names"
        },
        {
            "confidence": "Medium",
            "filename": "/home/kaixuan/sast_study/solidity/smartbugs/samples/poc_shift/source_code_vuln/deliver/SHOCO_exp/Shoco.sol",
            "impact": "Informational",
            "line": 1240,
            "message": "Variable Shoco._getValues(uint256).rTransferAmount (../..Shoco.sol#1240) is too similar to Shoco._transferToExcluded(address,address,uint256).tTransferAmount (../..Shoco.sol#1191)\n",
            "name": "similar-names"
        },
        {
            "confidence": "Medium",
            "filename": "/home/kaixuan/sast_study/solidity/smartbugs/samples/poc_shift/source_code_vuln/deliver/SHOCO_exp/Shoco.sol",
            "impact": "Informational",
            "line": 1240,
            "message": "Variable Shoco._getValues(uint256).rTransferAmount (../..Shoco.sol#1240) is too similar to Shoco._transferStandard(address,address,uint256).tTransferAmount (../..Shoco.sol#1182)\n",
            "name": "similar-names"
        },
        {
            "confidence": "Medium",
            "filename": "/home/kaixuan/sast_study/solidity/smartbugs/samples/poc_shift/source_code_vuln/deliver/SHOCO_exp/Shoco.sol",
            "impact": "Informational",
            "line": 1254,
            "message": "Variable Shoco._getRValues(uint256,uint256,uint256).rTransferAmount (../..Shoco.sol#1254) is too similar to Shoco._getValues(uint256).tTransferAmount (../..Shoco.sol#1238)\n",
            "name": "similar-names"
        },
        {
            "confidence": "Medium",
            "filename": "/home/kaixuan/sast_study/solidity/smartbugs/samples/poc_shift/source_code_vuln/deliver/SHOCO_exp/Shoco.sol",
            "impact": "Informational",
            "line": 1201,
            "message": "Variable Shoco._transferFromExcluded(address,address,uint256).rTransferAmount (../..Shoco.sol#1201) is too similar to Shoco._transferFromExcluded(address,address,uint256).tTransferAmount (../..Shoco.sol#1201)\n",
            "name": "similar-names"
        },
        {
            "confidence": "Medium",
            "filename": "/home/kaixuan/sast_study/solidity/smartbugs/samples/poc_shift/source_code_vuln/deliver/SHOCO_exp/Shoco.sol",
            "impact": "Informational",
            "line": 1182,
            "message": "Variable Shoco._transferStandard(address,address,uint256).rTransferAmount (../..Shoco.sol#1182) is too similar to Shoco._transferToExcluded(address,address,uint256).tTransferAmount (../..Shoco.sol#1191)\n",
            "name": "similar-names"
        },
        {
            "confidence": "Medium",
            "filename": "/home/kaixuan/sast_study/solidity/smartbugs/samples/poc_shift/source_code_vuln/deliver/SHOCO_exp/Shoco.sol",
            "impact": "Informational",
            "line": 1254,
            "message": "Variable Shoco._getRValues(uint256,uint256,uint256).rTransferAmount (../..Shoco.sol#1254) is too similar to Shoco._transferToExcluded(address,address,uint256).tTransferAmount (../..Shoco.sol#1191)\n",
            "name": "similar-names"
        },
        {
            "confidence": "Medium",
            "filename": "/home/kaixuan/sast_study/solidity/smartbugs/samples/poc_shift/source_code_vuln/deliver/SHOCO_exp/Shoco.sol",
            "impact": "Informational",
            "line": 1201,
            "message": "Variable Shoco._transferFromExcluded(address,address,uint256).rTransferAmount (../..Shoco.sol#1201) is too similar to Shoco._transferStandard(address,address,uint256).tTransferAmount (../..Shoco.sol#1182)\n",
            "name": "similar-names"
        },
        {
            "confidence": "Medium",
            "filename": "/home/kaixuan/sast_study/solidity/smartbugs/samples/poc_shift/source_code_vuln/deliver/SHOCO_exp/Shoco.sol",
            "impact": "Informational",
            "line": 1201,
            "message": "Variable Shoco._transferFromExcluded(address,address,uint256).rTransferAmount (../..Shoco.sol#1201) is too similar to Shoco._getTValues(uint256,uint256,uint256).tTransferAmount (../..Shoco.sol#1247)\n",
            "name": "similar-names"
        },
        {
            "confidence": "Medium",
            "filename": "/home/kaixuan/sast_study/solidity/smartbugs/samples/poc_shift/source_code_vuln/deliver/SHOCO_exp/Shoco.sol",
            "impact": "Informational",
            "line": 1254,
            "message": "Variable Shoco._getRValues(uint256,uint256,uint256).rTransferAmount (../..Shoco.sol#1254) is too similar to Shoco._transferFromExcluded(address,address,uint256).tTransferAmount (../..Shoco.sol#1201)\n",
            "name": "similar-names"
        },
        {
            "confidence": "Medium",
            "filename": "/home/kaixuan/sast_study/solidity/smartbugs/samples/poc_shift/source_code_vuln/deliver/SHOCO_exp/Shoco.sol",
            "impact": "Informational",
            "line": 967,
            "message": "Variable Shoco.reflectionFromToken(uint256,bool).rTransferAmount (../..Shoco.sol#967) is too similar to Shoco._getValues(uint256).tTransferAmount (../..Shoco.sol#1238)\n",
            "name": "similar-names"
        },
        {
            "confidence": "Medium",
            "contract": "/sb/Shoco.sol",
            "filename": "/home/kaixuan/sast_study/solidity/smartbugs/samples/poc_shift/source_code_vuln/deliver/SHOCO_exp/Shoco.sol",
            "function": "slitherConstructorVariables",
            "impact": "Informational",
            "line": 674,
            "line_end": 1308,
            "message": "Shoco.slitherConstructorVariables() (../..Shoco.sol#674-1308) uses literals with too many digits:\n\t- _numOfTokensToExchangeForTeamDev = 5000000000000000000 (../..Shoco.sol#717)\n",
            "name": "too-many-digits"
        },
        {
            "confidence": "Medium",
            "contract": "/sb/Shoco.sol",
            "filename": "/home/kaixuan/sast_study/solidity/smartbugs/samples/poc_shift/source_code_vuln/deliver/SHOCO_exp/Shoco.sol",
            "function": "_removeTxLimit",
            "impact": "Informational",
            "line": 1287,
            "line_end": 1289,
            "message": "Shoco._removeTxLimit() (../..Shoco.sol#1287-1289) uses literals with too many digits:\n\t- _maxTxAmount = 1000000000000000000000000 (../..Shoco.sol#1288)\n",
            "name": "too-many-digits"
        },
        {
            "confidence": "Medium",
            "contract": "/sb/Shoco.sol",
            "filename": "/home/kaixuan/sast_study/solidity/smartbugs/samples/poc_shift/source_code_vuln/deliver/SHOCO_exp/Shoco.sol",
            "function": "slitherConstructorVariables",
            "impact": "Informational",
            "line": 674,
            "line_end": 1308,
            "message": "Shoco.slitherConstructorVariables() (../..Shoco.sol#674-1308) uses literals with too many digits:\n\t- _tTotal = 1000000000000000000000000 (../..Shoco.sol#692)\n",
            "name": "too-many-digits"
        },
        {
            "confidence": "Medium",
            "contract": "/sb/Shoco.sol",
            "filename": "/home/kaixuan/sast_study/solidity/smartbugs/samples/poc_shift/source_code_vuln/deliver/SHOCO_exp/Shoco.sol",
            "function": "slitherConstructorVariables",
            "impact": "Informational",
            "line": 674,
            "line_end": 1308,
            "message": "Shoco.slitherConstructorVariables() (../..Shoco.sol#674-1308) uses literals with too many digits:\n\t- _maxTxAmount = 1000000000000000000000000 (../..Shoco.sol#716)\n",
            "name": "too-many-digits"
        },
        {
            "confidence": "High",
            "filename": "/home/kaixuan/sast_study/solidity/smartbugs/samples/poc_shift/source_code_vuln/deliver/SHOCO_exp/Shoco.sol",
            "impact": "Informational",
            "line": 718,
            "message": "Shoco._txLimitsEnabled (../..Shoco.sol#718) is never used in Shoco (../..Shoco.sol#674-1308)\n",
            "name": "unused-state"
        },
        {
            "confidence": "High",
            "filename": "/home/kaixuan/sast_study/solidity/smartbugs/samples/poc_shift/source_code_vuln/deliver/SHOCO_exp/Shoco.sol",
            "impact": "Informational",
            "line": 681,
            "message": "Shoco._cooldownTradeAttempts (../..Shoco.sol#681) is never used in Shoco (../..Shoco.sol#674-1308)\n",
            "name": "unused-state"
        },
        {
            "confidence": "High",
            "filename": "/home/kaixuan/sast_study/solidity/smartbugs/samples/poc_shift/source_code_vuln/deliver/SHOCO_exp/Shoco.sol",
            "impact": "Optimization",
            "line": 1266,
            "message": "Loop condition i < _excluded.length (../..Shoco.sol#1266) should use cached array length instead of referencing `length` member of the storage array.\n ",
            "name": "cache-array-length"
        },
        {
            "confidence": "High",
            "filename": "/home/kaixuan/sast_study/solidity/smartbugs/samples/poc_shift/source_code_vuln/deliver/SHOCO_exp/Shoco.sol",
            "impact": "Optimization",
            "line": 692,
            "message": "Shoco._tTotal (../..Shoco.sol#692) should be constant \n",
            "name": "constable-states"
        },
        {
            "confidence": "High",
            "filename": "/home/kaixuan/sast_study/solidity/smartbugs/samples/poc_shift/source_code_vuln/deliver/SHOCO_exp/Shoco.sol",
            "impact": "Optimization",
            "line": 696,
            "message": "Shoco._name (../..Shoco.sol#696) should be constant \n",
            "name": "constable-states"
        },
        {
            "confidence": "High",
            "filename": "/home/kaixuan/sast_study/solidity/smartbugs/samples/poc_shift/source_code_vuln/deliver/SHOCO_exp/Shoco.sol",
            "impact": "Optimization",
            "line": 718,
            "message": "Shoco._txLimitsEnabled (../..Shoco.sol#718) should be constant \n",
            "name": "constable-states"
        },
        {
            "confidence": "High",
            "filename": "/home/kaixuan/sast_study/solidity/smartbugs/samples/poc_shift/source_code_vuln/deliver/SHOCO_exp/Shoco.sol",
            "impact": "Optimization",
            "line": 698,
            "message": "Shoco._decimals (../..Shoco.sol#698) should be constant \n",
            "name": "constable-states"
        },
        {
            "confidence": "High",
            "filename": "/home/kaixuan/sast_study/solidity/smartbugs/samples/poc_shift/source_code_vuln/deliver/SHOCO_exp/Shoco.sol",
            "impact": "Optimization",
            "line": 717,
            "message": "Shoco._numOfTokensToExchangeForTeamDev (../..Shoco.sol#717) should be constant \n",
            "name": "constable-states"
        },
        {
            "confidence": "High",
            "filename": "/home/kaixuan/sast_study/solidity/smartbugs/samples/poc_shift/source_code_vuln/deliver/SHOCO_exp/Shoco.sol",
            "impact": "Optimization",
            "line": 697,
            "message": "Shoco._symbol (../..Shoco.sol#697) should be constant \n",
            "name": "constable-states"
        }
    ],
    "infos": [],
    "parser": {
        "id": "slither",
        "mode": "solidity",
        "version": "2022/11/14"
    }
}
