{
    "errors": [
        "EXIT_CODE_255"
    ],
    "fails": [],
    "findings": [
        {
            "confidence": "High",
            "contract": "/sb/GoldCoin.sol",
            "filename": "/home/kaixuan/sast_study/solidity/smartbugs/samples/poc_shift/source_code_vuln/predictable_airdrop_address/FFIST_exp/GoldCoin.sol",
            "function": "swapTokenForFund",
            "impact": "High",
            "line": 473,
            "line_end": 502,
            "message": "AbsToken.swapTokenForFund(uint256) (../..GoldCoin.sol#473-502) uses arbitrary from in transferFrom: USDT.transferFrom(tokenDistributor,address(this),usdtBalance) (../..GoldCoin.sol#493)\n",
            "name": "arbitrary-send-erc20"
        },
        {
            "confidence": "Medium",
            "contract": "/sb/GoldCoin.sol",
            "filename": "/home/kaixuan/sast_study/solidity/smartbugs/samples/poc_shift/source_code_vuln/predictable_airdrop_address/FFIST_exp/GoldCoin.sol",
            "function": "claimBalance",
            "impact": "High",
            "line": 553,
            "line_end": 555,
            "message": "AbsToken.claimBalance() (../..GoldCoin.sol#553-555) sends eth to arbitrary user\n\tDangerous calls:\n\t- address(fundAddress).transfer(address(this).balance) (../..GoldCoin.sol#554)\n",
            "name": "arbitrary-send-eth"
        },
        {
            "confidence": "Medium",
            "contract": "/sb/GoldCoin.sol",
            "filename": "/home/kaixuan/sast_study/solidity/smartbugs/samples/poc_shift/source_code_vuln/predictable_airdrop_address/FFIST_exp/GoldCoin.sol",
            "function": "swapTokenForFund",
            "impact": "High",
            "line": 473,
            "line_end": 502,
            "message": "AbsToken.swapTokenForFund(uint256) (../..GoldCoin.sol#473-502) ignores return value by USDT.transfer(fundAddress,fundUsdt) (../..GoldCoin.sol#500)\n",
            "name": "unchecked-transfer"
        },
        {
            "confidence": "Medium",
            "contract": "/sb/GoldCoin.sol",
            "filename": "/home/kaixuan/sast_study/solidity/smartbugs/samples/poc_shift/source_code_vuln/predictable_airdrop_address/FFIST_exp/GoldCoin.sol",
            "function": "claimToken",
            "impact": "High",
            "line": 557,
            "line_end": 561,
            "message": "AbsToken.claimToken(address,uint256) (../..GoldCoin.sol#557-561) ignores return value by IERC20(token).transfer(fundAddress,amount) (../..GoldCoin.sol#559)\n",
            "name": "unchecked-transfer"
        },
        {
            "confidence": "Medium",
            "contract": "/sb/GoldCoin.sol",
            "filename": "/home/kaixuan/sast_study/solidity/smartbugs/samples/poc_shift/source_code_vuln/predictable_airdrop_address/FFIST_exp/GoldCoin.sol",
            "function": "claimToken",
            "impact": "High",
            "line": 87,
            "line_end": 90,
            "message": "TokenDistributor.claimToken(address,address,uint256) (../..GoldCoin.sol#87-90) ignores return value by IERC20(token).transfer(to,amount) (../..GoldCoin.sol#89)\n",
            "name": "unchecked-transfer"
        },
        {
            "confidence": "Medium",
            "contract": "/sb/GoldCoin.sol",
            "filename": "/home/kaixuan/sast_study/solidity/smartbugs/samples/poc_shift/source_code_vuln/predictable_airdrop_address/FFIST_exp/GoldCoin.sol",
            "function": "swapTokenForFund",
            "impact": "High",
            "line": 473,
            "line_end": 502,
            "message": "AbsToken.swapTokenForFund(uint256) (../..GoldCoin.sol#473-502) ignores return value by USDT.transferFrom(tokenDistributor,address(this),usdtBalance) (../..GoldCoin.sol#493)\n",
            "name": "unchecked-transfer"
        },
        {
            "confidence": "Medium",
            "contract": "/sb/GoldCoin.sol",
            "filename": "/home/kaixuan/sast_study/solidity/smartbugs/samples/poc_shift/source_code_vuln/predictable_airdrop_address/FFIST_exp/GoldCoin.sol",
            "function": "processLP",
            "impact": "High",
            "line": 592,
            "line_end": 647,
            "message": "AbsToken.processLP(uint256) (../..GoldCoin.sol#592-647) ignores return value by USDT.transfer(shareHolder,amount) (../..GoldCoin.sol#636)\n",
            "name": "unchecked-transfer"
        },
        {
            "confidence": "Medium",
            "contract": "/sb/GoldCoin.sol",
            "filename": "/home/kaixuan/sast_study/solidity/smartbugs/samples/poc_shift/source_code_vuln/predictable_airdrop_address/FFIST_exp/GoldCoin.sol",
            "function": "_transfer",
            "impact": "Medium",
            "line": 256,
            "line_end": 346,
            "message": "Reentrancy in AbsToken._transfer(address,address,uint256) (../..GoldCoin.sol#256-346):\n\tExternal calls:\n\t- _tokenTransfer(from,to,amount,takeFee) (../..GoldCoin.sol#334)\n\t\t- _swapRouter.swapExactTokensForTokensSupportingFeeOnTransferTokens(tokenAmount,0,path,tokenDistributor,block.timestamp) (../..GoldCoin.sol#483-489)\n\t\t- USDT.transferFrom(tokenDistributor,address(this),usdtBalance) (../..GoldCoin.sol#493)\n\t\t- USDT.transfer(fundAddress,fundUsdt) (../..GoldCoin.sol#500)\n\t- processLP(rewardGas) (../..GoldCoin.sol#344)\n\t\t- USDT.transfer(shareHolder,amount) (../..GoldCoin.sol#636)\n\tState variables written after the call(s):\n\t- processLP(rewardGas) (../..GoldCoin.sol#344)\n\t\t- _userLPAmount[shareHolder] = pairBalance (../..GoldCoin.sol#631)\n\tAbsToken._userLPAmount (../..GoldCoin.sol#249) can be used in cross function reentrancies:\n\t- AbsToken._transfer(address,address,uint256) (../..GoldCoin.sol#256-346)\n\t- AbsToken.getUserInfo(address) (../..GoldCoin.sol#698-704)\n\t- AbsToken.processLP(uint256) (../..GoldCoin.sol#592-647)\n\t- AbsToken.updateLPAmount(address,uint256) (../..GoldCoin.sol#692-696)\n",
            "name": "reentrancy-no-eth"
        },
        {
            "confidence": "Medium",
            "contract": "/sb/GoldCoin.sol",
            "filename": "/home/kaixuan/sast_study/solidity/smartbugs/samples/poc_shift/source_code_vuln/predictable_airdrop_address/FFIST_exp/GoldCoin.sol",
            "function": "processLP",
            "impact": "Medium",
            "line": 592,
            "line_end": 647,
            "message": "Reentrancy in AbsToken.processLP(uint256) (../..GoldCoin.sol#592-647):\n\tExternal calls:\n\t- USDT.transfer(shareHolder,amount) (../..GoldCoin.sol#636)\n\tState variables written after the call(s):\n\t- _userLPAmount[shareHolder] = pairBalance (../..GoldCoin.sol#631)\n\tAbsToken._userLPAmount (../..GoldCoin.sol#249) can be used in cross function reentrancies:\n\t- AbsToken._transfer(address,address,uint256) (../..GoldCoin.sol#256-346)\n\t- AbsToken.getUserInfo(address) (../..GoldCoin.sol#698-704)\n\t- AbsToken.processLP(uint256) (../..GoldCoin.sol#592-647)\n\t- AbsToken.updateLPAmount(address,uint256) (../..GoldCoin.sol#692-696)\n\t- currentLPIndex = 0 (../..GoldCoin.sol#623)\n\tAbsToken.currentLPIndex (../..GoldCoin.sol#585) can be used in cross function reentrancies:\n\t- AbsToken.currentLPIndex (../..GoldCoin.sol#585)\n\t- AbsToken.processLP(uint256) (../..GoldCoin.sol#592-647)\n\t- currentLPIndex ++ (../..GoldCoin.sol#642)\n\tAbsToken.currentLPIndex (../..GoldCoin.sol#585) can be used in cross function reentrancies:\n\t- AbsToken.currentLPIndex (../..GoldCoin.sol#585)\n\t- AbsToken.processLP(uint256) (../..GoldCoin.sol#592-647)\n\t- progressLPBlock = block.number (../..GoldCoin.sol#646)\n\tAbsToken.progressLPBlock (../..GoldCoin.sol#587) can be used in cross function reentrancies:\n\t- AbsToken.processLP(uint256) (../..GoldCoin.sol#592-647)\n\t- AbsToken.progressLPBlock (../..GoldCoin.sol#587)\n",
            "name": "reentrancy-no-eth"
        },
        {
            "confidence": "Medium",
            "contract": "/sb/GoldCoin.sol",
            "filename": "/home/kaixuan/sast_study/solidity/smartbugs/samples/poc_shift/source_code_vuln/predictable_airdrop_address/FFIST_exp/GoldCoin.sol",
            "function": "_transfer",
            "impact": "Medium",
            "line": 256,
            "line_end": 346,
            "message": "Reentrancy in AbsToken._transfer(address,address,uint256) (../..GoldCoin.sol#256-346):\n\tExternal calls:\n\t- _tokenTransfer(from,to,amount,takeFee) (../..GoldCoin.sol#334)\n\t\t- _swapRouter.swapExactTokensForTokensSupportingFeeOnTransferTokens(tokenAmount,0,path,tokenDistributor,block.timestamp) (../..GoldCoin.sol#483-489)\n\t\t- USDT.transferFrom(tokenDistributor,address(this),usdtBalance) (../..GoldCoin.sol#493)\n\t\t- USDT.transfer(fundAddress,fundUsdt) (../..GoldCoin.sol#500)\n\tState variables written after the call(s):\n\t- _lastMaybeAddLPAddress = from (../..GoldCoin.sol#339)\n\tAbsToken._lastMaybeAddLPAddress (../..GoldCoin.sol#250) can be used in cross function reentrancies:\n\t- AbsToken._lastMaybeAddLPAddress (../..GoldCoin.sol#250)\n\t- AbsToken._transfer(address,address,uint256) (../..GoldCoin.sol#256-346)\n\t- _lastMaybeAddLPAmount = amount (../..GoldCoin.sol#340)\n\tAbsToken._lastMaybeAddLPAmount (../..GoldCoin.sol#251) can be used in cross function reentrancies:\n\t- AbsToken._lastMaybeAddLPAmount (../..GoldCoin.sol#251)\n\t- AbsToken._transfer(address,address,uint256) (../..GoldCoin.sol#256-346)\n",
            "name": "reentrancy-no-eth"
        },
        {
            "confidence": "Medium",
            "contract": "/sb/GoldCoin.sol",
            "filename": "/home/kaixuan/sast_study/solidity/smartbugs/samples/poc_shift/source_code_vuln/predictable_airdrop_address/FFIST_exp/GoldCoin.sol",
            "function": "_tokenTransfer",
            "impact": "Medium",
            "line": 417,
            "line_end": 454,
            "message": "Reentrancy in AbsToken._tokenTransfer(address,address,uint256,bool) (../..GoldCoin.sol#417-454):\n\tExternal calls:\n\t- swapTokenForFund(numToSell) (../..GoldCoin.sol#448)\n\t\t- _swapRouter.swapExactTokensForTokensSupportingFeeOnTransferTokens(tokenAmount,0,path,tokenDistributor,block.timestamp) (../..GoldCoin.sol#483-489)\n\t\t- USDT.transferFrom(tokenDistributor,address(this),usdtBalance) (../..GoldCoin.sol#493)\n\t\t- USDT.transfer(fundAddress,fundUsdt) (../..GoldCoin.sol#500)\n\tState variables written after the call(s):\n\t- _takeTransfer(sender,recipient,tAmount - feeAmount) (../..GoldCoin.sol#453)\n\t\t- _balances[to] = _balances[to] + tAmount (../..GoldCoin.sol#509)\n\tAbsToken._balances (../..GoldCoin.sol#107) can be used in cross function reentrancies:\n\t- AbsToken._airdrop(address,address,uint256) (../..GoldCoin.sol#350-365)\n\t- AbsToken._takeTransfer(address,address,uint256) (../..GoldCoin.sol#504-511)\n\t- AbsToken._tokenTransfer(address,address,uint256,bool) (../..GoldCoin.sol#417-454)\n\t- AbsToken.balanceOf(address) (../..GoldCoin.sol#217-220)\n",
            "name": "reentrancy-no-eth"
        },
        {
            "confidence": "Medium",
            "filename": "/home/kaixuan/sast_study/solidity/smartbugs/samples/poc_shift/source_code_vuln/predictable_airdrop_address/FFIST_exp/GoldCoin.sol",
            "impact": "Medium",
            "line": 431,
            "message": "AbsToken._tokenTransfer(address,address,uint256,bool).isSell (../..GoldCoin.sol#431) is a local variable never initialized\n",
            "name": "uninitialized-local"
        },
        {
            "confidence": "Medium",
            "filename": "/home/kaixuan/sast_study/solidity/smartbugs/samples/poc_shift/source_code_vuln/predictable_airdrop_address/FFIST_exp/GoldCoin.sol",
            "impact": "Medium",
            "line": 424,
            "message": "AbsToken._tokenTransfer(address,address,uint256,bool).feeAmount (../..GoldCoin.sol#424) is a local variable never initialized\n",
            "name": "uninitialized-local"
        },
        {
            "confidence": "Medium",
            "filename": "/home/kaixuan/sast_study/solidity/smartbugs/samples/poc_shift/source_code_vuln/predictable_airdrop_address/FFIST_exp/GoldCoin.sol",
            "impact": "Medium",
            "line": 354,
            "message": "AbsToken._airdrop(address,address,uint256).airdropAddress (../..GoldCoin.sol#354) is a local variable never initialized\n",
            "name": "uninitialized-local"
        },
        {
            "confidence": "Medium",
            "filename": "/home/kaixuan/sast_study/solidity/smartbugs/samples/poc_shift/source_code_vuln/predictable_airdrop_address/FFIST_exp/GoldCoin.sol",
            "impact": "Medium",
            "line": 314,
            "message": "AbsToken._transfer(address,address,uint256).isAdd (../..GoldCoin.sol#314) is a local variable never initialized\n",
            "name": "uninitialized-local"
        },
        {
            "confidence": "Medium",
            "filename": "/home/kaixuan/sast_study/solidity/smartbugs/samples/poc_shift/source_code_vuln/predictable_airdrop_address/FFIST_exp/GoldCoin.sol",
            "impact": "Medium",
            "line": 293,
            "message": "AbsToken._transfer(address,address,uint256).takeFee (../..GoldCoin.sol#293) is a local variable never initialized\n",
            "name": "uninitialized-local"
        },
        {
            "confidence": "Medium",
            "contract": "/sb/GoldCoin.sol",
            "filename": "/home/kaixuan/sast_study/solidity/smartbugs/samples/poc_shift/source_code_vuln/predictable_airdrop_address/FFIST_exp/GoldCoin.sol",
            "function": "_isRemoveLiquidity",
            "impact": "Medium",
            "line": 401,
            "line_end": 415,
            "message": "AbsToken._isRemoveLiquidity() (../..GoldCoin.sol#401-415) ignores return value by (r0,r1) = mainPair.getReserves() (../..GoldCoin.sol#403)\n",
            "name": "unused-return"
        },
        {
            "confidence": "Medium",
            "contract": "/sb/GoldCoin.sol",
            "filename": "/home/kaixuan/sast_study/solidity/smartbugs/samples/poc_shift/source_code_vuln/predictable_airdrop_address/FFIST_exp/GoldCoin.sol",
            "function": "constructor",
            "impact": "Medium",
            "line": 148,
            "line_end": 199,
            "message": "AbsToken.constructor(address,address,string,string,uint8,uint256,address,address) (../..GoldCoin.sol#148-199) ignores return value by IERC20(USDTAddress).approve(RouterAddress,MAX) (../..GoldCoin.sol#162)\n",
            "name": "unused-return"
        },
        {
            "confidence": "Medium",
            "contract": "/sb/GoldCoin.sol",
            "filename": "/home/kaixuan/sast_study/solidity/smartbugs/samples/poc_shift/source_code_vuln/predictable_airdrop_address/FFIST_exp/GoldCoin.sol",
            "function": "getTokenPrice",
            "impact": "Medium",
            "line": 367,
            "line_end": 383,
            "message": "AbsToken.getTokenPrice() (../..GoldCoin.sol#367-383) ignores return value by (reserve0,reserve1) = swapPair.getReserves() (../..GoldCoin.sol#369)\n",
            "name": "unused-return"
        },
        {
            "confidence": "Medium",
            "contract": "/sb/GoldCoin.sol",
            "filename": "/home/kaixuan/sast_study/solidity/smartbugs/samples/poc_shift/source_code_vuln/predictable_airdrop_address/FFIST_exp/GoldCoin.sol",
            "function": "_isAddLiquidity",
            "impact": "Medium",
            "line": 385,
            "line_end": 399,
            "message": "AbsToken._isAddLiquidity() (../..GoldCoin.sol#385-399) ignores return value by (r0,r1) = mainPair.getReserves() (../..GoldCoin.sol#387)\n",
            "name": "unused-return"
        },
        {
            "confidence": "Medium",
            "contract": "/sb/GoldCoin.sol",
            "filename": "/home/kaixuan/sast_study/solidity/smartbugs/samples/poc_shift/source_code_vuln/predictable_airdrop_address/FFIST_exp/GoldCoin.sol",
            "function": "constructor",
            "impact": "Medium",
            "line": 82,
            "line_end": 85,
            "message": "TokenDistributor.constructor(address) (../..GoldCoin.sol#82-85) ignores return value by IERC20(token).approve(msg.sender,~ uint256(0)) (../..GoldCoin.sol#84)\n",
            "name": "unused-return"
        },
        {
            "confidence": "High",
            "contract": "/sb/GoldCoin.sol",
            "filename": "/home/kaixuan/sast_study/solidity/smartbugs/samples/poc_shift/source_code_vuln/predictable_airdrop_address/FFIST_exp/GoldCoin.sol",
            "function": "owner",
            "impact": "Low",
            "line": 244,
            "message": "AbsToken._approve(address,address,uint256).owner (../..GoldCoin.sol#244) shadows:\n\t- Ownable.owner() (../..GoldCoin.sol#59-61) (function)\n",
            "name": "shadowing-local"
        },
        {
            "confidence": "High",
            "contract": "/sb/GoldCoin.sol",
            "filename": "/home/kaixuan/sast_study/solidity/smartbugs/samples/poc_shift/source_code_vuln/predictable_airdrop_address/FFIST_exp/GoldCoin.sol",
            "function": "owner",
            "impact": "Low",
            "line": 227,
            "message": "AbsToken.allowance(address,address).owner (../..GoldCoin.sol#227) shadows:\n\t- Ownable.owner() (../..GoldCoin.sol#59-61) (function)\n",
            "name": "shadowing-local"
        },
        {
            "confidence": "Medium",
            "filename": "/home/kaixuan/sast_study/solidity/smartbugs/samples/poc_shift/source_code_vuln/predictable_airdrop_address/FFIST_exp/GoldCoin.sol",
            "impact": "Low",
            "line": 513,
            "message": "AbsToken.setFundAddress(address).addr (../..GoldCoin.sol#513) lacks a zero-check on :\n\t\t- fundAddress = addr (../..GoldCoin.sol#514)\n",
            "name": "missing-zero-check"
        },
        {
            "confidence": "Medium",
            "contract": "/sb/GoldCoin.sol",
            "filename": "/home/kaixuan/sast_study/solidity/smartbugs/samples/poc_shift/source_code_vuln/predictable_airdrop_address/FFIST_exp/GoldCoin.sol",
            "function": "transferFrom",
            "impact": "Low",
            "line": 236,
            "line_end": 242,
            "message": "Reentrancy in AbsToken.transferFrom(address,address,uint256) (../..GoldCoin.sol#236-242):\n\tExternal calls:\n\t- _transfer(sender,recipient,amount) (../..GoldCoin.sol#237)\n\t\t- _swapRouter.swapExactTokensForTokensSupportingFeeOnTransferTokens(tokenAmount,0,path,tokenDistributor,block.timestamp) (../..GoldCoin.sol#483-489)\n\t\t- USDT.transferFrom(tokenDistributor,address(this),usdtBalance) (../..GoldCoin.sol#493)\n\t\t- USDT.transfer(fundAddress,fundUsdt) (../..GoldCoin.sol#500)\n\t\t- USDT.transfer(shareHolder,amount) (../..GoldCoin.sol#636)\n\tState variables written after the call(s):\n\t- _allowances[sender][msg.sender] = _allowances[sender][msg.sender] - amount (../..GoldCoin.sol#239)\n",
            "name": "reentrancy-benign"
        },
        {
            "confidence": "Medium",
            "contract": "/sb/GoldCoin.sol",
            "filename": "/home/kaixuan/sast_study/solidity/smartbugs/samples/poc_shift/source_code_vuln/predictable_airdrop_address/FFIST_exp/GoldCoin.sol",
            "function": "_tokenTransfer",
            "impact": "Low",
            "line": 417,
            "line_end": 454,
            "message": "Reentrancy in AbsToken._tokenTransfer(address,address,uint256,bool) (../..GoldCoin.sol#417-454):\n\tExternal calls:\n\t- swapTokenForFund(numToSell) (../..GoldCoin.sol#448)\n\t\t- _swapRouter.swapExactTokensForTokensSupportingFeeOnTransferTokens(tokenAmount,0,path,tokenDistributor,block.timestamp) (../..GoldCoin.sol#483-489)\n\t\t- USDT.transferFrom(tokenDistributor,address(this),usdtBalance) (../..GoldCoin.sol#493)\n\t\t- USDT.transfer(fundAddress,fundUsdt) (../..GoldCoin.sol#500)\n\tEvent emitted after the call(s):\n\t- Transfer(sender,to,tAmount) (../..GoldCoin.sol#510)\n\t\t- _takeTransfer(sender,recipient,tAmount - feeAmount) (../..GoldCoin.sol#453)\n",
            "name": "reentrancy-events"
        },
        {
            "confidence": "Medium",
            "contract": "/sb/GoldCoin.sol",
            "filename": "/home/kaixuan/sast_study/solidity/smartbugs/samples/poc_shift/source_code_vuln/predictable_airdrop_address/FFIST_exp/GoldCoin.sol",
            "function": "getSellFee",
            "impact": "Low",
            "line": 456,
            "line_end": 471,
            "message": "AbsToken.getSellFee() (../..GoldCoin.sol#456-471) uses timestamp for comparisons\n\tDangerous comparisons:\n\t- time >= feeConfig.time (../..GoldCoin.sol#463)\n",
            "name": "timestamp"
        },
        {
            "confidence": "Medium",
            "contract": "/sb/GoldCoin.sol",
            "filename": "/home/kaixuan/sast_study/solidity/smartbugs/samples/poc_shift/source_code_vuln/predictable_airdrop_address/FFIST_exp/GoldCoin.sol",
            "function": "_tokenTransfer",
            "impact": "Low",
            "line": 417,
            "line_end": 454,
            "message": "AbsToken._tokenTransfer(address,address,uint256,bool) (../..GoldCoin.sol#417-454) uses timestamp for comparisons\n\tDangerous comparisons:\n\t- block.timestamp < _startTradeTime + 0 (../..GoldCoin.sol#427)\n",
            "name": "timestamp"
        },
        {
            "confidence": "High",
            "contract": "/sb/GoldCoin.sol",
            "filename": "/home/kaixuan/sast_study/solidity/smartbugs/samples/poc_shift/source_code_vuln/predictable_airdrop_address/FFIST_exp/GoldCoin.sol",
            "function": "_addLpProvider",
            "impact": "Informational",
            "line": 571,
            "line_end": 583,
            "message": "AbsToken._addLpProvider(address) (../..GoldCoin.sol#571-583) uses assembly\n\t- INLINE ASM (../..GoldCoin.sol#575)\n",
            "name": "assembly"
        },
        {
            "confidence": "High",
            "contract": "/sb/GoldCoin.sol",
            "filename": "/home/kaixuan/sast_study/solidity/smartbugs/samples/poc_shift/source_code_vuln/predictable_airdrop_address/FFIST_exp/GoldCoin.sol",
            "function": "_transfer",
            "impact": "Informational",
            "line": 256,
            "line_end": 346,
            "message": "AbsToken._transfer(address,address,uint256) (../..GoldCoin.sol#256-346) has a high cyclomatic complexity (21).\n",
            "name": "cyclomatic-complexity"
        },
        {
            "confidence": "High",
            "filename": "/home/kaixuan/sast_study/solidity/smartbugs/samples/poc_shift/source_code_vuln/predictable_airdrop_address/FFIST_exp/GoldCoin.sol",
            "impact": "Informational",
            "message": "solc-0.8.25 is not recommended for deployment\n",
            "name": "solc-version"
        },
        {
            "confidence": "High",
            "filename": "/home/kaixuan/sast_study/solidity/smartbugs/samples/poc_shift/source_code_vuln/predictable_airdrop_address/FFIST_exp/GoldCoin.sol",
            "impact": "Informational",
            "line": 7,
            "message": "Pragma version^0.8.17 (../..GoldCoin.sol#7) allows old versions\n",
            "name": "solc-version"
        },
        {
            "confidence": "High",
            "filename": "/home/kaixuan/sast_study/solidity/smartbugs/samples/poc_shift/source_code_vuln/predictable_airdrop_address/FFIST_exp/GoldCoin.sol",
            "impact": "Informational",
            "line": 252,
            "message": "Variable AbsToken._initPrice (../..GoldCoin.sol#252) is not in mixedCase\n",
            "name": "naming-convention"
        },
        {
            "confidence": "High",
            "filename": "/home/kaixuan/sast_study/solidity/smartbugs/samples/poc_shift/source_code_vuln/predictable_airdrop_address/FFIST_exp/GoldCoin.sol",
            "impact": "Informational",
            "line": 81,
            "message": "Variable TokenDistributor._owner (../..GoldCoin.sol#81) is not in mixedCase\n",
            "name": "naming-convention"
        },
        {
            "confidence": "High",
            "filename": "/home/kaixuan/sast_study/solidity/smartbugs/samples/poc_shift/source_code_vuln/predictable_airdrop_address/FFIST_exp/GoldCoin.sol",
            "impact": "Informational",
            "line": 137,
            "message": "Variable AbsToken._mainPair (../..GoldCoin.sol#137) is not in mixedCase\n",
            "name": "naming-convention"
        },
        {
            "confidence": "High",
            "filename": "/home/kaixuan/sast_study/solidity/smartbugs/samples/poc_shift/source_code_vuln/predictable_airdrop_address/FFIST_exp/GoldCoin.sol",
            "impact": "Informational",
            "line": 123,
            "message": "Variable AbsToken._usdt (../..GoldCoin.sol#123) is not in mixedCase\n",
            "name": "naming-convention"
        },
        {
            "confidence": "High",
            "filename": "/home/kaixuan/sast_study/solidity/smartbugs/samples/poc_shift/source_code_vuln/predictable_airdrop_address/FFIST_exp/GoldCoin.sol",
            "impact": "Informational",
            "line": 140,
            "message": "Variable AbsToken._startTradeTime (../..GoldCoin.sol#140) is not in mixedCase\n",
            "name": "naming-convention"
        },
        {
            "confidence": "High",
            "filename": "/home/kaixuan/sast_study/solidity/smartbugs/samples/poc_shift/source_code_vuln/predictable_airdrop_address/FFIST_exp/GoldCoin.sol",
            "impact": "Informational",
            "line": 122,
            "message": "Variable AbsToken._swapRouter (../..GoldCoin.sol#122) is not in mixedCase\n",
            "name": "naming-convention"
        },
        {
            "confidence": "High",
            "filename": "/home/kaixuan/sast_study/solidity/smartbugs/samples/poc_shift/source_code_vuln/predictable_airdrop_address/FFIST_exp/GoldCoin.sol",
            "impact": "Informational",
            "line": 117,
            "message": "Variable AbsToken._buyList (../..GoldCoin.sol#117) is not in mixedCase\n",
            "name": "naming-convention"
        },
        {
            "confidence": "High",
            "filename": "/home/kaixuan/sast_study/solidity/smartbugs/samples/poc_shift/source_code_vuln/predictable_airdrop_address/FFIST_exp/GoldCoin.sol",
            "impact": "Informational",
            "line": 131,
            "message": "Variable AbsToken._fundFee (../..GoldCoin.sol#131) is not in mixedCase\n",
            "name": "naming-convention"
        },
        {
            "confidence": "High",
            "filename": "/home/kaixuan/sast_study/solidity/smartbugs/samples/poc_shift/source_code_vuln/predictable_airdrop_address/FFIST_exp/GoldCoin.sol",
            "impact": "Informational",
            "line": 590,
            "message": "Variable AbsToken._rewardGas (../..GoldCoin.sol#590) is not in mixedCase\n",
            "name": "naming-convention"
        },
        {
            "confidence": "High",
            "filename": "/home/kaixuan/sast_study/solidity/smartbugs/samples/poc_shift/source_code_vuln/predictable_airdrop_address/FFIST_exp/GoldCoin.sol",
            "impact": "Informational",
            "line": 254,
            "message": "Variable AbsToken._canRmLPRate (../..GoldCoin.sol#254) is not in mixedCase\n",
            "name": "naming-convention"
        },
        {
            "confidence": "High",
            "filename": "/home/kaixuan/sast_study/solidity/smartbugs/samples/poc_shift/source_code_vuln/predictable_airdrop_address/FFIST_exp/GoldCoin.sol",
            "impact": "Informational",
            "line": 253,
            "message": "Variable AbsToken._canRmLP (../..GoldCoin.sol#253) is not in mixedCase\n",
            "name": "naming-convention"
        },
        {
            "confidence": "High",
            "filename": "/home/kaixuan/sast_study/solidity/smartbugs/samples/poc_shift/source_code_vuln/predictable_airdrop_address/FFIST_exp/GoldCoin.sol",
            "impact": "Informational",
            "line": 251,
            "message": "Variable AbsToken._lastMaybeAddLPAmount (../..GoldCoin.sol#251) is not in mixedCase\n",
            "name": "naming-convention"
        },
        {
            "confidence": "High",
            "filename": "/home/kaixuan/sast_study/solidity/smartbugs/samples/poc_shift/source_code_vuln/predictable_airdrop_address/FFIST_exp/GoldCoin.sol",
            "impact": "Informational",
            "line": 138,
            "message": "Variable AbsToken._numToSell (../..GoldCoin.sol#138) is not in mixedCase\n",
            "name": "naming-convention"
        },
        {
            "confidence": "High",
            "filename": "/home/kaixuan/sast_study/solidity/smartbugs/samples/poc_shift/source_code_vuln/predictable_airdrop_address/FFIST_exp/GoldCoin.sol",
            "impact": "Informational",
            "line": 116,
            "message": "Variable AbsToken._feeWhiteList (../..GoldCoin.sol#116) is not in mixedCase\n",
            "name": "naming-convention"
        },
        {
            "confidence": "High",
            "filename": "/home/kaixuan/sast_study/solidity/smartbugs/samples/poc_shift/source_code_vuln/predictable_airdrop_address/FFIST_exp/GoldCoin.sol",
            "impact": "Informational",
            "line": 129,
            "message": "Variable AbsToken._tokenDistributor (../..GoldCoin.sol#129) is not in mixedCase\n",
            "name": "naming-convention"
        },
        {
            "confidence": "High",
            "filename": "/home/kaixuan/sast_study/solidity/smartbugs/samples/poc_shift/source_code_vuln/predictable_airdrop_address/FFIST_exp/GoldCoin.sol",
            "impact": "Informational",
            "line": 118,
            "message": "Variable AbsToken._rmLPList (../..GoldCoin.sol#118) is not in mixedCase\n",
            "name": "naming-convention"
        },
        {
            "confidence": "High",
            "filename": "/home/kaixuan/sast_study/solidity/smartbugs/samples/poc_shift/source_code_vuln/predictable_airdrop_address/FFIST_exp/GoldCoin.sol",
            "impact": "Informational",
            "line": 250,
            "message": "Variable AbsToken._lastMaybeAddLPAddress (../..GoldCoin.sol#250) is not in mixedCase\n",
            "name": "naming-convention"
        },
        {
            "confidence": "High",
            "filename": "/home/kaixuan/sast_study/solidity/smartbugs/samples/poc_shift/source_code_vuln/predictable_airdrop_address/FFIST_exp/GoldCoin.sol",
            "impact": "Informational",
            "line": 124,
            "message": "Variable AbsToken._swapPairList (../..GoldCoin.sol#124) is not in mixedCase\n",
            "name": "naming-convention"
        },
        {
            "confidence": "High",
            "filename": "/home/kaixuan/sast_study/solidity/smartbugs/samples/poc_shift/source_code_vuln/predictable_airdrop_address/FFIST_exp/GoldCoin.sol",
            "impact": "Informational",
            "line": 132,
            "message": "Variable AbsToken._lpDividendFee (../..GoldCoin.sol#132) is not in mixedCase\n",
            "name": "naming-convention"
        },
        {
            "confidence": "Medium",
            "contract": "/sb/GoldCoin.sol",
            "filename": "/home/kaixuan/sast_study/solidity/smartbugs/samples/poc_shift/source_code_vuln/predictable_airdrop_address/FFIST_exp/GoldCoin.sol",
            "function": "slitherConstructorVariables",
            "impact": "Informational",
            "line": 732,
            "line_end": 750,
            "message": "GoldCoin.slitherConstructorVariables() (../..GoldCoin.sol#732-750) uses literals with too many digits:\n\t- _rewardGas = 500000 (../..GoldCoin.sol#590)\n",
            "name": "too-many-digits"
        },
        {
            "confidence": "Medium",
            "contract": "/sb/GoldCoin.sol",
            "filename": "/home/kaixuan/sast_study/solidity/smartbugs/samples/poc_shift/source_code_vuln/predictable_airdrop_address/FFIST_exp/GoldCoin.sol",
            "function": "setRewardGas",
            "impact": "Informational",
            "line": 673,
            "line_end": 676,
            "message": "AbsToken.setRewardGas(uint256) (../..GoldCoin.sol#673-676) uses literals with too many digits:\n\t- require(bool,string)(rewardGas >= 200000 && rewardGas <= 2000000,200000-2000000) (../..GoldCoin.sol#674)\n",
            "name": "too-many-digits"
        },
        {
            "confidence": "Medium",
            "contract": "/sb/GoldCoin.sol",
            "filename": "/home/kaixuan/sast_study/solidity/smartbugs/samples/poc_shift/source_code_vuln/predictable_airdrop_address/FFIST_exp/GoldCoin.sol",
            "function": "_transfer",
            "impact": "Informational",
            "line": 256,
            "line_end": 346,
            "message": "AbsToken._transfer(address,address,uint256) (../..GoldCoin.sol#256-346) uses literals with too many digits:\n\t- maxSellAmount = balance * 999999 / 1000000 (../..GoldCoin.sol#286)\n",
            "name": "too-many-digits"
        },
        {
            "confidence": "High",
            "filename": "/home/kaixuan/sast_study/solidity/smartbugs/samples/poc_shift/source_code_vuln/predictable_airdrop_address/FFIST_exp/GoldCoin.sol",
            "impact": "Optimization",
            "line": 132,
            "message": "AbsToken._lpDividendFee (../..GoldCoin.sol#132) should be constant \n",
            "name": "constable-states"
        },
        {
            "confidence": "High",
            "filename": "/home/kaixuan/sast_study/solidity/smartbugs/samples/poc_shift/source_code_vuln/predictable_airdrop_address/FFIST_exp/GoldCoin.sol",
            "impact": "Optimization",
            "line": 131,
            "message": "AbsToken._fundFee (../..GoldCoin.sol#131) should be constant \n",
            "name": "constable-states"
        },
        {
            "confidence": "High",
            "filename": "/home/kaixuan/sast_study/solidity/smartbugs/samples/poc_shift/source_code_vuln/predictable_airdrop_address/FFIST_exp/GoldCoin.sol",
            "impact": "Optimization",
            "line": 122,
            "message": "AbsToken._swapRouter (../..GoldCoin.sol#122) should be immutable \n",
            "name": "immutable-states"
        },
        {
            "confidence": "High",
            "filename": "/home/kaixuan/sast_study/solidity/smartbugs/samples/poc_shift/source_code_vuln/predictable_airdrop_address/FFIST_exp/GoldCoin.sol",
            "impact": "Optimization",
            "line": 81,
            "message": "TokenDistributor._owner (../..GoldCoin.sol#81) should be immutable \n",
            "name": "immutable-states"
        },
        {
            "confidence": "High",
            "filename": "/home/kaixuan/sast_study/solidity/smartbugs/samples/poc_shift/source_code_vuln/predictable_airdrop_address/FFIST_exp/GoldCoin.sol",
            "impact": "Optimization",
            "line": 137,
            "message": "AbsToken._mainPair (../..GoldCoin.sol#137) should be immutable \n",
            "name": "immutable-states"
        },
        {
            "confidence": "High",
            "filename": "/home/kaixuan/sast_study/solidity/smartbugs/samples/poc_shift/source_code_vuln/predictable_airdrop_address/FFIST_exp/GoldCoin.sol",
            "impact": "Optimization",
            "line": 129,
            "message": "AbsToken._tokenDistributor (../..GoldCoin.sol#129) should be immutable \n",
            "name": "immutable-states"
        },
        {
            "confidence": "High",
            "filename": "/home/kaixuan/sast_study/solidity/smartbugs/samples/poc_shift/source_code_vuln/predictable_airdrop_address/FFIST_exp/GoldCoin.sol",
            "impact": "Optimization",
            "line": 123,
            "message": "AbsToken._usdt (../..GoldCoin.sol#123) should be immutable \n",
            "name": "immutable-states"
        }
    ],
    "infos": [],
    "parser": {
        "id": "slither",
        "mode": "solidity",
        "version": "2022/11/14"
    }
}
