{
    "errors": [
        "EXIT_CODE_255"
    ],
    "fails": [],
    "findings": [
        {
            "confidence": "High",
            "contract": "/sb/OceanLife.sol",
            "filename": "/home/kaixuan/sast_study/solidity/smartbugs/samples/poc_shift/source_code_vuln/deliver/OLIFE_exp/OceanLife.sol",
            "function": "owner",
            "impact": "Low",
            "line": 265,
            "message": "OceanLife.allowance(address,address).owner (../..OceanLife.sol#265) shadows:\n\t- Ownable.owner() (../..OceanLife.sol#175-177) (function)\n",
            "name": "shadowing-local"
        },
        {
            "confidence": "High",
            "contract": "/sb/OceanLife.sol",
            "filename": "/home/kaixuan/sast_study/solidity/smartbugs/samples/poc_shift/source_code_vuln/deliver/OLIFE_exp/OceanLife.sol",
            "function": "owner",
            "impact": "Low",
            "line": 362,
            "message": "OceanLife._approve(address,address,uint256).owner (../..OceanLife.sol#362) shadows:\n\t- Ownable.owner() (../..OceanLife.sol#175-177) (function)\n",
            "name": "shadowing-local"
        },
        {
            "confidence": "Medium",
            "contract": "/sb/OceanLife.sol",
            "filename": "/home/kaixuan/sast_study/solidity/smartbugs/samples/poc_shift/source_code_vuln/deliver/OLIFE_exp/OceanLife.sol",
            "function": "CHARITYFEE",
            "impact": "Low",
            "line": 568,
            "line_end": 570,
            "message": "OceanLife.CHARITYFEE(uint256) (../..OceanLife.sol#568-570) should emit an event for: \n\t- _CHARITY_FEE = charityFee (../..OceanLife.sol#569) \n",
            "name": "events-maths"
        },
        {
            "confidence": "Medium",
            "contract": "/sb/OceanLife.sol",
            "filename": "/home/kaixuan/sast_study/solidity/smartbugs/samples/poc_shift/source_code_vuln/deliver/OLIFE_exp/OceanLife.sol",
            "function": "BURNFEE",
            "impact": "Low",
            "line": 564,
            "line_end": 566,
            "message": "OceanLife.BURNFEE(uint256) (../..OceanLife.sol#564-566) should emit an event for: \n\t- _BURN_FEE = burnFee (../..OceanLife.sol#565) \n",
            "name": "events-maths"
        },
        {
            "confidence": "Medium",
            "contract": "/sb/OceanLife.sol",
            "filename": "/home/kaixuan/sast_study/solidity/smartbugs/samples/poc_shift/source_code_vuln/deliver/OLIFE_exp/OceanLife.sol",
            "function": "TAXFEE",
            "impact": "Low",
            "line": 560,
            "line_end": 562,
            "message": "OceanLife.TAXFEE(uint256) (../..OceanLife.sol#560-562) should emit an event for: \n\t- _TAX_FEE = taxFee (../..OceanLife.sol#561) \n",
            "name": "events-maths"
        },
        {
            "confidence": "High",
            "contract": "/sb/OceanLife.sol",
            "filename": "/home/kaixuan/sast_study/solidity/smartbugs/samples/poc_shift/source_code_vuln/deliver/OLIFE_exp/OceanLife.sol",
            "function": "isContract",
            "impact": "Informational",
            "line": 114,
            "line_end": 119,
            "message": "Address.isContract(address) (../..OceanLife.sol#114-119) uses assembly\n\t- INLINE ASM (../..OceanLife.sol#117)\n",
            "name": "assembly"
        },
        {
            "confidence": "High",
            "contract": "/sb/OceanLife.sol",
            "filename": "/home/kaixuan/sast_study/solidity/smartbugs/samples/poc_shift/source_code_vuln/deliver/OLIFE_exp/OceanLife.sol",
            "function": "_functionCallWithValue",
            "impact": "Informational",
            "line": 146,
            "line_end": 161,
            "message": "Address._functionCallWithValue(address,bytes,uint256,string) (../..OceanLife.sol#146-161) uses assembly\n\t- INLINE ASM (../..OceanLife.sol#153-156)\n",
            "name": "assembly"
        },
        {
            "confidence": "Medium",
            "contract": "/sb/OceanLife.sol",
            "filename": "/home/kaixuan/sast_study/solidity/smartbugs/samples/poc_shift/source_code_vuln/deliver/OLIFE_exp/OceanLife.sol",
            "function": "includeAccount",
            "impact": "Informational",
            "line": 342,
            "line_end": 353,
            "message": "OceanLife.includeAccount(address) (../..OceanLife.sol#342-353) has costly operations inside a loop:\n\t- _excluded.pop() (../..OceanLife.sol#349)\n",
            "name": "costly-loop"
        },
        {
            "confidence": "Medium",
            "contract": "/sb/OceanLife.sol",
            "filename": "/home/kaixuan/sast_study/solidity/smartbugs/samples/poc_shift/source_code_vuln/deliver/OLIFE_exp/OceanLife.sol",
            "function": "sendValue",
            "impact": "Informational",
            "line": 121,
            "line_end": 127,
            "message": "Address.sendValue(address,uint256) (../..OceanLife.sol#121-127) is never used and should be removed\n",
            "name": "dead-code"
        },
        {
            "confidence": "Medium",
            "contract": "/sb/OceanLife.sol",
            "filename": "/home/kaixuan/sast_study/solidity/smartbugs/samples/poc_shift/source_code_vuln/deliver/OLIFE_exp/OceanLife.sol",
            "function": "functionCallWithValue",
            "impact": "Informational",
            "line": 137,
            "line_end": 139,
            "message": "Address.functionCallWithValue(address,bytes,uint256) (../..OceanLife.sol#137-139) is never used and should be removed\n",
            "name": "dead-code"
        },
        {
            "confidence": "Medium",
            "contract": "/sb/OceanLife.sol",
            "filename": "/home/kaixuan/sast_study/solidity/smartbugs/samples/poc_shift/source_code_vuln/deliver/OLIFE_exp/OceanLife.sol",
            "function": "_getTaxFee",
            "impact": "Informational",
            "line": 556,
            "line_end": 558,
            "message": "OceanLife._getTaxFee() (../..OceanLife.sol#556-558) is never used and should be removed\n",
            "name": "dead-code"
        },
        {
            "confidence": "Medium",
            "contract": "/sb/OceanLife.sol",
            "filename": "/home/kaixuan/sast_study/solidity/smartbugs/samples/poc_shift/source_code_vuln/deliver/OLIFE_exp/OceanLife.sol",
            "function": "mod",
            "impact": "Informational",
            "line": 106,
            "line_end": 109,
            "message": "SafeMath.mod(uint256,uint256,string) (../..OceanLife.sol#106-109) is never used and should be removed\n",
            "name": "dead-code"
        },
        {
            "confidence": "Medium",
            "contract": "/sb/OceanLife.sol",
            "filename": "/home/kaixuan/sast_study/solidity/smartbugs/samples/poc_shift/source_code_vuln/deliver/OLIFE_exp/OceanLife.sol",
            "function": "functionCallWithValue",
            "impact": "Informational",
            "line": 141,
            "line_end": 144,
            "message": "Address.functionCallWithValue(address,bytes,uint256,string) (../..OceanLife.sol#141-144) is never used and should be removed\n",
            "name": "dead-code"
        },
        {
            "confidence": "Medium",
            "contract": "/sb/OceanLife.sol",
            "filename": "/home/kaixuan/sast_study/solidity/smartbugs/samples/poc_shift/source_code_vuln/deliver/OLIFE_exp/OceanLife.sol",
            "function": "_msgData",
            "impact": "Informational",
            "line": 37,
            "line_end": 40,
            "message": "Context._msgData() (../..OceanLife.sol#37-40) is never used and should be removed\n",
            "name": "dead-code"
        },
        {
            "confidence": "Medium",
            "contract": "/sb/OceanLife.sol",
            "filename": "/home/kaixuan/sast_study/solidity/smartbugs/samples/poc_shift/source_code_vuln/deliver/OLIFE_exp/OceanLife.sol",
            "function": "mod",
            "impact": "Informational",
            "line": 102,
            "line_end": 104,
            "message": "SafeMath.mod(uint256,uint256) (../..OceanLife.sol#102-104) is never used and should be removed\n",
            "name": "dead-code"
        },
        {
            "confidence": "Medium",
            "contract": "/sb/OceanLife.sol",
            "filename": "/home/kaixuan/sast_study/solidity/smartbugs/samples/poc_shift/source_code_vuln/deliver/OLIFE_exp/OceanLife.sol",
            "function": "_getMaxTxAmount",
            "impact": "Informational",
            "line": 572,
            "line_end": 574,
            "message": "OceanLife._getMaxTxAmount() (../..OceanLife.sol#572-574) is never used and should be removed\n",
            "name": "dead-code"
        },
        {
            "confidence": "Medium",
            "contract": "/sb/OceanLife.sol",
            "filename": "/home/kaixuan/sast_study/solidity/smartbugs/samples/poc_shift/source_code_vuln/deliver/OLIFE_exp/OceanLife.sol",
            "function": "_functionCallWithValue",
            "impact": "Informational",
            "line": 146,
            "line_end": 161,
            "message": "Address._functionCallWithValue(address,bytes,uint256,string) (../..OceanLife.sol#146-161) is never used and should be removed\n",
            "name": "dead-code"
        },
        {
            "confidence": "Medium",
            "contract": "/sb/OceanLife.sol",
            "filename": "/home/kaixuan/sast_study/solidity/smartbugs/samples/poc_shift/source_code_vuln/deliver/OLIFE_exp/OceanLife.sol",
            "function": "isContract",
            "impact": "Informational",
            "line": 114,
            "line_end": 119,
            "message": "Address.isContract(address) (../..OceanLife.sol#114-119) is never used and should be removed\n",
            "name": "dead-code"
        },
        {
            "confidence": "Medium",
            "contract": "/sb/OceanLife.sol",
            "filename": "/home/kaixuan/sast_study/solidity/smartbugs/samples/poc_shift/source_code_vuln/deliver/OLIFE_exp/OceanLife.sol",
            "function": "functionCall",
            "impact": "Informational",
            "line": 133,
            "line_end": 135,
            "message": "Address.functionCall(address,bytes,string) (../..OceanLife.sol#133-135) is never used and should be removed\n",
            "name": "dead-code"
        },
        {
            "confidence": "Medium",
            "contract": "/sb/OceanLife.sol",
            "filename": "/home/kaixuan/sast_study/solidity/smartbugs/samples/poc_shift/source_code_vuln/deliver/OLIFE_exp/OceanLife.sol",
            "function": "functionCall",
            "impact": "Informational",
            "line": 129,
            "line_end": 131,
            "message": "Address.functionCall(address,bytes) (../..OceanLife.sol#129-131) is never used and should be removed\n",
            "name": "dead-code"
        },
        {
            "confidence": "High",
            "filename": "/home/kaixuan/sast_study/solidity/smartbugs/samples/poc_shift/source_code_vuln/deliver/OLIFE_exp/OceanLife.sol",
            "impact": "Informational",
            "line": 231,
            "message": "OceanLife.ORIG_BURN_FEE (../..OceanLife.sol#231) is set pre-construction with a non-constant function or state variable:\n\t- _BURN_FEE\n",
            "name": "function-init-state"
        },
        {
            "confidence": "High",
            "filename": "/home/kaixuan/sast_study/solidity/smartbugs/samples/poc_shift/source_code_vuln/deliver/OLIFE_exp/OceanLife.sol",
            "impact": "Informational",
            "line": 230,
            "message": "OceanLife.ORIG_TAX_FEE (../..OceanLife.sol#230) is set pre-construction with a non-constant function or state variable:\n\t- _TAX_FEE\n",
            "name": "function-init-state"
        },
        {
            "confidence": "High",
            "filename": "/home/kaixuan/sast_study/solidity/smartbugs/samples/poc_shift/source_code_vuln/deliver/OLIFE_exp/OceanLife.sol",
            "impact": "Informational",
            "line": 218,
            "message": "OceanLife._rTotal (../..OceanLife.sol#218) is set pre-construction with a non-constant function or state variable:\n\t- (_MAX - (_MAX % _tTotal))\n",
            "name": "function-init-state"
        },
        {
            "confidence": "High",
            "filename": "/home/kaixuan/sast_study/solidity/smartbugs/samples/poc_shift/source_code_vuln/deliver/OLIFE_exp/OceanLife.sol",
            "impact": "Informational",
            "line": 232,
            "message": "OceanLife.ORIG_CHARITY_FEE (../..OceanLife.sol#232) is set pre-construction with a non-constant function or state variable:\n\t- _CHARITY_FEE\n",
            "name": "function-init-state"
        },
        {
            "confidence": "High",
            "filename": "/home/kaixuan/sast_study/solidity/smartbugs/samples/poc_shift/source_code_vuln/deliver/OLIFE_exp/OceanLife.sol",
            "impact": "Informational",
            "line": 29,
            "message": "Pragma version^0.8.2 (../..OceanLife.sol#29) allows old versions\n",
            "name": "solc-version"
        },
        {
            "confidence": "High",
            "filename": "/home/kaixuan/sast_study/solidity/smartbugs/samples/poc_shift/source_code_vuln/deliver/OLIFE_exp/OceanLife.sol",
            "impact": "Informational",
            "message": "solc-0.8.25 is not recommended for deployment\n",
            "name": "solc-version"
        },
        {
            "confidence": "High",
            "contract": "/sb/OceanLife.sol",
            "filename": "/home/kaixuan/sast_study/solidity/smartbugs/samples/poc_shift/source_code_vuln/deliver/OLIFE_exp/OceanLife.sol",
            "function": "_functionCallWithValue",
            "impact": "Informational",
            "line": 146,
            "line_end": 161,
            "message": "Low level call in Address._functionCallWithValue(address,bytes,uint256,string) (../..OceanLife.sol#146-161):\n\t- (success,returndata) = target.call{value: weiValue}(data) (../..OceanLife.sol#148)\n",
            "name": "low-level-calls"
        },
        {
            "confidence": "High",
            "contract": "/sb/OceanLife.sol",
            "filename": "/home/kaixuan/sast_study/solidity/smartbugs/samples/poc_shift/source_code_vuln/deliver/OLIFE_exp/OceanLife.sol",
            "function": "sendValue",
            "impact": "Informational",
            "line": 121,
            "line_end": 127,
            "message": "Low level call in Address.sendValue(address,uint256) (../..OceanLife.sol#121-127):\n\t- (success) = recipient.call{value: amount}() (../..OceanLife.sol#125)\n",
            "name": "low-level-calls"
        },
        {
            "confidence": "High",
            "filename": "/home/kaixuan/sast_study/solidity/smartbugs/samples/poc_shift/source_code_vuln/deliver/OLIFE_exp/OceanLife.sol",
            "impact": "Informational",
            "line": 230,
            "message": "Variable OceanLife.ORIG_TAX_FEE (../..OceanLife.sol#230) is not in mixedCase\n",
            "name": "naming-convention"
        },
        {
            "confidence": "High",
            "filename": "/home/kaixuan/sast_study/solidity/smartbugs/samples/poc_shift/source_code_vuln/deliver/OLIFE_exp/OceanLife.sol",
            "impact": "Informational",
            "line": 225,
            "message": "Variable OceanLife._BURN_FEE (../..OceanLife.sol#225) is not in mixedCase\n",
            "name": "naming-convention"
        },
        {
            "confidence": "High",
            "filename": "/home/kaixuan/sast_study/solidity/smartbugs/samples/poc_shift/source_code_vuln/deliver/OLIFE_exp/OceanLife.sol",
            "impact": "Informational",
            "line": 231,
            "message": "Variable OceanLife.ORIG_BURN_FEE (../..OceanLife.sol#231) is not in mixedCase\n",
            "name": "naming-convention"
        },
        {
            "confidence": "High",
            "filename": "/home/kaixuan/sast_study/solidity/smartbugs/samples/poc_shift/source_code_vuln/deliver/OLIFE_exp/OceanLife.sol",
            "impact": "Informational",
            "line": 226,
            "message": "Variable OceanLife._CHARITY_FEE (../..OceanLife.sol#226) is not in mixedCase\n",
            "name": "naming-convention"
        },
        {
            "confidence": "High",
            "contract": "/sb/OceanLife.sol",
            "filename": "/home/kaixuan/sast_study/solidity/smartbugs/samples/poc_shift/source_code_vuln/deliver/OLIFE_exp/OceanLife.sol",
            "function": "TAXFEE",
            "impact": "Informational",
            "line": 560,
            "line_end": 562,
            "message": "Function OceanLife.TAXFEE(uint256) (../..OceanLife.sol#560-562) is not in mixedCase\n",
            "name": "naming-convention"
        },
        {
            "confidence": "High",
            "filename": "/home/kaixuan/sast_study/solidity/smartbugs/samples/poc_shift/source_code_vuln/deliver/OLIFE_exp/OceanLife.sol",
            "impact": "Informational",
            "line": 232,
            "message": "Variable OceanLife.ORIG_CHARITY_FEE (../..OceanLife.sol#232) is not in mixedCase\n",
            "name": "naming-convention"
        },
        {
            "confidence": "High",
            "filename": "/home/kaixuan/sast_study/solidity/smartbugs/samples/poc_shift/source_code_vuln/deliver/OLIFE_exp/OceanLife.sol",
            "impact": "Informational",
            "line": 224,
            "message": "Variable OceanLife._TAX_FEE (../..OceanLife.sol#224) is not in mixedCase\n",
            "name": "naming-convention"
        },
        {
            "confidence": "High",
            "contract": "/sb/OceanLife.sol",
            "filename": "/home/kaixuan/sast_study/solidity/smartbugs/samples/poc_shift/source_code_vuln/deliver/OLIFE_exp/OceanLife.sol",
            "function": "CHARITYFEE",
            "impact": "Informational",
            "line": 568,
            "line_end": 570,
            "message": "Function OceanLife.CHARITYFEE(uint256) (../..OceanLife.sol#568-570) is not in mixedCase\n",
            "name": "naming-convention"
        },
        {
            "confidence": "High",
            "contract": "/sb/OceanLife.sol",
            "filename": "/home/kaixuan/sast_study/solidity/smartbugs/samples/poc_shift/source_code_vuln/deliver/OLIFE_exp/OceanLife.sol",
            "function": "BURNFEE",
            "impact": "Informational",
            "line": 564,
            "line_end": 566,
            "message": "Function OceanLife.BURNFEE(uint256) (../..OceanLife.sol#564-566) is not in mixedCase\n",
            "name": "naming-convention"
        },
        {
            "confidence": "High",
            "filename": "/home/kaixuan/sast_study/solidity/smartbugs/samples/poc_shift/source_code_vuln/deliver/OLIFE_exp/OceanLife.sol",
            "impact": "Informational",
            "line": 38,
            "message": "Redundant expression \"this (../..OceanLife.sol#38)\" inContext (../..OceanLife.sol#32-41)\n",
            "name": "redundant-statements"
        },
        {
            "confidence": "Medium",
            "filename": "/home/kaixuan/sast_study/solidity/smartbugs/samples/poc_shift/source_code_vuln/deliver/OLIFE_exp/OceanLife.sol",
            "impact": "Informational",
            "line": 463,
            "message": "Variable OceanLife._bothTransferContent(address,address,uint256,uint256,uint256,uint256).rTransferAmount (../..OceanLife.sol#463) is too similar to OceanLife._excludedFromTransferContent(address,address,uint256,uint256,uint256).tTransferAmount (../..OceanLife.sol#428)\n",
            "name": "similar-names"
        },
        {
            "confidence": "Medium",
            "filename": "/home/kaixuan/sast_study/solidity/smartbugs/samples/poc_shift/source_code_vuln/deliver/OLIFE_exp/OceanLife.sol",
            "impact": "Informational",
            "line": 484,
            "message": "Variable OceanLife._getValues(uint256).rTransferAmount (../..OceanLife.sol#484) is too similar to OceanLife._bothTransferContent(address,address,uint256,uint256,uint256,uint256).tTransferAmount (../..OceanLife.sol#463)\n",
            "name": "similar-names"
        },
        {
            "confidence": "Medium",
            "filename": "/home/kaixuan/sast_study/solidity/smartbugs/samples/poc_shift/source_code_vuln/deliver/OLIFE_exp/OceanLife.sol",
            "impact": "Informational",
            "line": 428,
            "message": "Variable OceanLife._excludedFromTransferContent(address,address,uint256,uint256,uint256).rTransferAmount (../..OceanLife.sol#428) is too similar to OceanLife._transferToExcluded(address,address,uint256).tTransferAmount (../..OceanLife.sol#419)\n",
            "name": "similar-names"
        },
        {
            "confidence": "Medium",
            "filename": "/home/kaixuan/sast_study/solidity/smartbugs/samples/poc_shift/source_code_vuln/deliver/OLIFE_exp/OceanLife.sol",
            "impact": "Informational",
            "line": 419,
            "message": "Variable OceanLife._transferToExcluded(address,address,uint256).rTransferAmount (../..OceanLife.sol#419) is too similar to OceanLife._excludedFromTransferContent(address,address,uint256,uint256,uint256).tTransferAmount (../..OceanLife.sol#428)\n",
            "name": "similar-names"
        },
        {
            "confidence": "Medium",
            "filename": "/home/kaixuan/sast_study/solidity/smartbugs/samples/poc_shift/source_code_vuln/deliver/OLIFE_exp/OceanLife.sol",
            "impact": "Informational",
            "line": 454,
            "message": "Variable OceanLife._transferBothExcluded(address,address,uint256).rTransferAmount (../..OceanLife.sol#454) is too similar to OceanLife._transferFromExcluded(address,address,uint256).tTransferAmount (../..OceanLife.sol#437)\n",
            "name": "similar-names"
        },
        {
            "confidence": "Medium",
            "filename": "/home/kaixuan/sast_study/solidity/smartbugs/samples/poc_shift/source_code_vuln/deliver/OLIFE_exp/OceanLife.sol",
            "impact": "Informational",
            "line": 454,
            "message": "Variable OceanLife._transferBothExcluded(address,address,uint256).rTransferAmount (../..OceanLife.sol#454) is too similar to OceanLife._transferStandard(address,address,uint256).tTransferAmount (../..OceanLife.sol#403)\n",
            "name": "similar-names"
        },
        {
            "confidence": "Medium",
            "filename": "/home/kaixuan/sast_study/solidity/smartbugs/samples/poc_shift/source_code_vuln/deliver/OLIFE_exp/OceanLife.sol",
            "impact": "Informational",
            "line": 321,
            "message": "Variable OceanLife.reflectionFromToken(uint256,bool).rTransferAmount (../..OceanLife.sol#321) is too similar to OceanLife._excludedFromTransferContent(address,address,uint256,uint256,uint256).tTransferAmount (../..OceanLife.sol#428)\n",
            "name": "similar-names"
        },
        {
            "confidence": "Medium",
            "filename": "/home/kaixuan/sast_study/solidity/smartbugs/samples/poc_shift/source_code_vuln/deliver/OLIFE_exp/OceanLife.sol",
            "impact": "Informational",
            "line": 321,
            "message": "Variable OceanLife.reflectionFromToken(uint256,bool).rTransferAmount (../..OceanLife.sol#321) is too similar to OceanLife._transferStandard(address,address,uint256).tTransferAmount (../..OceanLife.sol#403)\n",
            "name": "similar-names"
        },
        {
            "confidence": "Medium",
            "filename": "/home/kaixuan/sast_study/solidity/smartbugs/samples/poc_shift/source_code_vuln/deliver/OLIFE_exp/OceanLife.sol",
            "impact": "Informational",
            "line": 463,
            "message": "Variable OceanLife._bothTransferContent(address,address,uint256,uint256,uint256,uint256).rTransferAmount (../..OceanLife.sol#463) is too similar to OceanLife._getValues(uint256).tTransferAmount (../..OceanLife.sol#481)\n",
            "name": "similar-names"
        },
        {
            "confidence": "Medium",
            "filename": "/home/kaixuan/sast_study/solidity/smartbugs/samples/poc_shift/source_code_vuln/deliver/OLIFE_exp/OceanLife.sol",
            "impact": "Informational",
            "line": 454,
            "message": "Variable OceanLife._transferBothExcluded(address,address,uint256).rTransferAmount (../..OceanLife.sol#454) is too similar to OceanLife._bothTransferContent(address,address,uint256,uint256,uint256,uint256).tTransferAmount (../..OceanLife.sol#463)\n",
            "name": "similar-names"
        },
        {
            "confidence": "Medium",
            "filename": "/home/kaixuan/sast_study/solidity/smartbugs/samples/poc_shift/source_code_vuln/deliver/OLIFE_exp/OceanLife.sol",
            "impact": "Informational",
            "line": 484,
            "message": "Variable OceanLife._getValues(uint256).rTransferAmount (../..OceanLife.sol#484) is too similar to OceanLife._transferStandard(address,address,uint256).tTransferAmount (../..OceanLife.sol#403)\n",
            "name": "similar-names"
        },
        {
            "confidence": "Medium",
            "filename": "/home/kaixuan/sast_study/solidity/smartbugs/samples/poc_shift/source_code_vuln/deliver/OLIFE_exp/OceanLife.sol",
            "impact": "Informational",
            "line": 446,
            "message": "Variable OceanLife._excludedToTransferContent(address,address,uint256,uint256,uint256).rTransferAmount (../..OceanLife.sol#446) is too similar to OceanLife._bothTransferContent(address,address,uint256,uint256,uint256,uint256).tTransferAmount (../..OceanLife.sol#463)\n",
            "name": "similar-names"
        },
        {
            "confidence": "Medium",
            "filename": "/home/kaixuan/sast_study/solidity/smartbugs/samples/poc_shift/source_code_vuln/deliver/OLIFE_exp/OceanLife.sol",
            "impact": "Informational",
            "line": 446,
            "message": "Variable OceanLife._excludedToTransferContent(address,address,uint256,uint256,uint256).rTransferAmount (../..OceanLife.sol#446) is too similar to OceanLife._transferStandard(address,address,uint256).tTransferAmount (../..OceanLife.sol#403)\n",
            "name": "similar-names"
        },
        {
            "confidence": "Medium",
            "filename": "/home/kaixuan/sast_study/solidity/smartbugs/samples/poc_shift/source_code_vuln/deliver/OLIFE_exp/OceanLife.sol",
            "impact": "Informational",
            "line": 412,
            "message": "Variable OceanLife._standardTransferContent(address,address,uint256,uint256).rTransferAmount (../..OceanLife.sol#412) is too similar to OceanLife._transferFromExcluded(address,address,uint256).tTransferAmount (../..OceanLife.sol#437)\n",
            "name": "similar-names"
        },
        {
            "confidence": "Medium",
            "filename": "/home/kaixuan/sast_study/solidity/smartbugs/samples/poc_shift/source_code_vuln/deliver/OLIFE_exp/OceanLife.sol",
            "impact": "Informational",
            "line": 403,
            "message": "Variable OceanLife._transferStandard(address,address,uint256).rTransferAmount (../..OceanLife.sol#403) is too similar to OceanLife._transferBothExcluded(address,address,uint256).tTransferAmount (../..OceanLife.sol#454)\n",
            "name": "similar-names"
        },
        {
            "confidence": "Medium",
            "filename": "/home/kaixuan/sast_study/solidity/smartbugs/samples/poc_shift/source_code_vuln/deliver/OLIFE_exp/OceanLife.sol",
            "impact": "Informational",
            "line": 403,
            "message": "Variable OceanLife._transferStandard(address,address,uint256).rTransferAmount (../..OceanLife.sol#403) is too similar to OceanLife._transferToExcluded(address,address,uint256).tTransferAmount (../..OceanLife.sol#419)\n",
            "name": "similar-names"
        },
        {
            "confidence": "Medium",
            "filename": "/home/kaixuan/sast_study/solidity/smartbugs/samples/poc_shift/source_code_vuln/deliver/OLIFE_exp/OceanLife.sol",
            "impact": "Informational",
            "line": 419,
            "message": "Variable OceanLife._transferToExcluded(address,address,uint256).rTransferAmount (../..OceanLife.sol#419) is too similar to OceanLife._bothTransferContent(address,address,uint256,uint256,uint256,uint256).tTransferAmount (../..OceanLife.sol#463)\n",
            "name": "similar-names"
        },
        {
            "confidence": "Medium",
            "filename": "/home/kaixuan/sast_study/solidity/smartbugs/samples/poc_shift/source_code_vuln/deliver/OLIFE_exp/OceanLife.sol",
            "impact": "Informational",
            "line": 428,
            "message": "Variable OceanLife._excludedFromTransferContent(address,address,uint256,uint256,uint256).rTransferAmount (../..OceanLife.sol#428) is too similar to OceanLife._getValues(uint256).tTransferAmount (../..OceanLife.sol#481)\n",
            "name": "similar-names"
        },
        {
            "confidence": "Medium",
            "filename": "/home/kaixuan/sast_study/solidity/smartbugs/samples/poc_shift/source_code_vuln/deliver/OLIFE_exp/OceanLife.sol",
            "impact": "Informational",
            "line": 428,
            "message": "Variable OceanLife._excludedFromTransferContent(address,address,uint256,uint256,uint256).rTransferAmount (../..OceanLife.sol#428) is too similar to OceanLife._transferFromExcluded(address,address,uint256).tTransferAmount (../..OceanLife.sol#437)\n",
            "name": "similar-names"
        },
        {
            "confidence": "Medium",
            "filename": "/home/kaixuan/sast_study/solidity/smartbugs/samples/poc_shift/source_code_vuln/deliver/OLIFE_exp/OceanLife.sol",
            "impact": "Informational",
            "line": 403,
            "message": "Variable OceanLife._transferStandard(address,address,uint256).rTransferAmount (../..OceanLife.sol#403) is too similar to OceanLife._getValues(uint256).tTransferAmount (../..OceanLife.sol#481)\n",
            "name": "similar-names"
        },
        {
            "confidence": "Medium",
            "filename": "/home/kaixuan/sast_study/solidity/smartbugs/samples/poc_shift/source_code_vuln/deliver/OLIFE_exp/OceanLife.sol",
            "impact": "Informational",
            "line": 437,
            "message": "Variable OceanLife._transferFromExcluded(address,address,uint256).rTransferAmount (../..OceanLife.sol#437) is too similar to OceanLife._bothTransferContent(address,address,uint256,uint256,uint256,uint256).tTransferAmount (../..OceanLife.sol#463)\n",
            "name": "similar-names"
        },
        {
            "confidence": "Medium",
            "filename": "/home/kaixuan/sast_study/solidity/smartbugs/samples/poc_shift/source_code_vuln/deliver/OLIFE_exp/OceanLife.sol",
            "impact": "Informational",
            "line": 454,
            "message": "Variable OceanLife._transferBothExcluded(address,address,uint256).rTransferAmount (../..OceanLife.sol#454) is too similar to OceanLife._getValues(uint256).tTransferAmount (../..OceanLife.sol#481)\n",
            "name": "similar-names"
        },
        {
            "confidence": "Medium",
            "filename": "/home/kaixuan/sast_study/solidity/smartbugs/samples/poc_shift/source_code_vuln/deliver/OLIFE_exp/OceanLife.sol",
            "impact": "Informational",
            "line": 446,
            "message": "Variable OceanLife._excludedToTransferContent(address,address,uint256,uint256,uint256).rTransferAmount (../..OceanLife.sol#446) is too similar to OceanLife._getValues(uint256).tTransferAmount (../..OceanLife.sol#481)\n",
            "name": "similar-names"
        },
        {
            "confidence": "Medium",
            "filename": "/home/kaixuan/sast_study/solidity/smartbugs/samples/poc_shift/source_code_vuln/deliver/OLIFE_exp/OceanLife.sol",
            "impact": "Informational",
            "line": 463,
            "message": "Variable OceanLife._bothTransferContent(address,address,uint256,uint256,uint256,uint256).rTransferAmount (../..OceanLife.sol#463) is too similar to OceanLife._transferBothExcluded(address,address,uint256).tTransferAmount (../..OceanLife.sol#454)\n",
            "name": "similar-names"
        },
        {
            "confidence": "Medium",
            "filename": "/home/kaixuan/sast_study/solidity/smartbugs/samples/poc_shift/source_code_vuln/deliver/OLIFE_exp/OceanLife.sol",
            "impact": "Informational",
            "line": 463,
            "message": "Variable OceanLife._bothTransferContent(address,address,uint256,uint256,uint256,uint256).rTransferAmount (../..OceanLife.sol#463) is too similar to OceanLife._transferToExcluded(address,address,uint256).tTransferAmount (../..OceanLife.sol#419)\n",
            "name": "similar-names"
        },
        {
            "confidence": "Medium",
            "filename": "/home/kaixuan/sast_study/solidity/smartbugs/samples/poc_shift/source_code_vuln/deliver/OLIFE_exp/OceanLife.sol",
            "impact": "Informational",
            "line": 437,
            "message": "Variable OceanLife._transferFromExcluded(address,address,uint256).rTransferAmount (../..OceanLife.sol#437) is too similar to OceanLife._transferFromExcluded(address,address,uint256).tTransferAmount (../..OceanLife.sol#437)\n",
            "name": "similar-names"
        },
        {
            "confidence": "Medium",
            "filename": "/home/kaixuan/sast_study/solidity/smartbugs/samples/poc_shift/source_code_vuln/deliver/OLIFE_exp/OceanLife.sol",
            "impact": "Informational",
            "line": 321,
            "message": "Variable OceanLife.reflectionFromToken(uint256,bool).rTransferAmount (../..OceanLife.sol#321) is too similar to OceanLife._getValues(uint256).tTransferAmount (../..OceanLife.sol#481)\n",
            "name": "similar-names"
        },
        {
            "confidence": "Medium",
            "filename": "/home/kaixuan/sast_study/solidity/smartbugs/samples/poc_shift/source_code_vuln/deliver/OLIFE_exp/OceanLife.sol",
            "impact": "Informational",
            "line": 403,
            "message": "Variable OceanLife._transferStandard(address,address,uint256).rTransferAmount (../..OceanLife.sol#403) is too similar to OceanLife._transferStandard(address,address,uint256).tTransferAmount (../..OceanLife.sol#403)\n",
            "name": "similar-names"
        },
        {
            "confidence": "Medium",
            "filename": "/home/kaixuan/sast_study/solidity/smartbugs/samples/poc_shift/source_code_vuln/deliver/OLIFE_exp/OceanLife.sol",
            "impact": "Informational",
            "line": 508,
            "message": "Variable OceanLife._getRTransferAmount(uint256,uint256,uint256,uint256,uint256).rTransferAmount (../..OceanLife.sol#508) is too similar to OceanLife._excludedFromTransferContent(address,address,uint256,uint256,uint256).tTransferAmount (../..OceanLife.sol#428)\n",
            "name": "similar-names"
        },
        {
            "confidence": "Medium",
            "filename": "/home/kaixuan/sast_study/solidity/smartbugs/samples/poc_shift/source_code_vuln/deliver/OLIFE_exp/OceanLife.sol",
            "impact": "Informational",
            "line": 446,
            "message": "Variable OceanLife._excludedToTransferContent(address,address,uint256,uint256,uint256).rTransferAmount (../..OceanLife.sol#446) is too similar to OceanLife._transferFromExcluded(address,address,uint256).tTransferAmount (../..OceanLife.sol#437)\n",
            "name": "similar-names"
        },
        {
            "confidence": "Medium",
            "filename": "/home/kaixuan/sast_study/solidity/smartbugs/samples/poc_shift/source_code_vuln/deliver/OLIFE_exp/OceanLife.sol",
            "impact": "Informational",
            "line": 412,
            "message": "Variable OceanLife._standardTransferContent(address,address,uint256,uint256).rTransferAmount (../..OceanLife.sol#412) is too similar to OceanLife._transferBothExcluded(address,address,uint256).tTransferAmount (../..OceanLife.sol#454)\n",
            "name": "similar-names"
        },
        {
            "confidence": "Medium",
            "filename": "/home/kaixuan/sast_study/solidity/smartbugs/samples/poc_shift/source_code_vuln/deliver/OLIFE_exp/OceanLife.sol",
            "impact": "Informational",
            "line": 508,
            "message": "Variable OceanLife._getRTransferAmount(uint256,uint256,uint256,uint256,uint256).rTransferAmount (../..OceanLife.sol#508) is too similar to OceanLife._transferStandard(address,address,uint256).tTransferAmount (../..OceanLife.sol#403)\n",
            "name": "similar-names"
        },
        {
            "confidence": "Medium",
            "filename": "/home/kaixuan/sast_study/solidity/smartbugs/samples/poc_shift/source_code_vuln/deliver/OLIFE_exp/OceanLife.sol",
            "impact": "Informational",
            "line": 412,
            "message": "Variable OceanLife._standardTransferContent(address,address,uint256,uint256).rTransferAmount (../..OceanLife.sol#412) is too similar to OceanLife._bothTransferContent(address,address,uint256,uint256,uint256,uint256).tTransferAmount (../..OceanLife.sol#463)\n",
            "name": "similar-names"
        },
        {
            "confidence": "Medium",
            "filename": "/home/kaixuan/sast_study/solidity/smartbugs/samples/poc_shift/source_code_vuln/deliver/OLIFE_exp/OceanLife.sol",
            "impact": "Informational",
            "line": 484,
            "message": "Variable OceanLife._getValues(uint256).rTransferAmount (../..OceanLife.sol#484) is too similar to OceanLife._getValues(uint256).tTransferAmount (../..OceanLife.sol#481)\n",
            "name": "similar-names"
        },
        {
            "confidence": "Medium",
            "filename": "/home/kaixuan/sast_study/solidity/smartbugs/samples/poc_shift/source_code_vuln/deliver/OLIFE_exp/OceanLife.sol",
            "impact": "Informational",
            "line": 454,
            "message": "Variable OceanLife._transferBothExcluded(address,address,uint256).rTransferAmount (../..OceanLife.sol#454) is too similar to OceanLife._transferBothExcluded(address,address,uint256).tTransferAmount (../..OceanLife.sol#454)\n",
            "name": "similar-names"
        },
        {
            "confidence": "Medium",
            "filename": "/home/kaixuan/sast_study/solidity/smartbugs/samples/poc_shift/source_code_vuln/deliver/OLIFE_exp/OceanLife.sol",
            "impact": "Informational",
            "line": 508,
            "message": "Variable OceanLife._getRTransferAmount(uint256,uint256,uint256,uint256,uint256).rTransferAmount (../..OceanLife.sol#508) is too similar to OceanLife._bothTransferContent(address,address,uint256,uint256,uint256,uint256).tTransferAmount (../..OceanLife.sol#463)\n",
            "name": "similar-names"
        },
        {
            "confidence": "Medium",
            "filename": "/home/kaixuan/sast_study/solidity/smartbugs/samples/poc_shift/source_code_vuln/deliver/OLIFE_exp/OceanLife.sol",
            "impact": "Informational",
            "line": 508,
            "message": "Variable OceanLife._getRTransferAmount(uint256,uint256,uint256,uint256,uint256).rTransferAmount (../..OceanLife.sol#508) is too similar to OceanLife._getValues(uint256).tTransferAmount (../..OceanLife.sol#481)\n",
            "name": "similar-names"
        },
        {
            "confidence": "Medium",
            "filename": "/home/kaixuan/sast_study/solidity/smartbugs/samples/poc_shift/source_code_vuln/deliver/OLIFE_exp/OceanLife.sol",
            "impact": "Informational",
            "line": 454,
            "message": "Variable OceanLife._transferBothExcluded(address,address,uint256).rTransferAmount (../..OceanLife.sol#454) is too similar to OceanLife._excludedFromTransferContent(address,address,uint256,uint256,uint256).tTransferAmount (../..OceanLife.sol#428)\n",
            "name": "similar-names"
        },
        {
            "confidence": "Medium",
            "filename": "/home/kaixuan/sast_study/solidity/smartbugs/samples/poc_shift/source_code_vuln/deliver/OLIFE_exp/OceanLife.sol",
            "impact": "Informational",
            "line": 484,
            "message": "Variable OceanLife._getValues(uint256).rTransferAmount (../..OceanLife.sol#484) is too similar to OceanLife._transferToExcluded(address,address,uint256).tTransferAmount (../..OceanLife.sol#419)\n",
            "name": "similar-names"
        },
        {
            "confidence": "Medium",
            "filename": "/home/kaixuan/sast_study/solidity/smartbugs/samples/poc_shift/source_code_vuln/deliver/OLIFE_exp/OceanLife.sol",
            "impact": "Informational",
            "line": 484,
            "message": "Variable OceanLife._getValues(uint256).rTransferAmount (../..OceanLife.sol#484) is too similar to OceanLife._transferFromExcluded(address,address,uint256).tTransferAmount (../..OceanLife.sol#437)\n",
            "name": "similar-names"
        },
        {
            "confidence": "Medium",
            "filename": "/home/kaixuan/sast_study/solidity/smartbugs/samples/poc_shift/source_code_vuln/deliver/OLIFE_exp/OceanLife.sol",
            "impact": "Informational",
            "line": 428,
            "message": "Variable OceanLife._excludedFromTransferContent(address,address,uint256,uint256,uint256).rTransferAmount (../..OceanLife.sol#428) is too similar to OceanLife._transferStandard(address,address,uint256).tTransferAmount (../..OceanLife.sol#403)\n",
            "name": "similar-names"
        },
        {
            "confidence": "Medium",
            "filename": "/home/kaixuan/sast_study/solidity/smartbugs/samples/poc_shift/source_code_vuln/deliver/OLIFE_exp/OceanLife.sol",
            "impact": "Informational",
            "line": 428,
            "message": "Variable OceanLife._excludedFromTransferContent(address,address,uint256,uint256,uint256).rTransferAmount (../..OceanLife.sol#428) is too similar to OceanLife._transferBothExcluded(address,address,uint256).tTransferAmount (../..OceanLife.sol#454)\n",
            "name": "similar-names"
        },
        {
            "confidence": "Medium",
            "filename": "/home/kaixuan/sast_study/solidity/smartbugs/samples/poc_shift/source_code_vuln/deliver/OLIFE_exp/OceanLife.sol",
            "impact": "Informational",
            "line": 463,
            "message": "Variable OceanLife._bothTransferContent(address,address,uint256,uint256,uint256,uint256).rTransferAmount (../..OceanLife.sol#463) is too similar to OceanLife._bothTransferContent(address,address,uint256,uint256,uint256,uint256).tTransferAmount (../..OceanLife.sol#463)\n",
            "name": "similar-names"
        },
        {
            "confidence": "Medium",
            "filename": "/home/kaixuan/sast_study/solidity/smartbugs/samples/poc_shift/source_code_vuln/deliver/OLIFE_exp/OceanLife.sol",
            "impact": "Informational",
            "line": 437,
            "message": "Variable OceanLife._transferFromExcluded(address,address,uint256).rTransferAmount (../..OceanLife.sol#437) is too similar to OceanLife._getValues(uint256).tTransferAmount (../..OceanLife.sol#481)\n",
            "name": "similar-names"
        },
        {
            "confidence": "Medium",
            "filename": "/home/kaixuan/sast_study/solidity/smartbugs/samples/poc_shift/source_code_vuln/deliver/OLIFE_exp/OceanLife.sol",
            "impact": "Informational",
            "line": 446,
            "message": "Variable OceanLife._excludedToTransferContent(address,address,uint256,uint256,uint256).rTransferAmount (../..OceanLife.sol#446) is too similar to OceanLife._transferBothExcluded(address,address,uint256).tTransferAmount (../..OceanLife.sol#454)\n",
            "name": "similar-names"
        },
        {
            "confidence": "Medium",
            "filename": "/home/kaixuan/sast_study/solidity/smartbugs/samples/poc_shift/source_code_vuln/deliver/OLIFE_exp/OceanLife.sol",
            "impact": "Informational",
            "line": 463,
            "message": "Variable OceanLife._bothTransferContent(address,address,uint256,uint256,uint256,uint256).rTransferAmount (../..OceanLife.sol#463) is too similar to OceanLife._transferFromExcluded(address,address,uint256).tTransferAmount (../..OceanLife.sol#437)\n",
            "name": "similar-names"
        },
        {
            "confidence": "Medium",
            "filename": "/home/kaixuan/sast_study/solidity/smartbugs/samples/poc_shift/source_code_vuln/deliver/OLIFE_exp/OceanLife.sol",
            "impact": "Informational",
            "line": 508,
            "message": "Variable OceanLife._getRTransferAmount(uint256,uint256,uint256,uint256,uint256).rTransferAmount (../..OceanLife.sol#508) is too similar to OceanLife._transferBothExcluded(address,address,uint256).tTransferAmount (../..OceanLife.sol#454)\n",
            "name": "similar-names"
        },
        {
            "confidence": "Medium",
            "filename": "/home/kaixuan/sast_study/solidity/smartbugs/samples/poc_shift/source_code_vuln/deliver/OLIFE_exp/OceanLife.sol",
            "impact": "Informational",
            "line": 412,
            "message": "Variable OceanLife._standardTransferContent(address,address,uint256,uint256).rTransferAmount (../..OceanLife.sol#412) is too similar to OceanLife._excludedFromTransferContent(address,address,uint256,uint256,uint256).tTransferAmount (../..OceanLife.sol#428)\n",
            "name": "similar-names"
        },
        {
            "confidence": "Medium",
            "filename": "/home/kaixuan/sast_study/solidity/smartbugs/samples/poc_shift/source_code_vuln/deliver/OLIFE_exp/OceanLife.sol",
            "impact": "Informational",
            "line": 428,
            "message": "Variable OceanLife._excludedFromTransferContent(address,address,uint256,uint256,uint256).rTransferAmount (../..OceanLife.sol#428) is too similar to OceanLife._excludedFromTransferContent(address,address,uint256,uint256,uint256).tTransferAmount (../..OceanLife.sol#428)\n",
            "name": "similar-names"
        },
        {
            "confidence": "Medium",
            "filename": "/home/kaixuan/sast_study/solidity/smartbugs/samples/poc_shift/source_code_vuln/deliver/OLIFE_exp/OceanLife.sol",
            "impact": "Informational",
            "line": 484,
            "message": "Variable OceanLife._getValues(uint256).rTransferAmount (../..OceanLife.sol#484) is too similar to OceanLife._excludedFromTransferContent(address,address,uint256,uint256,uint256).tTransferAmount (../..OceanLife.sol#428)\n",
            "name": "similar-names"
        },
        {
            "confidence": "Medium",
            "filename": "/home/kaixuan/sast_study/solidity/smartbugs/samples/poc_shift/source_code_vuln/deliver/OLIFE_exp/OceanLife.sol",
            "impact": "Informational",
            "line": 403,
            "message": "Variable OceanLife._transferStandard(address,address,uint256).rTransferAmount (../..OceanLife.sol#403) is too similar to OceanLife._transferFromExcluded(address,address,uint256).tTransferAmount (../..OceanLife.sol#437)\n",
            "name": "similar-names"
        },
        {
            "confidence": "Medium",
            "filename": "/home/kaixuan/sast_study/solidity/smartbugs/samples/poc_shift/source_code_vuln/deliver/OLIFE_exp/OceanLife.sol",
            "impact": "Informational",
            "line": 508,
            "message": "Variable OceanLife._getRTransferAmount(uint256,uint256,uint256,uint256,uint256).rTransferAmount (../..OceanLife.sol#508) is too similar to OceanLife._transferFromExcluded(address,address,uint256).tTransferAmount (../..OceanLife.sol#437)\n",
            "name": "similar-names"
        },
        {
            "confidence": "Medium",
            "filename": "/home/kaixuan/sast_study/solidity/smartbugs/samples/poc_shift/source_code_vuln/deliver/OLIFE_exp/OceanLife.sol",
            "impact": "Informational",
            "line": 437,
            "message": "Variable OceanLife._transferFromExcluded(address,address,uint256).rTransferAmount (../..OceanLife.sol#437) is too similar to OceanLife._excludedFromTransferContent(address,address,uint256,uint256,uint256).tTransferAmount (../..OceanLife.sol#428)\n",
            "name": "similar-names"
        },
        {
            "confidence": "Medium",
            "filename": "/home/kaixuan/sast_study/solidity/smartbugs/samples/poc_shift/source_code_vuln/deliver/OLIFE_exp/OceanLife.sol",
            "impact": "Informational",
            "line": 437,
            "message": "Variable OceanLife._transferFromExcluded(address,address,uint256).rTransferAmount (../..OceanLife.sol#437) is too similar to OceanLife._transferStandard(address,address,uint256).tTransferAmount (../..OceanLife.sol#403)\n",
            "name": "similar-names"
        },
        {
            "confidence": "Medium",
            "filename": "/home/kaixuan/sast_study/solidity/smartbugs/samples/poc_shift/source_code_vuln/deliver/OLIFE_exp/OceanLife.sol",
            "impact": "Informational",
            "line": 428,
            "message": "Variable OceanLife._excludedFromTransferContent(address,address,uint256,uint256,uint256).rTransferAmount (../..OceanLife.sol#428) is too similar to OceanLife._bothTransferContent(address,address,uint256,uint256,uint256,uint256).tTransferAmount (../..OceanLife.sol#463)\n",
            "name": "similar-names"
        },
        {
            "confidence": "Medium",
            "filename": "/home/kaixuan/sast_study/solidity/smartbugs/samples/poc_shift/source_code_vuln/deliver/OLIFE_exp/OceanLife.sol",
            "impact": "Informational",
            "line": 437,
            "message": "Variable OceanLife._transferFromExcluded(address,address,uint256).rTransferAmount (../..OceanLife.sol#437) is too similar to OceanLife._transferToExcluded(address,address,uint256).tTransferAmount (../..OceanLife.sol#419)\n",
            "name": "similar-names"
        },
        {
            "confidence": "Medium",
            "filename": "/home/kaixuan/sast_study/solidity/smartbugs/samples/poc_shift/source_code_vuln/deliver/OLIFE_exp/OceanLife.sol",
            "impact": "Informational",
            "line": 437,
            "message": "Variable OceanLife._transferFromExcluded(address,address,uint256).rTransferAmount (../..OceanLife.sol#437) is too similar to OceanLife._transferBothExcluded(address,address,uint256).tTransferAmount (../..OceanLife.sol#454)\n",
            "name": "similar-names"
        },
        {
            "confidence": "Medium",
            "filename": "/home/kaixuan/sast_study/solidity/smartbugs/samples/poc_shift/source_code_vuln/deliver/OLIFE_exp/OceanLife.sol",
            "impact": "Informational",
            "line": 419,
            "message": "Variable OceanLife._transferToExcluded(address,address,uint256).rTransferAmount (../..OceanLife.sol#419) is too similar to OceanLife._transferStandard(address,address,uint256).tTransferAmount (../..OceanLife.sol#403)\n",
            "name": "similar-names"
        },
        {
            "confidence": "Medium",
            "filename": "/home/kaixuan/sast_study/solidity/smartbugs/samples/poc_shift/source_code_vuln/deliver/OLIFE_exp/OceanLife.sol",
            "impact": "Informational",
            "line": 463,
            "message": "Variable OceanLife._bothTransferContent(address,address,uint256,uint256,uint256,uint256).rTransferAmount (../..OceanLife.sol#463) is too similar to OceanLife._transferStandard(address,address,uint256).tTransferAmount (../..OceanLife.sol#403)\n",
            "name": "similar-names"
        },
        {
            "confidence": "Medium",
            "filename": "/home/kaixuan/sast_study/solidity/smartbugs/samples/poc_shift/source_code_vuln/deliver/OLIFE_exp/OceanLife.sol",
            "impact": "Informational",
            "line": 321,
            "message": "Variable OceanLife.reflectionFromToken(uint256,bool).rTransferAmount (../..OceanLife.sol#321) is too similar to OceanLife._bothTransferContent(address,address,uint256,uint256,uint256,uint256).tTransferAmount (../..OceanLife.sol#463)\n",
            "name": "similar-names"
        },
        {
            "confidence": "Medium",
            "filename": "/home/kaixuan/sast_study/solidity/smartbugs/samples/poc_shift/source_code_vuln/deliver/OLIFE_exp/OceanLife.sol",
            "impact": "Informational",
            "line": 321,
            "message": "Variable OceanLife.reflectionFromToken(uint256,bool).rTransferAmount (../..OceanLife.sol#321) is too similar to OceanLife._transferToExcluded(address,address,uint256).tTransferAmount (../..OceanLife.sol#419)\n",
            "name": "similar-names"
        },
        {
            "confidence": "Medium",
            "filename": "/home/kaixuan/sast_study/solidity/smartbugs/samples/poc_shift/source_code_vuln/deliver/OLIFE_exp/OceanLife.sol",
            "impact": "Informational",
            "line": 412,
            "message": "Variable OceanLife._standardTransferContent(address,address,uint256,uint256).rTransferAmount (../..OceanLife.sol#412) is too similar to OceanLife._transferToExcluded(address,address,uint256).tTransferAmount (../..OceanLife.sol#419)\n",
            "name": "similar-names"
        },
        {
            "confidence": "Medium",
            "filename": "/home/kaixuan/sast_study/solidity/smartbugs/samples/poc_shift/source_code_vuln/deliver/OLIFE_exp/OceanLife.sol",
            "impact": "Informational",
            "line": 321,
            "message": "Variable OceanLife.reflectionFromToken(uint256,bool).rTransferAmount (../..OceanLife.sol#321) is too similar to OceanLife._transferBothExcluded(address,address,uint256).tTransferAmount (../..OceanLife.sol#454)\n",
            "name": "similar-names"
        },
        {
            "confidence": "Medium",
            "filename": "/home/kaixuan/sast_study/solidity/smartbugs/samples/poc_shift/source_code_vuln/deliver/OLIFE_exp/OceanLife.sol",
            "impact": "Informational",
            "line": 446,
            "message": "Variable OceanLife._excludedToTransferContent(address,address,uint256,uint256,uint256).rTransferAmount (../..OceanLife.sol#446) is too similar to OceanLife._transferToExcluded(address,address,uint256).tTransferAmount (../..OceanLife.sol#419)\n",
            "name": "similar-names"
        },
        {
            "confidence": "Medium",
            "filename": "/home/kaixuan/sast_study/solidity/smartbugs/samples/poc_shift/source_code_vuln/deliver/OLIFE_exp/OceanLife.sol",
            "impact": "Informational",
            "line": 484,
            "message": "Variable OceanLife._getValues(uint256).rTransferAmount (../..OceanLife.sol#484) is too similar to OceanLife._transferBothExcluded(address,address,uint256).tTransferAmount (../..OceanLife.sol#454)\n",
            "name": "similar-names"
        },
        {
            "confidence": "Medium",
            "filename": "/home/kaixuan/sast_study/solidity/smartbugs/samples/poc_shift/source_code_vuln/deliver/OLIFE_exp/OceanLife.sol",
            "impact": "Informational",
            "line": 419,
            "message": "Variable OceanLife._transferToExcluded(address,address,uint256).rTransferAmount (../..OceanLife.sol#419) is too similar to OceanLife._transferBothExcluded(address,address,uint256).tTransferAmount (../..OceanLife.sol#454)\n",
            "name": "similar-names"
        },
        {
            "confidence": "Medium",
            "filename": "/home/kaixuan/sast_study/solidity/smartbugs/samples/poc_shift/source_code_vuln/deliver/OLIFE_exp/OceanLife.sol",
            "impact": "Informational",
            "line": 508,
            "message": "Variable OceanLife._getRTransferAmount(uint256,uint256,uint256,uint256,uint256).rTransferAmount (../..OceanLife.sol#508) is too similar to OceanLife._transferToExcluded(address,address,uint256).tTransferAmount (../..OceanLife.sol#419)\n",
            "name": "similar-names"
        },
        {
            "confidence": "Medium",
            "filename": "/home/kaixuan/sast_study/solidity/smartbugs/samples/poc_shift/source_code_vuln/deliver/OLIFE_exp/OceanLife.sol",
            "impact": "Informational",
            "line": 403,
            "message": "Variable OceanLife._transferStandard(address,address,uint256).rTransferAmount (../..OceanLife.sol#403) is too similar to OceanLife._bothTransferContent(address,address,uint256,uint256,uint256,uint256).tTransferAmount (../..OceanLife.sol#463)\n",
            "name": "similar-names"
        },
        {
            "confidence": "Medium",
            "filename": "/home/kaixuan/sast_study/solidity/smartbugs/samples/poc_shift/source_code_vuln/deliver/OLIFE_exp/OceanLife.sol",
            "impact": "Informational",
            "line": 454,
            "message": "Variable OceanLife._transferBothExcluded(address,address,uint256).rTransferAmount (../..OceanLife.sol#454) is too similar to OceanLife._transferToExcluded(address,address,uint256).tTransferAmount (../..OceanLife.sol#419)\n",
            "name": "similar-names"
        },
        {
            "confidence": "Medium",
            "filename": "/home/kaixuan/sast_study/solidity/smartbugs/samples/poc_shift/source_code_vuln/deliver/OLIFE_exp/OceanLife.sol",
            "impact": "Informational",
            "line": 446,
            "message": "Variable OceanLife._excludedToTransferContent(address,address,uint256,uint256,uint256).rTransferAmount (../..OceanLife.sol#446) is too similar to OceanLife._excludedFromTransferContent(address,address,uint256,uint256,uint256).tTransferAmount (../..OceanLife.sol#428)\n",
            "name": "similar-names"
        },
        {
            "confidence": "Medium",
            "filename": "/home/kaixuan/sast_study/solidity/smartbugs/samples/poc_shift/source_code_vuln/deliver/OLIFE_exp/OceanLife.sol",
            "impact": "Informational",
            "line": 419,
            "message": "Variable OceanLife._transferToExcluded(address,address,uint256).rTransferAmount (../..OceanLife.sol#419) is too similar to OceanLife._transferToExcluded(address,address,uint256).tTransferAmount (../..OceanLife.sol#419)\n",
            "name": "similar-names"
        },
        {
            "confidence": "Medium",
            "filename": "/home/kaixuan/sast_study/solidity/smartbugs/samples/poc_shift/source_code_vuln/deliver/OLIFE_exp/OceanLife.sol",
            "impact": "Informational",
            "line": 419,
            "message": "Variable OceanLife._transferToExcluded(address,address,uint256).rTransferAmount (../..OceanLife.sol#419) is too similar to OceanLife._getValues(uint256).tTransferAmount (../..OceanLife.sol#481)\n",
            "name": "similar-names"
        },
        {
            "confidence": "Medium",
            "filename": "/home/kaixuan/sast_study/solidity/smartbugs/samples/poc_shift/source_code_vuln/deliver/OLIFE_exp/OceanLife.sol",
            "impact": "Informational",
            "line": 412,
            "message": "Variable OceanLife._standardTransferContent(address,address,uint256,uint256).rTransferAmount (../..OceanLife.sol#412) is too similar to OceanLife._getValues(uint256).tTransferAmount (../..OceanLife.sol#481)\n",
            "name": "similar-names"
        },
        {
            "confidence": "Medium",
            "filename": "/home/kaixuan/sast_study/solidity/smartbugs/samples/poc_shift/source_code_vuln/deliver/OLIFE_exp/OceanLife.sol",
            "impact": "Informational",
            "line": 321,
            "message": "Variable OceanLife.reflectionFromToken(uint256,bool).rTransferAmount (../..OceanLife.sol#321) is too similar to OceanLife._transferFromExcluded(address,address,uint256).tTransferAmount (../..OceanLife.sol#437)\n",
            "name": "similar-names"
        },
        {
            "confidence": "Medium",
            "filename": "/home/kaixuan/sast_study/solidity/smartbugs/samples/poc_shift/source_code_vuln/deliver/OLIFE_exp/OceanLife.sol",
            "impact": "Informational",
            "line": 419,
            "message": "Variable OceanLife._transferToExcluded(address,address,uint256).rTransferAmount (../..OceanLife.sol#419) is too similar to OceanLife._transferFromExcluded(address,address,uint256).tTransferAmount (../..OceanLife.sol#437)\n",
            "name": "similar-names"
        },
        {
            "confidence": "Medium",
            "filename": "/home/kaixuan/sast_study/solidity/smartbugs/samples/poc_shift/source_code_vuln/deliver/OLIFE_exp/OceanLife.sol",
            "impact": "Informational",
            "line": 403,
            "message": "Variable OceanLife._transferStandard(address,address,uint256).rTransferAmount (../..OceanLife.sol#403) is too similar to OceanLife._excludedFromTransferContent(address,address,uint256,uint256,uint256).tTransferAmount (../..OceanLife.sol#428)\n",
            "name": "similar-names"
        },
        {
            "confidence": "Medium",
            "filename": "/home/kaixuan/sast_study/solidity/smartbugs/samples/poc_shift/source_code_vuln/deliver/OLIFE_exp/OceanLife.sol",
            "impact": "Informational",
            "line": 412,
            "message": "Variable OceanLife._standardTransferContent(address,address,uint256,uint256).rTransferAmount (../..OceanLife.sol#412) is too similar to OceanLife._transferStandard(address,address,uint256).tTransferAmount (../..OceanLife.sol#403)\n",
            "name": "similar-names"
        },
        {
            "confidence": "Medium",
            "contract": "/sb/OceanLife.sol",
            "filename": "/home/kaixuan/sast_study/solidity/smartbugs/samples/poc_shift/source_code_vuln/deliver/OLIFE_exp/OceanLife.sol",
            "function": "slitherConstructorVariables",
            "impact": "Informational",
            "line": 196,
            "line_end": 577,
            "message": "OceanLife.slitherConstructorVariables() (../..OceanLife.sol#196-577) uses literals with too many digits:\n\t- _tTotal = 260000000 * _DECIMALFACTOR (../..OceanLife.sol#217)\n",
            "name": "too-many-digits"
        },
        {
            "confidence": "Medium",
            "contract": "/sb/OceanLife.sol",
            "filename": "/home/kaixuan/sast_study/solidity/smartbugs/samples/poc_shift/source_code_vuln/deliver/OLIFE_exp/OceanLife.sol",
            "function": "slitherConstructorConstantVariables",
            "impact": "Informational",
            "line": 196,
            "line_end": 577,
            "message": "OceanLife.slitherConstructorConstantVariables() (../..OceanLife.sol#196-577) uses literals with too many digits:\n\t- _MAX_TX_SIZE = 260000000 * _DECIMALFACTOR (../..OceanLife.sol#227)\n",
            "name": "too-many-digits"
        },
        {
            "confidence": "High",
            "filename": "/home/kaixuan/sast_study/solidity/smartbugs/samples/poc_shift/source_code_vuln/deliver/OLIFE_exp/OceanLife.sol",
            "impact": "Optimization",
            "line": 520,
            "message": "Loop condition i < _excluded.length (../..OceanLife.sol#520) should use cached array length instead of referencing `length` member of the storage array.\n ",
            "name": "cache-array-length"
        }
    ],
    "infos": [],
    "parser": {
        "id": "slither",
        "mode": "solidity",
        "version": "2022/11/14"
    }
}
