{
    "errors": [
        "EXIT_CODE_255"
    ],
    "fails": [],
    "findings": [
        {
            "confidence": "Medium",
            "contract": "/sb/TomInu.sol",
            "filename": "/home/kaixuan/sast_study/solidity/smartbugs/samples/poc_shift/source_code_vuln/deliver/TINU_exp.t/TomInu.sol",
            "function": "sendETHToteam",
            "impact": "High",
            "line": 1109,
            "line_end": 1112,
            "message": "TomInu.sendETHToteam(uint256) (../..TomInu.sol#1109-1112) sends eth to arbitrary user\n\tDangerous calls:\n\t- _teamWalletAddress.transfer(amount.div(2)) (../..TomInu.sol#1110)\n\t- _marketingWalletAddress.transfer(amount.div(2)) (../..TomInu.sol#1111)\n",
            "name": "arbitrary-send-eth"
        },
        {
            "confidence": "Medium",
            "contract": "/sb/TomInu.sol",
            "filename": "/home/kaixuan/sast_study/solidity/smartbugs/samples/poc_shift/source_code_vuln/deliver/TINU_exp.t/TomInu.sol",
            "function": "_transfer",
            "impact": "High",
            "line": 1016,
            "line_end": 1089,
            "message": "Reentrancy in TomInu._transfer(address,address,uint256) (../..TomInu.sol#1016-1089):\n\tExternal calls:\n\t- swapTokensForEth(contractTokenBalance) (../..TomInu.sol#1071)\n\t\t- uniswapV2Router.swapExactTokensForETHSupportingFeeOnTransferTokens(tokenAmount,0,path,address(this),block.timestamp) (../..TomInu.sol#1100-1106)\n\tExternal calls sending eth:\n\t- sendETHToteam(address(this).balance) (../..TomInu.sol#1075)\n\t\t- _teamWalletAddress.transfer(amount.div(2)) (../..TomInu.sol#1110)\n\t\t- _marketingWalletAddress.transfer(amount.div(2)) (../..TomInu.sol#1111)\n\tState variables written after the call(s):\n\t- _tokenTransfer(sender,recipient,amount,takeFee) (../..TomInu.sol#1088)\n\t\t- _rOwned[address(this)] = _rOwned[address(this)].add(rteam) (../..TomInu.sol#1193)\n\t\t- _rOwned[sender] = _rOwned[sender].sub(rAmount) (../..TomInu.sol#1152)\n\t\t- _rOwned[sender] = _rOwned[sender].sub(rAmount) (../..TomInu.sol#1161)\n\t\t- _rOwned[sender] = _rOwned[sender].sub(rAmount) (../..TomInu.sol#1182)\n\t\t- _rOwned[sender] = _rOwned[sender].sub(rAmount) (../..TomInu.sol#1172)\n\t\t- _rOwned[recipient] = _rOwned[recipient].add(rTransferAmount) (../..TomInu.sol#1153)\n\t\t- _rOwned[recipient] = _rOwned[recipient].add(rTransferAmount) (../..TomInu.sol#1173)\n\t\t- _rOwned[recipient] = _rOwned[recipient].add(rTransferAmount) (../..TomInu.sol#1163)\n\t\t- _rOwned[recipient] = _rOwned[recipient].add(rTransferAmount) (../..TomInu.sol#1184)\n\tTomInu._rOwned (../..TomInu.sol#667) can be used in cross function reentrancies:\n\t- TomInu._getCurrentSupply() (../..TomInu.sol#1232-1242)\n\t- TomInu._taketeam(uint256) (../..TomInu.sol#1190-1196)\n\t- TomInu._transferBothExcluded(address,address,uint256) (../..TomInu.sol#1179-1188)\n\t- TomInu._transferFromExcluded(address,address,uint256) (../..TomInu.sol#1169-1177)\n\t- TomInu._transferStandard(address,address,uint256) (../..TomInu.sol#1150-1157)\n\t- TomInu._transferToExcluded(address,address,uint256) (../..TomInu.sol#1159-1167)\n\t- TomInu.balanceOf(address) (../..TomInu.sol#864-867)\n\t- TomInu.constructor(address,address) (../..TomInu.sol#719-846)\n\t- TomInu.deliver(uint256) (../..TomInu.sol#915-922)\n\t- TomInu.excludeAccount(address) (../..TomInu.sol#941-949)\n\t- _tokenTransfer(sender,recipient,amount,takeFee) (../..TomInu.sol#1088)\n\t\t- _rTotal = _rTotal.sub(rFee) (../..TomInu.sol#1199)\n\tTomInu._rTotal (../..TomInu.sol#681) can be used in cross function reentrancies:\n\t- TomInu._getCurrentSupply() (../..TomInu.sol#1232-1242)\n\t- TomInu._reflectFee(uint256,uint256) (../..TomInu.sol#1198-1201)\n\t- TomInu.constructor(address,address) (../..TomInu.sol#719-846)\n\t- TomInu.deliver(uint256) (../..TomInu.sol#915-922)\n\t- TomInu.tokenFromReflection(uint256) (../..TomInu.sol#935-939)\n\t- _tokenTransfer(sender,recipient,amount,takeFee) (../..TomInu.sol#1088)\n\t\t- _tOwned[address(this)] = _tOwned[address(this)].add(tteam) (../..TomInu.sol#1195)\n\t\t- _tOwned[sender] = _tOwned[sender].sub(tAmount) (../..TomInu.sol#1181)\n\t\t- _tOwned[sender] = _tOwned[sender].sub(tAmount) (../..TomInu.sol#1171)\n\t\t- _tOwned[recipient] = _tOwned[recipient].add(tTransferAmount) (../..TomInu.sol#1162)\n\t\t- _tOwned[recipient] = _tOwned[recipient].add(tTransferAmount) (../..TomInu.sol#1183)\n\tTomInu._tOwned (../..TomInu.sol#668) can be used in cross function reentrancies:\n\t- TomInu._getCurrentSupply() (../..TomInu.sol#1232-1242)\n\t- TomInu._taketeam(uint256) (../..TomInu.sol#1190-1196)\n\t- TomInu._transferBothExcluded(address,address,uint256) (../..TomInu.sol#1179-1188)\n\t- TomInu._transferFromExcluded(address,address,uint256) (../..TomInu.sol#1169-1177)\n\t- TomInu._transferToExcluded(address,address,uint256) (../..TomInu.sol#1159-1167)\n\t- TomInu.balanceOf(address) (../..TomInu.sol#864-867)\n\t- TomInu.excludeAccount(address) (../..TomInu.sol#941-949)\n\t- TomInu.includeAccount(address) (../..TomInu.sol#951-962)\n",
            "name": "reentrancy-eth"
        },
        {
            "confidence": "High",
            "contract": "/sb/TomInu.sol",
            "filename": "/home/kaixuan/sast_study/solidity/smartbugs/samples/poc_shift/source_code_vuln/deliver/TINU_exp.t/TomInu.sol",
            "function": "owner",
            "impact": "Low",
            "line": 1008,
            "message": "TomInu._approve(address,address,uint256).owner (../..TomInu.sol#1008) shadows:\n\t- Ownable.owner() (../..TomInu.sol#405-407) (function)\n",
            "name": "shadowing-local"
        },
        {
            "confidence": "High",
            "contract": "/sb/TomInu.sol",
            "filename": "/home/kaixuan/sast_study/solidity/smartbugs/samples/poc_shift/source_code_vuln/deliver/TINU_exp.t/TomInu.sol",
            "function": "owner",
            "impact": "Low",
            "line": 874,
            "message": "TomInu.allowance(address,address).owner (../..TomInu.sol#874) shadows:\n\t- Ownable.owner() (../..TomInu.sol#405-407) (function)\n",
            "name": "shadowing-local"
        },
        {
            "confidence": "Medium",
            "contract": "/sb/TomInu.sol",
            "filename": "/home/kaixuan/sast_study/solidity/smartbugs/samples/poc_shift/source_code_vuln/deliver/TINU_exp.t/TomInu.sol",
            "function": "_setteamFee",
            "impact": "Low",
            "line": 1261,
            "line_end": 1264,
            "message": "TomInu._setteamFee(uint256) (../..TomInu.sol#1261-1264) should emit an event for: \n\t- _teamFee = teamFee (../..TomInu.sol#1263) \n",
            "name": "events-maths"
        },
        {
            "confidence": "Medium",
            "contract": "/sb/TomInu.sol",
            "filename": "/home/kaixuan/sast_study/solidity/smartbugs/samples/poc_shift/source_code_vuln/deliver/TINU_exp.t/TomInu.sol",
            "function": "setMaxTxPercent",
            "impact": "Low",
            "line": 1002,
            "line_end": 1006,
            "message": "TomInu.setMaxTxPercent(uint256) (../..TomInu.sol#1002-1006) should emit an event for: \n\t- _maxTxAmount = _tTotal.mul(maxTxPercent).div(10 ** 2) (../..TomInu.sol#1003-1005) \n",
            "name": "events-maths"
        },
        {
            "confidence": "Medium",
            "contract": "/sb/TomInu.sol",
            "filename": "/home/kaixuan/sast_study/solidity/smartbugs/samples/poc_shift/source_code_vuln/deliver/TINU_exp.t/TomInu.sol",
            "function": "_setTaxFee",
            "impact": "Low",
            "line": 1256,
            "line_end": 1259,
            "message": "TomInu._setTaxFee(uint256) (../..TomInu.sol#1256-1259) should emit an event for: \n\t- _taxFee = taxFee (../..TomInu.sol#1258) \n",
            "name": "events-maths"
        },
        {
            "confidence": "Medium",
            "contract": "/sb/TomInu.sol",
            "filename": "/home/kaixuan/sast_study/solidity/smartbugs/samples/poc_shift/source_code_vuln/deliver/TINU_exp.t/TomInu.sol",
            "function": "setCoolDown",
            "impact": "Low",
            "line": 1282,
            "line_end": 1284,
            "message": "TomInu.setCoolDown(uint256) (../..TomInu.sol#1282-1284) should emit an event for: \n\t- _CoolDown = (CoolDown * 1) (../..TomInu.sol#1283) \n",
            "name": "events-maths"
        },
        {
            "confidence": "Medium",
            "filename": "/home/kaixuan/sast_study/solidity/smartbugs/samples/poc_shift/source_code_vuln/deliver/TINU_exp.t/TomInu.sol",
            "impact": "Low",
            "line": 719,
            "message": "TomInu.constructor(address,address).marketingWalletAddress (../..TomInu.sol#719) lacks a zero-check on :\n\t\t- _marketingWalletAddress = marketingWalletAddress (../..TomInu.sol#721)\n",
            "name": "missing-zero-check"
        },
        {
            "confidence": "Medium",
            "filename": "/home/kaixuan/sast_study/solidity/smartbugs/samples/poc_shift/source_code_vuln/deliver/TINU_exp.t/TomInu.sol",
            "impact": "Low",
            "line": 1266,
            "message": "TomInu._setteamWallet(address).teamWalletAddress (../..TomInu.sol#1266) lacks a zero-check on :\n\t\t- _teamWalletAddress = teamWalletAddress (../..TomInu.sol#1267)\n",
            "name": "missing-zero-check"
        },
        {
            "confidence": "Medium",
            "filename": "/home/kaixuan/sast_study/solidity/smartbugs/samples/poc_shift/source_code_vuln/deliver/TINU_exp.t/TomInu.sol",
            "impact": "Low",
            "line": 719,
            "message": "TomInu.constructor(address,address).teamWalletAddress (../..TomInu.sol#719) lacks a zero-check on :\n\t\t- _teamWalletAddress = teamWalletAddress (../..TomInu.sol#720)\n",
            "name": "missing-zero-check"
        },
        {
            "confidence": "Medium",
            "filename": "/home/kaixuan/sast_study/solidity/smartbugs/samples/poc_shift/source_code_vuln/deliver/TINU_exp.t/TomInu.sol",
            "impact": "Low",
            "line": 1270,
            "message": "TomInu._setmarketingWallet(address).marketingWalletAddress (../..TomInu.sol#1270) lacks a zero-check on :\n\t\t- _marketingWalletAddress = marketingWalletAddress (../..TomInu.sol#1271)\n",
            "name": "missing-zero-check"
        },
        {
            "confidence": "Medium",
            "contract": "/sb/TomInu.sol",
            "filename": "/home/kaixuan/sast_study/solidity/smartbugs/samples/poc_shift/source_code_vuln/deliver/TINU_exp.t/TomInu.sol",
            "function": "_transfer",
            "impact": "Low",
            "line": 1016,
            "line_end": 1089,
            "message": "Reentrancy in TomInu._transfer(address,address,uint256) (../..TomInu.sol#1016-1089):\n\tExternal calls:\n\t- swapTokensForEth(contractTokenBalance) (../..TomInu.sol#1071)\n\t\t- uniswapV2Router.swapExactTokensForETHSupportingFeeOnTransferTokens(tokenAmount,0,path,address(this),block.timestamp) (../..TomInu.sol#1100-1106)\n\tExternal calls sending eth:\n\t- sendETHToteam(address(this).balance) (../..TomInu.sol#1075)\n\t\t- _teamWalletAddress.transfer(amount.div(2)) (../..TomInu.sol#1110)\n\t\t- _marketingWalletAddress.transfer(amount.div(2)) (../..TomInu.sol#1111)\n\tState variables written after the call(s):\n\t- _tokenTransfer(sender,recipient,amount,takeFee) (../..TomInu.sol#1088)\n\t\t- _previousTaxFee = _taxFee (../..TomInu.sol#986)\n\t- _tokenTransfer(sender,recipient,amount,takeFee) (../..TomInu.sol#1088)\n\t\t- _previousteamFee = _teamFee (../..TomInu.sol#987)\n\t- _tokenTransfer(sender,recipient,amount,takeFee) (../..TomInu.sol#1088)\n\t\t- _tFeeTotal = _tFeeTotal.add(tFee) (../..TomInu.sol#1200)\n\t- _tokenTransfer(sender,recipient,amount,takeFee) (../..TomInu.sol#1088)\n\t\t- _taxFee = _previousTaxFee (../..TomInu.sol#994)\n\t\t- _taxFee = 0 (../..TomInu.sol#989)\n\t- _tokenTransfer(sender,recipient,amount,takeFee) (../..TomInu.sol#1088)\n\t\t- _teamFee = _previousteamFee (../..TomInu.sol#995)\n\t\t- _teamFee = 0 (../..TomInu.sol#990)\n",
            "name": "reentrancy-benign"
        },
        {
            "confidence": "Medium",
            "contract": "/sb/TomInu.sol",
            "filename": "/home/kaixuan/sast_study/solidity/smartbugs/samples/poc_shift/source_code_vuln/deliver/TINU_exp.t/TomInu.sol",
            "function": "transferFrom",
            "impact": "Low",
            "line": 883,
            "line_end": 887,
            "message": "Reentrancy in TomInu.transferFrom(address,address,uint256) (../..TomInu.sol#883-887):\n\tExternal calls:\n\t- _transfer(sender,recipient,amount) (../..TomInu.sol#884)\n\t\t- uniswapV2Router.swapExactTokensForETHSupportingFeeOnTransferTokens(tokenAmount,0,path,address(this),block.timestamp) (../..TomInu.sol#1100-1106)\n\tExternal calls sending eth:\n\t- _transfer(sender,recipient,amount) (../..TomInu.sol#884)\n\t\t- _teamWalletAddress.transfer(amount.div(2)) (../..TomInu.sol#1110)\n\t\t- _marketingWalletAddress.transfer(amount.div(2)) (../..TomInu.sol#1111)\n\tState variables written after the call(s):\n\t- _approve(sender,_msgSender(),_allowances[sender][_msgSender()].sub(amount,ERC20: transfer amount exceeds allowance)) (../..TomInu.sol#885)\n\t\t- _allowances[owner][spender] = amount (../..TomInu.sol#1012)\n",
            "name": "reentrancy-benign"
        },
        {
            "confidence": "Medium",
            "contract": "/sb/TomInu.sol",
            "filename": "/home/kaixuan/sast_study/solidity/smartbugs/samples/poc_shift/source_code_vuln/deliver/TINU_exp.t/TomInu.sol",
            "function": "_transfer",
            "impact": "Low",
            "line": 1016,
            "line_end": 1089,
            "message": "Reentrancy in TomInu._transfer(address,address,uint256) (../..TomInu.sol#1016-1089):\n\tExternal calls:\n\t- swapTokensForEth(contractTokenBalance) (../..TomInu.sol#1071)\n\t\t- uniswapV2Router.swapExactTokensForETHSupportingFeeOnTransferTokens(tokenAmount,0,path,address(this),block.timestamp) (../..TomInu.sol#1100-1106)\n\tExternal calls sending eth:\n\t- sendETHToteam(address(this).balance) (../..TomInu.sol#1075)\n\t\t- _teamWalletAddress.transfer(amount.div(2)) (../..TomInu.sol#1110)\n\t\t- _marketingWalletAddress.transfer(amount.div(2)) (../..TomInu.sol#1111)\n\tEvent emitted after the call(s):\n\t- Transfer(sender,recipient,tTransferAmount) (../..TomInu.sol#1156)\n\t\t- _tokenTransfer(sender,recipient,amount,takeFee) (../..TomInu.sol#1088)\n\t- Transfer(sender,recipient,tTransferAmount) (../..TomInu.sol#1176)\n\t\t- _tokenTransfer(sender,recipient,amount,takeFee) (../..TomInu.sol#1088)\n\t- Transfer(sender,recipient,tTransferAmount) (../..TomInu.sol#1166)\n\t\t- _tokenTransfer(sender,recipient,amount,takeFee) (../..TomInu.sol#1088)\n\t- Transfer(sender,recipient,tTransferAmount) (../..TomInu.sol#1187)\n\t\t- _tokenTransfer(sender,recipient,amount,takeFee) (../..TomInu.sol#1088)\n",
            "name": "reentrancy-events"
        },
        {
            "confidence": "Medium",
            "contract": "/sb/TomInu.sol",
            "filename": "/home/kaixuan/sast_study/solidity/smartbugs/samples/poc_shift/source_code_vuln/deliver/TINU_exp.t/TomInu.sol",
            "function": "transferFrom",
            "impact": "Low",
            "line": 883,
            "line_end": 887,
            "message": "Reentrancy in TomInu.transferFrom(address,address,uint256) (../..TomInu.sol#883-887):\n\tExternal calls:\n\t- _transfer(sender,recipient,amount) (../..TomInu.sol#884)\n\t\t- uniswapV2Router.swapExactTokensForETHSupportingFeeOnTransferTokens(tokenAmount,0,path,address(this),block.timestamp) (../..TomInu.sol#1100-1106)\n\tExternal calls sending eth:\n\t- _transfer(sender,recipient,amount) (../..TomInu.sol#884)\n\t\t- _teamWalletAddress.transfer(amount.div(2)) (../..TomInu.sol#1110)\n\t\t- _marketingWalletAddress.transfer(amount.div(2)) (../..TomInu.sol#1111)\n\tEvent emitted after the call(s):\n\t- Approval(owner,spender,amount) (../..TomInu.sol#1013)\n\t\t- _approve(sender,_msgSender(),_allowances[sender][_msgSender()].sub(amount,ERC20: transfer amount exceeds allowance)) (../..TomInu.sol#885)\n",
            "name": "reentrancy-events"
        },
        {
            "confidence": "Medium",
            "contract": "/sb/TomInu.sol",
            "filename": "/home/kaixuan/sast_study/solidity/smartbugs/samples/poc_shift/source_code_vuln/deliver/TINU_exp.t/TomInu.sol",
            "function": "_transfer",
            "impact": "Low",
            "line": 1016,
            "line_end": 1089,
            "message": "TomInu._transfer(address,address,uint256) (../..TomInu.sol#1016-1089) uses timestamp for comparisons\n\tDangerous comparisons:\n\t- require(bool,string)(block.timestamp >= timestamp[sender],Cooldown) (../..TomInu.sol#1051)\n",
            "name": "timestamp"
        },
        {
            "confidence": "Medium",
            "contract": "/sb/TomInu.sol",
            "filename": "/home/kaixuan/sast_study/solidity/smartbugs/samples/poc_shift/source_code_vuln/deliver/TINU_exp.t/TomInu.sol",
            "function": "unlock",
            "impact": "Low",
            "line": 452,
            "line_end": 457,
            "message": "Ownable.unlock() (../..TomInu.sol#452-457) uses timestamp for comparisons\n\tDangerous comparisons:\n\t- require(bool,string)(now > _lockTime,Contract is locked until 7 days) (../..TomInu.sol#454)\n",
            "name": "timestamp"
        },
        {
            "confidence": "High",
            "contract": "/sb/TomInu.sol",
            "filename": "/home/kaixuan/sast_study/solidity/smartbugs/samples/poc_shift/source_code_vuln/deliver/TINU_exp.t/TomInu.sol",
            "function": "_functionCallWithValue",
            "impact": "Informational",
            "line": 362,
            "line_end": 383,
            "message": "Address._functionCallWithValue(address,bytes,uint256,string) (../..TomInu.sol#362-383) uses assembly\n\t- INLINE ASM (../..TomInu.sol#375-378)\n",
            "name": "assembly"
        },
        {
            "confidence": "High",
            "contract": "/sb/TomInu.sol",
            "filename": "/home/kaixuan/sast_study/solidity/smartbugs/samples/poc_shift/source_code_vuln/deliver/TINU_exp.t/TomInu.sol",
            "function": "isContract",
            "impact": "Informational",
            "line": 269,
            "line_end": 278,
            "message": "Address.isContract(address) (../..TomInu.sol#269-278) uses assembly\n\t- INLINE ASM (../..TomInu.sol#276)\n",
            "name": "assembly"
        },
        {
            "confidence": "Medium",
            "contract": "/sb/TomInu.sol",
            "filename": "/home/kaixuan/sast_study/solidity/smartbugs/samples/poc_shift/source_code_vuln/deliver/TINU_exp.t/TomInu.sol",
            "function": "removeBotFromBlackList",
            "impact": "Informational",
            "line": 971,
            "line_end": 981,
            "message": "TomInu.removeBotFromBlackList(address) (../..TomInu.sol#971-981) has costly operations inside a loop:\n\t- _blackListedBots.pop() (../..TomInu.sol#977)\n",
            "name": "costly-loop"
        },
        {
            "confidence": "Medium",
            "contract": "/sb/TomInu.sol",
            "filename": "/home/kaixuan/sast_study/solidity/smartbugs/samples/poc_shift/source_code_vuln/deliver/TINU_exp.t/TomInu.sol",
            "function": "includeAccount",
            "impact": "Informational",
            "line": 951,
            "line_end": 962,
            "message": "TomInu.includeAccount(address) (../..TomInu.sol#951-962) has costly operations inside a loop:\n\t- _excluded.pop() (../..TomInu.sol#958)\n",
            "name": "costly-loop"
        },
        {
            "confidence": "High",
            "contract": "/sb/TomInu.sol",
            "filename": "/home/kaixuan/sast_study/solidity/smartbugs/samples/poc_shift/source_code_vuln/deliver/TINU_exp.t/TomInu.sol",
            "function": "_transfer",
            "impact": "Informational",
            "line": 1016,
            "line_end": 1089,
            "message": "TomInu._transfer(address,address,uint256) (../..TomInu.sol#1016-1089) has a high cyclomatic complexity (12).\n",
            "name": "cyclomatic-complexity"
        },
        {
            "confidence": "Medium",
            "contract": "/sb/TomInu.sol",
            "filename": "/home/kaixuan/sast_study/solidity/smartbugs/samples/poc_shift/source_code_vuln/deliver/TINU_exp.t/TomInu.sol",
            "function": "sendValue",
            "impact": "Informational",
            "line": 296,
            "line_end": 302,
            "message": "Address.sendValue(address,uint256) (../..TomInu.sol#296-302) is never used and should be removed\n",
            "name": "dead-code"
        },
        {
            "confidence": "Medium",
            "contract": "/sb/TomInu.sol",
            "filename": "/home/kaixuan/sast_study/solidity/smartbugs/samples/poc_shift/source_code_vuln/deliver/TINU_exp.t/TomInu.sol",
            "function": "functionCallWithValue",
            "impact": "Informational",
            "line": 347,
            "line_end": 349,
            "message": "Address.functionCallWithValue(address,bytes,uint256) (../..TomInu.sol#347-349) is never used and should be removed\n",
            "name": "dead-code"
        },
        {
            "confidence": "Medium",
            "contract": "/sb/TomInu.sol",
            "filename": "/home/kaixuan/sast_study/solidity/smartbugs/samples/poc_shift/source_code_vuln/deliver/TINU_exp.t/TomInu.sol",
            "function": "mod",
            "impact": "Informational",
            "line": 245,
            "line_end": 248,
            "message": "SafeMath.mod(uint256,uint256,string) (../..TomInu.sol#245-248) is never used and should be removed\n",
            "name": "dead-code"
        },
        {
            "confidence": "Medium",
            "contract": "/sb/TomInu.sol",
            "filename": "/home/kaixuan/sast_study/solidity/smartbugs/samples/poc_shift/source_code_vuln/deliver/TINU_exp.t/TomInu.sol",
            "function": "functionCallWithValue",
            "impact": "Informational",
            "line": 357,
            "line_end": 360,
            "message": "Address.functionCallWithValue(address,bytes,uint256,string) (../..TomInu.sol#357-360) is never used and should be removed\n",
            "name": "dead-code"
        },
        {
            "confidence": "Medium",
            "contract": "/sb/TomInu.sol",
            "filename": "/home/kaixuan/sast_study/solidity/smartbugs/samples/poc_shift/source_code_vuln/deliver/TINU_exp.t/TomInu.sol",
            "function": "_msgData",
            "impact": "Informational",
            "line": 31,
            "line_end": 34,
            "message": "Context._msgData() (../..TomInu.sol#31-34) is never used and should be removed\n",
            "name": "dead-code"
        },
        {
            "confidence": "Medium",
            "contract": "/sb/TomInu.sol",
            "filename": "/home/kaixuan/sast_study/solidity/smartbugs/samples/poc_shift/source_code_vuln/deliver/TINU_exp.t/TomInu.sol",
            "function": "mod",
            "impact": "Informational",
            "line": 229,
            "line_end": 231,
            "message": "SafeMath.mod(uint256,uint256) (../..TomInu.sol#229-231) is never used and should be removed\n",
            "name": "dead-code"
        },
        {
            "confidence": "Medium",
            "contract": "/sb/TomInu.sol",
            "filename": "/home/kaixuan/sast_study/solidity/smartbugs/samples/poc_shift/source_code_vuln/deliver/TINU_exp.t/TomInu.sol",
            "function": "_getMaxTxAmount",
            "impact": "Informational",
            "line": 1248,
            "line_end": 1250,
            "message": "TomInu._getMaxTxAmount() (../..TomInu.sol#1248-1250) is never used and should be removed\n",
            "name": "dead-code"
        },
        {
            "confidence": "Medium",
            "contract": "/sb/TomInu.sol",
            "filename": "/home/kaixuan/sast_study/solidity/smartbugs/samples/poc_shift/source_code_vuln/deliver/TINU_exp.t/TomInu.sol",
            "function": "_functionCallWithValue",
            "impact": "Informational",
            "line": 362,
            "line_end": 383,
            "message": "Address._functionCallWithValue(address,bytes,uint256,string) (../..TomInu.sol#362-383) is never used and should be removed\n",
            "name": "dead-code"
        },
        {
            "confidence": "Medium",
            "contract": "/sb/TomInu.sol",
            "filename": "/home/kaixuan/sast_study/solidity/smartbugs/samples/poc_shift/source_code_vuln/deliver/TINU_exp.t/TomInu.sol",
            "function": "_getTaxFee",
            "impact": "Informational",
            "line": 1244,
            "line_end": 1246,
            "message": "TomInu._getTaxFee() (../..TomInu.sol#1244-1246) is never used and should be removed\n",
            "name": "dead-code"
        },
        {
            "confidence": "Medium",
            "contract": "/sb/TomInu.sol",
            "filename": "/home/kaixuan/sast_study/solidity/smartbugs/samples/poc_shift/source_code_vuln/deliver/TINU_exp.t/TomInu.sol",
            "function": "isContract",
            "impact": "Informational",
            "line": 269,
            "line_end": 278,
            "message": "Address.isContract(address) (../..TomInu.sol#269-278) is never used and should be removed\n",
            "name": "dead-code"
        },
        {
            "confidence": "Medium",
            "contract": "/sb/TomInu.sol",
            "filename": "/home/kaixuan/sast_study/solidity/smartbugs/samples/poc_shift/source_code_vuln/deliver/TINU_exp.t/TomInu.sol",
            "function": "functionCall",
            "impact": "Informational",
            "line": 332,
            "line_end": 334,
            "message": "Address.functionCall(address,bytes,string) (../..TomInu.sol#332-334) is never used and should be removed\n",
            "name": "dead-code"
        },
        {
            "confidence": "Medium",
            "contract": "/sb/TomInu.sol",
            "filename": "/home/kaixuan/sast_study/solidity/smartbugs/samples/poc_shift/source_code_vuln/deliver/TINU_exp.t/TomInu.sol",
            "function": "functionCall",
            "impact": "Informational",
            "line": 322,
            "line_end": 324,
            "message": "Address.functionCall(address,bytes) (../..TomInu.sol#322-324) is never used and should be removed\n",
            "name": "dead-code"
        },
        {
            "confidence": "High",
            "filename": "/home/kaixuan/sast_study/solidity/smartbugs/samples/poc_shift/source_code_vuln/deliver/TINU_exp.t/TomInu.sol",
            "impact": "Informational",
            "line": 681,
            "message": "TomInu._rTotal (../..TomInu.sol#681) is set pre-construction with a non-constant function or state variable:\n\t- (MAX - (MAX % _tTotal))\n",
            "name": "function-init-state"
        },
        {
            "confidence": "High",
            "filename": "/home/kaixuan/sast_study/solidity/smartbugs/samples/poc_shift/source_code_vuln/deliver/TINU_exp.t/TomInu.sol",
            "impact": "Informational",
            "line": 693,
            "message": "TomInu._previousteamFee (../..TomInu.sol#693) is set pre-construction with a non-constant function or state variable:\n\t- _teamFee\n",
            "name": "function-init-state"
        },
        {
            "confidence": "High",
            "filename": "/home/kaixuan/sast_study/solidity/smartbugs/samples/poc_shift/source_code_vuln/deliver/TINU_exp.t/TomInu.sol",
            "impact": "Informational",
            "line": 706,
            "message": "TomInu._maxTxAmount (../..TomInu.sol#706) is set pre-construction with a non-constant function or state variable:\n\t- _tTotal\n",
            "name": "function-init-state"
        },
        {
            "confidence": "High",
            "filename": "/home/kaixuan/sast_study/solidity/smartbugs/samples/poc_shift/source_code_vuln/deliver/TINU_exp.t/TomInu.sol",
            "impact": "Informational",
            "line": 692,
            "message": "TomInu._previousTaxFee (../..TomInu.sol#692) is set pre-construction with a non-constant function or state variable:\n\t- _taxFee\n",
            "name": "function-init-state"
        },
        {
            "confidence": "High",
            "filename": "/home/kaixuan/sast_study/solidity/smartbugs/samples/poc_shift/source_code_vuln/deliver/TINU_exp.t/TomInu.sol",
            "impact": "Informational",
            "line": 24,
            "message": "Pragma version^0.6.12 (../..TomInu.sol#24) allows old versions\n",
            "name": "solc-version"
        },
        {
            "confidence": "High",
            "filename": "/home/kaixuan/sast_study/solidity/smartbugs/samples/poc_shift/source_code_vuln/deliver/TINU_exp.t/TomInu.sol",
            "impact": "Informational",
            "message": "solc-0.6.12 is not recommended for deployment\n",
            "name": "solc-version"
        },
        {
            "confidence": "High",
            "contract": "/sb/TomInu.sol",
            "filename": "/home/kaixuan/sast_study/solidity/smartbugs/samples/poc_shift/source_code_vuln/deliver/TINU_exp.t/TomInu.sol",
            "function": "sendValue",
            "impact": "Informational",
            "line": 296,
            "line_end": 302,
            "message": "Low level call in Address.sendValue(address,uint256) (../..TomInu.sol#296-302):\n\t- (success) = recipient.call{value: amount}() (../..TomInu.sol#300)\n",
            "name": "low-level-calls"
        },
        {
            "confidence": "High",
            "contract": "/sb/TomInu.sol",
            "filename": "/home/kaixuan/sast_study/solidity/smartbugs/samples/poc_shift/source_code_vuln/deliver/TINU_exp.t/TomInu.sol",
            "function": "_functionCallWithValue",
            "impact": "Informational",
            "line": 362,
            "line_end": 383,
            "message": "Low level call in Address._functionCallWithValue(address,bytes,uint256,string) (../..TomInu.sol#362-383):\n\t- (success,returndata) = target.call{value: weiValue}(data) (../..TomInu.sol#366)\n",
            "name": "low-level-calls"
        },
        {
            "confidence": "High",
            "contract": "/sb/TomInu.sol",
            "filename": "/home/kaixuan/sast_study/solidity/smartbugs/samples/poc_shift/source_code_vuln/deliver/TINU_exp.t/TomInu.sol",
            "function": "_setTaxFee",
            "impact": "Informational",
            "line": 1256,
            "line_end": 1259,
            "message": "Function TomInu._setTaxFee(uint256) (../..TomInu.sol#1256-1259) is not in mixedCase\n",
            "name": "naming-convention"
        },
        {
            "confidence": "High",
            "contract": "/sb/TomInu.sol",
            "filename": "/home/kaixuan/sast_study/solidity/smartbugs/samples/poc_shift/source_code_vuln/deliver/TINU_exp.t/TomInu.sol",
            "function": "_setmarketingWallet",
            "impact": "Informational",
            "line": 1270,
            "line_end": 1272,
            "message": "Function TomInu._setmarketingWallet(address) (../..TomInu.sol#1270-1272) is not in mixedCase\n",
            "name": "naming-convention"
        },
        {
            "confidence": "High",
            "contract": "/sb/TomInu.sol",
            "filename": "/home/kaixuan/sast_study/solidity/smartbugs/samples/poc_shift/source_code_vuln/deliver/TINU_exp.t/TomInu.sol",
            "function": "_getETHBalance",
            "impact": "Informational",
            "line": 1252,
            "line_end": 1254,
            "message": "Function TomInu._getETHBalance() (../..TomInu.sol#1252-1254) is not in mixedCase\n",
            "name": "naming-convention"
        },
        {
            "confidence": "High",
            "filename": "/home/kaixuan/sast_study/solidity/smartbugs/samples/poc_shift/source_code_vuln/deliver/TINU_exp.t/TomInu.sol",
            "impact": "Informational",
            "line": 696,
            "message": "Variable TomInu._marketingWalletAddress (../..TomInu.sol#696) is not in mixedCase\n",
            "name": "naming-convention"
        },
        {
            "confidence": "High",
            "filename": "/home/kaixuan/sast_study/solidity/smartbugs/samples/poc_shift/source_code_vuln/deliver/TINU_exp.t/TomInu.sol",
            "impact": "Informational",
            "line": 1278,
            "message": "Parameter TomInu.ToggleCoolDown(bool)._cooldownEnabled (../..TomInu.sol#1278) is not in mixedCase\n",
            "name": "naming-convention"
        },
        {
            "confidence": "High",
            "contract": "/sb/TomInu.sol",
            "filename": "/home/kaixuan/sast_study/solidity/smartbugs/samples/poc_shift/source_code_vuln/deliver/TINU_exp.t/TomInu.sol",
            "function": "PERMIT_TYPEHASH",
            "impact": "Informational",
            "line": 492,
            "message": "Function IUniswapV2Pair.PERMIT_TYPEHASH() (../..TomInu.sol#492) is not in mixedCase\n",
            "name": "naming-convention"
        },
        {
            "confidence": "High",
            "contract": "/sb/TomInu.sol",
            "filename": "/home/kaixuan/sast_study/solidity/smartbugs/samples/poc_shift/source_code_vuln/deliver/TINU_exp.t/TomInu.sol",
            "function": "MINIMUM_LIQUIDITY",
            "impact": "Informational",
            "line": 509,
            "message": "Function IUniswapV2Pair.MINIMUM_LIQUIDITY() (../..TomInu.sol#509) is not in mixedCase\n",
            "name": "naming-convention"
        },
        {
            "confidence": "High",
            "filename": "/home/kaixuan/sast_study/solidity/smartbugs/samples/poc_shift/source_code_vuln/deliver/TINU_exp.t/TomInu.sol",
            "impact": "Informational",
            "line": 695,
            "message": "Variable TomInu._teamWalletAddress (../..TomInu.sol#695) is not in mixedCase\n",
            "name": "naming-convention"
        },
        {
            "confidence": "High",
            "contract": "/sb/TomInu.sol",
            "filename": "/home/kaixuan/sast_study/solidity/smartbugs/samples/poc_shift/source_code_vuln/deliver/TINU_exp.t/TomInu.sol",
            "function": "DOMAIN_SEPARATOR",
            "impact": "Informational",
            "line": 491,
            "message": "Function IUniswapV2Pair.DOMAIN_SEPARATOR() (../..TomInu.sol#491) is not in mixedCase\n",
            "name": "naming-convention"
        },
        {
            "confidence": "High",
            "filename": "/home/kaixuan/sast_study/solidity/smartbugs/samples/poc_shift/source_code_vuln/deliver/TINU_exp.t/TomInu.sol",
            "impact": "Informational",
            "line": 1274,
            "message": "Parameter TomInu.LetTradingBegin(bool)._tradingEnabled (../..TomInu.sol#1274) is not in mixedCase\n",
            "name": "naming-convention"
        },
        {
            "confidence": "High",
            "filename": "/home/kaixuan/sast_study/solidity/smartbugs/samples/poc_shift/source_code_vuln/deliver/TINU_exp.t/TomInu.sol",
            "impact": "Informational",
            "line": 683,
            "message": "Variable TomInu._CoolDown (../..TomInu.sol#683) is not in mixedCase\n",
            "name": "naming-convention"
        },
        {
            "confidence": "High",
            "filename": "/home/kaixuan/sast_study/solidity/smartbugs/samples/poc_shift/source_code_vuln/deliver/TINU_exp.t/TomInu.sol",
            "impact": "Informational",
            "line": 1282,
            "message": "Parameter TomInu.setCoolDown(uint256).CoolDown (../..TomInu.sol#1282) is not in mixedCase\n",
            "name": "naming-convention"
        },
        {
            "confidence": "High",
            "contract": "/sb/TomInu.sol",
            "filename": "/home/kaixuan/sast_study/solidity/smartbugs/samples/poc_shift/source_code_vuln/deliver/TINU_exp.t/TomInu.sol",
            "function": "LetTradingBegin",
            "impact": "Informational",
            "line": 1274,
            "line_end": 1276,
            "message": "Function TomInu.LetTradingBegin(bool) (../..TomInu.sol#1274-1276) is not in mixedCase\n",
            "name": "naming-convention"
        },
        {
            "confidence": "High",
            "contract": "/sb/TomInu.sol",
            "filename": "/home/kaixuan/sast_study/solidity/smartbugs/samples/poc_shift/source_code_vuln/deliver/TINU_exp.t/TomInu.sol",
            "function": "_setteamFee",
            "impact": "Informational",
            "line": 1261,
            "line_end": 1264,
            "message": "Function TomInu._setteamFee(uint256) (../..TomInu.sol#1261-1264) is not in mixedCase\n",
            "name": "naming-convention"
        },
        {
            "confidence": "High",
            "contract": "/sb/TomInu.sol",
            "filename": "/home/kaixuan/sast_study/solidity/smartbugs/samples/poc_shift/source_code_vuln/deliver/TINU_exp.t/TomInu.sol",
            "function": "WETH",
            "impact": "Informational",
            "line": 529,
            "message": "Function IUniswapV2Router01.WETH() (../..TomInu.sol#529) is not in mixedCase\n",
            "name": "naming-convention"
        },
        {
            "confidence": "High",
            "filename": "/home/kaixuan/sast_study/solidity/smartbugs/samples/poc_shift/source_code_vuln/deliver/TINU_exp.t/TomInu.sol",
            "impact": "Informational",
            "line": 706,
            "message": "Variable TomInu._maxTxAmount (../..TomInu.sol#706) is not in mixedCase\n",
            "name": "naming-convention"
        },
        {
            "confidence": "High",
            "contract": "/sb/TomInu.sol",
            "filename": "/home/kaixuan/sast_study/solidity/smartbugs/samples/poc_shift/source_code_vuln/deliver/TINU_exp.t/TomInu.sol",
            "function": "_setteamWallet",
            "impact": "Informational",
            "line": 1266,
            "line_end": 1268,
            "message": "Function TomInu._setteamWallet(address) (../..TomInu.sol#1266-1268) is not in mixedCase\n",
            "name": "naming-convention"
        },
        {
            "confidence": "High",
            "contract": "/sb/TomInu.sol",
            "filename": "/home/kaixuan/sast_study/solidity/smartbugs/samples/poc_shift/source_code_vuln/deliver/TINU_exp.t/TomInu.sol",
            "function": "ToggleCoolDown",
            "impact": "Informational",
            "line": 1278,
            "line_end": 1280,
            "message": "Function TomInu.ToggleCoolDown(bool) (../..TomInu.sol#1278-1280) is not in mixedCase\n",
            "name": "naming-convention"
        },
        {
            "confidence": "High",
            "filename": "/home/kaixuan/sast_study/solidity/smartbugs/samples/poc_shift/source_code_vuln/deliver/TINU_exp.t/TomInu.sol",
            "impact": "Informational",
            "line": 32,
            "message": "Redundant expression \"this (../..TomInu.sol#32)\" inContext (../..TomInu.sol#26-35)\n",
            "name": "redundant-statements"
        },
        {
            "confidence": "Medium",
            "contract": "/sb/TomInu.sol",
            "filename": "/home/kaixuan/sast_study/solidity/smartbugs/samples/poc_shift/source_code_vuln/deliver/TINU_exp.t/TomInu.sol",
            "function": "_transfer",
            "impact": "Informational",
            "line": 1016,
            "line_end": 1089,
            "message": "Reentrancy in TomInu._transfer(address,address,uint256) (../..TomInu.sol#1016-1089):\n\tExternal calls:\n\t- sendETHToteam(address(this).balance) (../..TomInu.sol#1075)\n\t\t- _teamWalletAddress.transfer(amount.div(2)) (../..TomInu.sol#1110)\n\t\t- _marketingWalletAddress.transfer(amount.div(2)) (../..TomInu.sol#1111)\n\tState variables written after the call(s):\n\t- _tokenTransfer(sender,recipient,amount,takeFee) (../..TomInu.sol#1088)\n\t\t- _previousTaxFee = _taxFee (../..TomInu.sol#986)\n\t- _tokenTransfer(sender,recipient,amount,takeFee) (../..TomInu.sol#1088)\n\t\t- _previousteamFee = _teamFee (../..TomInu.sol#987)\n\t- _tokenTransfer(sender,recipient,amount,takeFee) (../..TomInu.sol#1088)\n\t\t- _rOwned[address(this)] = _rOwned[address(this)].add(rteam) (../..TomInu.sol#1193)\n\t\t- _rOwned[sender] = _rOwned[sender].sub(rAmount) (../..TomInu.sol#1152)\n\t\t- _rOwned[sender] = _rOwned[sender].sub(rAmount) (../..TomInu.sol#1161)\n\t\t- _rOwned[sender] = _rOwned[sender].sub(rAmount) (../..TomInu.sol#1182)\n\t\t- _rOwned[sender] = _rOwned[sender].sub(rAmount) (../..TomInu.sol#1172)\n\t\t- _rOwned[recipient] = _rOwned[recipient].add(rTransferAmount) (../..TomInu.sol#1153)\n\t\t- _rOwned[recipient] = _rOwned[recipient].add(rTransferAmount) (../..TomInu.sol#1173)\n\t\t- _rOwned[recipient] = _rOwned[recipient].add(rTransferAmount) (../..TomInu.sol#1163)\n\t\t- _rOwned[recipient] = _rOwned[recipient].add(rTransferAmount) (../..TomInu.sol#1184)\n\t- _tokenTransfer(sender,recipient,amount,takeFee) (../..TomInu.sol#1088)\n\t\t- _rTotal = _rTotal.sub(rFee) (../..TomInu.sol#1199)\n\t- _tokenTransfer(sender,recipient,amount,takeFee) (../..TomInu.sol#1088)\n\t\t- _tFeeTotal = _tFeeTotal.add(tFee) (../..TomInu.sol#1200)\n\t- _tokenTransfer(sender,recipient,amount,takeFee) (../..TomInu.sol#1088)\n\t\t- _tOwned[address(this)] = _tOwned[address(this)].add(tteam) (../..TomInu.sol#1195)\n\t\t- _tOwned[sender] = _tOwned[sender].sub(tAmount) (../..TomInu.sol#1181)\n\t\t- _tOwned[sender] = _tOwned[sender].sub(tAmount) (../..TomInu.sol#1171)\n\t\t- _tOwned[recipient] = _tOwned[recipient].add(tTransferAmount) (../..TomInu.sol#1162)\n\t\t- _tOwned[recipient] = _tOwned[recipient].add(tTransferAmount) (../..TomInu.sol#1183)\n\t- _tokenTransfer(sender,recipient,amount,takeFee) (../..TomInu.sol#1088)\n\t\t- _taxFee = _previousTaxFee (../..TomInu.sol#994)\n\t\t- _taxFee = 0 (../..TomInu.sol#989)\n\t- _tokenTransfer(sender,recipient,amount,takeFee) (../..TomInu.sol#1088)\n\t\t- _teamFee = _previousteamFee (../..TomInu.sol#995)\n\t\t- _teamFee = 0 (../..TomInu.sol#990)\n\tEvent emitted after the call(s):\n\t- Transfer(sender,recipient,tTransferAmount) (../..TomInu.sol#1156)\n\t\t- _tokenTransfer(sender,recipient,amount,takeFee) (../..TomInu.sol#1088)\n\t- Transfer(sender,recipient,tTransferAmount) (../..TomInu.sol#1166)\n\t\t- _tokenTransfer(sender,recipient,amount,takeFee) (../..TomInu.sol#1088)\n\t- Transfer(sender,recipient,tTransferAmount) (../..TomInu.sol#1176)\n\t\t- _tokenTransfer(sender,recipient,amount,takeFee) (../..TomInu.sol#1088)\n\t- Transfer(sender,recipient,tTransferAmount) (../..TomInu.sol#1187)\n\t\t- _tokenTransfer(sender,recipient,amount,takeFee) (../..TomInu.sol#1088)\n",
            "name": "reentrancy-unlimited-gas"
        },
        {
            "confidence": "Medium",
            "contract": "/sb/TomInu.sol",
            "filename": "/home/kaixuan/sast_study/solidity/smartbugs/samples/poc_shift/source_code_vuln/deliver/TINU_exp.t/TomInu.sol",
            "function": "transferFrom",
            "impact": "Informational",
            "line": 883,
            "line_end": 887,
            "message": "Reentrancy in TomInu.transferFrom(address,address,uint256) (../..TomInu.sol#883-887):\n\tExternal calls:\n\t- _transfer(sender,recipient,amount) (../..TomInu.sol#884)\n\t\t- _teamWalletAddress.transfer(amount.div(2)) (../..TomInu.sol#1110)\n\t\t- _marketingWalletAddress.transfer(amount.div(2)) (../..TomInu.sol#1111)\n\tState variables written after the call(s):\n\t- _approve(sender,_msgSender(),_allowances[sender][_msgSender()].sub(amount,ERC20: transfer amount exceeds allowance)) (../..TomInu.sol#885)\n\t\t- _allowances[owner][spender] = amount (../..TomInu.sol#1012)\n\tEvent emitted after the call(s):\n\t- Approval(owner,spender,amount) (../..TomInu.sol#1013)\n\t\t- _approve(sender,_msgSender(),_allowances[sender][_msgSender()].sub(amount,ERC20: transfer amount exceeds allowance)) (../..TomInu.sol#885)\n",
            "name": "reentrancy-unlimited-gas"
        },
        {
            "confidence": "Medium",
            "filename": "/home/kaixuan/sast_study/solidity/smartbugs/samples/poc_shift/source_code_vuln/deliver/TINU_exp.t/TomInu.sol",
            "impact": "Informational",
            "line": 1223,
            "message": "Variable TomInu._getRValues(uint256,uint256,uint256).rTransferAmount (../..TomInu.sol#1223) is too similar to TomInu._transferBothExcluded(address,address,uint256).tTransferAmount (../..TomInu.sol#1180)\n",
            "name": "similar-names"
        },
        {
            "confidence": "Medium",
            "filename": "/home/kaixuan/sast_study/solidity/smartbugs/samples/poc_shift/source_code_vuln/deliver/TINU_exp.t/TomInu.sol",
            "impact": "Informational",
            "line": 1170,
            "message": "Variable TomInu._transferFromExcluded(address,address,uint256).rTransferAmount (../..TomInu.sol#1170) is too similar to TomInu._getValues(uint256).tTransferAmount (../..TomInu.sol#1207)\n",
            "name": "similar-names"
        },
        {
            "confidence": "Medium",
            "filename": "/home/kaixuan/sast_study/solidity/smartbugs/samples/poc_shift/source_code_vuln/deliver/TINU_exp.t/TomInu.sol",
            "impact": "Informational",
            "line": 1180,
            "message": "Variable TomInu._transferBothExcluded(address,address,uint256).rTransferAmount (../..TomInu.sol#1180) is too similar to TomInu._getTValues(uint256,uint256,uint256).tTransferAmount (../..TomInu.sol#1216)\n",
            "name": "similar-names"
        },
        {
            "confidence": "Medium",
            "filename": "/home/kaixuan/sast_study/solidity/smartbugs/samples/poc_shift/source_code_vuln/deliver/TINU_exp.t/TomInu.sol",
            "impact": "Informational",
            "line": 1223,
            "message": "Variable TomInu._getRValues(uint256,uint256,uint256).rTransferAmount (../..TomInu.sol#1223) is too similar to TomInu._transferStandard(address,address,uint256).tTransferAmount (../..TomInu.sol#1151)\n",
            "name": "similar-names"
        },
        {
            "confidence": "Medium",
            "filename": "/home/kaixuan/sast_study/solidity/smartbugs/samples/poc_shift/source_code_vuln/deliver/TINU_exp.t/TomInu.sol",
            "impact": "Informational",
            "line": 1151,
            "message": "Variable TomInu._transferStandard(address,address,uint256).rTransferAmount (../..TomInu.sol#1151) is too similar to TomInu._transferStandard(address,address,uint256).tTransferAmount (../..TomInu.sol#1151)\n",
            "name": "similar-names"
        },
        {
            "confidence": "Medium",
            "filename": "/home/kaixuan/sast_study/solidity/smartbugs/samples/poc_shift/source_code_vuln/deliver/TINU_exp.t/TomInu.sol",
            "impact": "Informational",
            "line": 1209,
            "message": "Variable TomInu._getValues(uint256).rTransferAmount (../..TomInu.sol#1209) is too similar to TomInu._transferBothExcluded(address,address,uint256).tTransferAmount (../..TomInu.sol#1180)\n",
            "name": "similar-names"
        },
        {
            "confidence": "Medium",
            "filename": "/home/kaixuan/sast_study/solidity/smartbugs/samples/poc_shift/source_code_vuln/deliver/TINU_exp.t/TomInu.sol",
            "impact": "Informational",
            "line": 1180,
            "message": "Variable TomInu._transferBothExcluded(address,address,uint256).rTransferAmount (../..TomInu.sol#1180) is too similar to TomInu._getValues(uint256).tTransferAmount (../..TomInu.sol#1207)\n",
            "name": "similar-names"
        },
        {
            "confidence": "Medium",
            "filename": "/home/kaixuan/sast_study/solidity/smartbugs/samples/poc_shift/source_code_vuln/deliver/TINU_exp.t/TomInu.sol",
            "impact": "Informational",
            "line": 1160,
            "message": "Variable TomInu._transferToExcluded(address,address,uint256).rTransferAmount (../..TomInu.sol#1160) is too similar to TomInu._transferBothExcluded(address,address,uint256).tTransferAmount (../..TomInu.sol#1180)\n",
            "name": "similar-names"
        },
        {
            "confidence": "Medium",
            "filename": "/home/kaixuan/sast_study/solidity/smartbugs/samples/poc_shift/source_code_vuln/deliver/TINU_exp.t/TomInu.sol",
            "impact": "Informational",
            "line": 930,
            "message": "Variable TomInu.reflectionFromToken(uint256,bool).rTransferAmount (../..TomInu.sol#930) is too similar to TomInu._transferFromExcluded(address,address,uint256).tTransferAmount (../..TomInu.sol#1170)\n",
            "name": "similar-names"
        },
        {
            "confidence": "Medium",
            "filename": "/home/kaixuan/sast_study/solidity/smartbugs/samples/poc_shift/source_code_vuln/deliver/TINU_exp.t/TomInu.sol",
            "impact": "Informational",
            "line": 1151,
            "message": "Variable TomInu._transferStandard(address,address,uint256).rTransferAmount (../..TomInu.sol#1151) is too similar to TomInu._getValues(uint256).tTransferAmount (../..TomInu.sol#1207)\n",
            "name": "similar-names"
        },
        {
            "confidence": "Medium",
            "filename": "/home/kaixuan/sast_study/solidity/smartbugs/samples/poc_shift/source_code_vuln/deliver/TINU_exp.t/TomInu.sol",
            "impact": "Informational",
            "line": 930,
            "message": "Variable TomInu.reflectionFromToken(uint256,bool).rTransferAmount (../..TomInu.sol#930) is too similar to TomInu._transferBothExcluded(address,address,uint256).tTransferAmount (../..TomInu.sol#1180)\n",
            "name": "similar-names"
        },
        {
            "confidence": "Medium",
            "filename": "/home/kaixuan/sast_study/solidity/smartbugs/samples/poc_shift/source_code_vuln/deliver/TINU_exp.t/TomInu.sol",
            "impact": "Informational",
            "line": 1223,
            "message": "Variable TomInu._getRValues(uint256,uint256,uint256).rTransferAmount (../..TomInu.sol#1223) is too similar to TomInu._getValues(uint256).tTransferAmount (../..TomInu.sol#1207)\n",
            "name": "similar-names"
        },
        {
            "confidence": "Medium",
            "filename": "/home/kaixuan/sast_study/solidity/smartbugs/samples/poc_shift/source_code_vuln/deliver/TINU_exp.t/TomInu.sol",
            "impact": "Informational",
            "line": 1209,
            "message": "Variable TomInu._getValues(uint256).rTransferAmount (../..TomInu.sol#1209) is too similar to TomInu._transferToExcluded(address,address,uint256).tTransferAmount (../..TomInu.sol#1160)\n",
            "name": "similar-names"
        },
        {
            "confidence": "Medium",
            "filename": "/home/kaixuan/sast_study/solidity/smartbugs/samples/poc_shift/source_code_vuln/deliver/TINU_exp.t/TomInu.sol",
            "impact": "Informational",
            "line": 1170,
            "message": "Variable TomInu._transferFromExcluded(address,address,uint256).rTransferAmount (../..TomInu.sol#1170) is too similar to TomInu._transferStandard(address,address,uint256).tTransferAmount (../..TomInu.sol#1151)\n",
            "name": "similar-names"
        },
        {
            "confidence": "Medium",
            "filename": "/home/kaixuan/sast_study/solidity/smartbugs/samples/poc_shift/source_code_vuln/deliver/TINU_exp.t/TomInu.sol",
            "impact": "Informational",
            "line": 1223,
            "message": "Variable TomInu._getRValues(uint256,uint256,uint256).rTransferAmount (../..TomInu.sol#1223) is too similar to TomInu._transferFromExcluded(address,address,uint256).tTransferAmount (../..TomInu.sol#1170)\n",
            "name": "similar-names"
        },
        {
            "confidence": "Medium",
            "filename": "/home/kaixuan/sast_study/solidity/smartbugs/samples/poc_shift/source_code_vuln/deliver/TINU_exp.t/TomInu.sol",
            "impact": "Informational",
            "line": 1160,
            "message": "Variable TomInu._transferToExcluded(address,address,uint256).rTransferAmount (../..TomInu.sol#1160) is too similar to TomInu._transferToExcluded(address,address,uint256).tTransferAmount (../..TomInu.sol#1160)\n",
            "name": "similar-names"
        },
        {
            "confidence": "Medium",
            "filename": "/home/kaixuan/sast_study/solidity/smartbugs/samples/poc_shift/source_code_vuln/deliver/TINU_exp.t/TomInu.sol",
            "impact": "Informational",
            "line": 1180,
            "message": "Variable TomInu._transferBothExcluded(address,address,uint256).rTransferAmount (../..TomInu.sol#1180) is too similar to TomInu._transferFromExcluded(address,address,uint256).tTransferAmount (../..TomInu.sol#1170)\n",
            "name": "similar-names"
        },
        {
            "confidence": "Medium",
            "filename": "/home/kaixuan/sast_study/solidity/smartbugs/samples/poc_shift/source_code_vuln/deliver/TINU_exp.t/TomInu.sol",
            "impact": "Informational",
            "line": 1209,
            "message": "Variable TomInu._getValues(uint256).rTransferAmount (../..TomInu.sol#1209) is too similar to TomInu._transferFromExcluded(address,address,uint256).tTransferAmount (../..TomInu.sol#1170)\n",
            "name": "similar-names"
        },
        {
            "confidence": "Medium",
            "filename": "/home/kaixuan/sast_study/solidity/smartbugs/samples/poc_shift/source_code_vuln/deliver/TINU_exp.t/TomInu.sol",
            "impact": "Informational",
            "line": 930,
            "message": "Variable TomInu.reflectionFromToken(uint256,bool).rTransferAmount (../..TomInu.sol#930) is too similar to TomInu._transferToExcluded(address,address,uint256).tTransferAmount (../..TomInu.sol#1160)\n",
            "name": "similar-names"
        },
        {
            "confidence": "Medium",
            "filename": "/home/kaixuan/sast_study/solidity/smartbugs/samples/poc_shift/source_code_vuln/deliver/TINU_exp.t/TomInu.sol",
            "impact": "Informational",
            "line": 1160,
            "message": "Variable TomInu._transferToExcluded(address,address,uint256).rTransferAmount (../..TomInu.sol#1160) is too similar to TomInu._transferStandard(address,address,uint256).tTransferAmount (../..TomInu.sol#1151)\n",
            "name": "similar-names"
        },
        {
            "confidence": "Medium",
            "filename": "/home/kaixuan/sast_study/solidity/smartbugs/samples/poc_shift/source_code_vuln/deliver/TINU_exp.t/TomInu.sol",
            "impact": "Informational",
            "line": 1180,
            "message": "Variable TomInu._transferBothExcluded(address,address,uint256).rTransferAmount (../..TomInu.sol#1180) is too similar to TomInu._transferToExcluded(address,address,uint256).tTransferAmount (../..TomInu.sol#1160)\n",
            "name": "similar-names"
        },
        {
            "confidence": "Medium",
            "filename": "/home/kaixuan/sast_study/solidity/smartbugs/samples/poc_shift/source_code_vuln/deliver/TINU_exp.t/TomInu.sol",
            "impact": "Informational",
            "line": 930,
            "message": "Variable TomInu.reflectionFromToken(uint256,bool).rTransferAmount (../..TomInu.sol#930) is too similar to TomInu._getTValues(uint256,uint256,uint256).tTransferAmount (../..TomInu.sol#1216)\n",
            "name": "similar-names"
        },
        {
            "confidence": "Medium",
            "filename": "/home/kaixuan/sast_study/solidity/smartbugs/samples/poc_shift/source_code_vuln/deliver/TINU_exp.t/TomInu.sol",
            "impact": "Informational",
            "line": 1223,
            "message": "Variable TomInu._getRValues(uint256,uint256,uint256).rTransferAmount (../..TomInu.sol#1223) is too similar to TomInu._transferToExcluded(address,address,uint256).tTransferAmount (../..TomInu.sol#1160)\n",
            "name": "similar-names"
        },
        {
            "confidence": "Medium",
            "filename": "/home/kaixuan/sast_study/solidity/smartbugs/samples/poc_shift/source_code_vuln/deliver/TINU_exp.t/TomInu.sol",
            "impact": "Informational",
            "line": 1151,
            "message": "Variable TomInu._transferStandard(address,address,uint256).rTransferAmount (../..TomInu.sol#1151) is too similar to TomInu._transferBothExcluded(address,address,uint256).tTransferAmount (../..TomInu.sol#1180)\n",
            "name": "similar-names"
        },
        {
            "confidence": "Medium",
            "filename": "/home/kaixuan/sast_study/solidity/smartbugs/samples/poc_shift/source_code_vuln/deliver/TINU_exp.t/TomInu.sol",
            "impact": "Informational",
            "line": 930,
            "message": "Variable TomInu.reflectionFromToken(uint256,bool).rTransferAmount (../..TomInu.sol#930) is too similar to TomInu._getValues(uint256).tTransferAmount (../..TomInu.sol#1207)\n",
            "name": "similar-names"
        },
        {
            "confidence": "Medium",
            "filename": "/home/kaixuan/sast_study/solidity/smartbugs/samples/poc_shift/source_code_vuln/deliver/TINU_exp.t/TomInu.sol",
            "impact": "Informational",
            "line": 1170,
            "message": "Variable TomInu._transferFromExcluded(address,address,uint256).rTransferAmount (../..TomInu.sol#1170) is too similar to TomInu._transferToExcluded(address,address,uint256).tTransferAmount (../..TomInu.sol#1160)\n",
            "name": "similar-names"
        },
        {
            "confidence": "Medium",
            "filename": "/home/kaixuan/sast_study/solidity/smartbugs/samples/poc_shift/source_code_vuln/deliver/TINU_exp.t/TomInu.sol",
            "impact": "Informational",
            "line": 1151,
            "message": "Variable TomInu._transferStandard(address,address,uint256).rTransferAmount (../..TomInu.sol#1151) is too similar to TomInu._transferToExcluded(address,address,uint256).tTransferAmount (../..TomInu.sol#1160)\n",
            "name": "similar-names"
        },
        {
            "confidence": "Medium",
            "filename": "/home/kaixuan/sast_study/solidity/smartbugs/samples/poc_shift/source_code_vuln/deliver/TINU_exp.t/TomInu.sol",
            "impact": "Informational",
            "line": 1160,
            "message": "Variable TomInu._transferToExcluded(address,address,uint256).rTransferAmount (../..TomInu.sol#1160) is too similar to TomInu._transferFromExcluded(address,address,uint256).tTransferAmount (../..TomInu.sol#1170)\n",
            "name": "similar-names"
        },
        {
            "confidence": "Medium",
            "filename": "/home/kaixuan/sast_study/solidity/smartbugs/samples/poc_shift/source_code_vuln/deliver/TINU_exp.t/TomInu.sol",
            "impact": "Informational",
            "line": 1170,
            "message": "Variable TomInu._transferFromExcluded(address,address,uint256).rTransferAmount (../..TomInu.sol#1170) is too similar to TomInu._transferFromExcluded(address,address,uint256).tTransferAmount (../..TomInu.sol#1170)\n",
            "name": "similar-names"
        },
        {
            "confidence": "Medium",
            "filename": "/home/kaixuan/sast_study/solidity/smartbugs/samples/poc_shift/source_code_vuln/deliver/TINU_exp.t/TomInu.sol",
            "impact": "Informational",
            "line": 1209,
            "message": "Variable TomInu._getValues(uint256).rTransferAmount (../..TomInu.sol#1209) is too similar to TomInu._transferStandard(address,address,uint256).tTransferAmount (../..TomInu.sol#1151)\n",
            "name": "similar-names"
        },
        {
            "confidence": "Medium",
            "filename": "/home/kaixuan/sast_study/solidity/smartbugs/samples/poc_shift/source_code_vuln/deliver/TINU_exp.t/TomInu.sol",
            "impact": "Informational",
            "line": 1170,
            "message": "Variable TomInu._transferFromExcluded(address,address,uint256).rTransferAmount (../..TomInu.sol#1170) is too similar to TomInu._getTValues(uint256,uint256,uint256).tTransferAmount (../..TomInu.sol#1216)\n",
            "name": "similar-names"
        },
        {
            "confidence": "Medium",
            "filename": "/home/kaixuan/sast_study/solidity/smartbugs/samples/poc_shift/source_code_vuln/deliver/TINU_exp.t/TomInu.sol",
            "impact": "Informational",
            "line": 1180,
            "message": "Variable TomInu._transferBothExcluded(address,address,uint256).rTransferAmount (../..TomInu.sol#1180) is too similar to TomInu._transferStandard(address,address,uint256).tTransferAmount (../..TomInu.sol#1151)\n",
            "name": "similar-names"
        },
        {
            "confidence": "Medium",
            "filename": "/home/kaixuan/sast_study/solidity/smartbugs/samples/poc_shift/source_code_vuln/deliver/TINU_exp.t/TomInu.sol",
            "impact": "Informational",
            "line": 1151,
            "message": "Variable TomInu._transferStandard(address,address,uint256).rTransferAmount (../..TomInu.sol#1151) is too similar to TomInu._transferFromExcluded(address,address,uint256).tTransferAmount (../..TomInu.sol#1170)\n",
            "name": "similar-names"
        },
        {
            "confidence": "Medium",
            "filename": "/home/kaixuan/sast_study/solidity/smartbugs/samples/poc_shift/source_code_vuln/deliver/TINU_exp.t/TomInu.sol",
            "impact": "Informational",
            "line": 1160,
            "message": "Variable TomInu._transferToExcluded(address,address,uint256).rTransferAmount (../..TomInu.sol#1160) is too similar to TomInu._getTValues(uint256,uint256,uint256).tTransferAmount (../..TomInu.sol#1216)\n",
            "name": "similar-names"
        },
        {
            "confidence": "Medium",
            "filename": "/home/kaixuan/sast_study/solidity/smartbugs/samples/poc_shift/source_code_vuln/deliver/TINU_exp.t/TomInu.sol",
            "impact": "Informational",
            "line": 534,
            "message": "Variable IUniswapV2Router01.addLiquidity(address,address,uint256,uint256,uint256,uint256,address,uint256).amountADesired (../..TomInu.sol#534) is too similar to IUniswapV2Router01.addLiquidity(address,address,uint256,uint256,uint256,uint256,address,uint256).amountBDesired (../..TomInu.sol#535)\n",
            "name": "similar-names"
        },
        {
            "confidence": "Medium",
            "filename": "/home/kaixuan/sast_study/solidity/smartbugs/samples/poc_shift/source_code_vuln/deliver/TINU_exp.t/TomInu.sol",
            "impact": "Informational",
            "line": 1223,
            "message": "Variable TomInu._getRValues(uint256,uint256,uint256).rTransferAmount (../..TomInu.sol#1223) is too similar to TomInu._getTValues(uint256,uint256,uint256).tTransferAmount (../..TomInu.sol#1216)\n",
            "name": "similar-names"
        },
        {
            "confidence": "Medium",
            "filename": "/home/kaixuan/sast_study/solidity/smartbugs/samples/poc_shift/source_code_vuln/deliver/TINU_exp.t/TomInu.sol",
            "impact": "Informational",
            "line": 1160,
            "message": "Variable TomInu._transferToExcluded(address,address,uint256).rTransferAmount (../..TomInu.sol#1160) is too similar to TomInu._getValues(uint256).tTransferAmount (../..TomInu.sol#1207)\n",
            "name": "similar-names"
        },
        {
            "confidence": "Medium",
            "filename": "/home/kaixuan/sast_study/solidity/smartbugs/samples/poc_shift/source_code_vuln/deliver/TINU_exp.t/TomInu.sol",
            "impact": "Informational",
            "line": 1209,
            "message": "Variable TomInu._getValues(uint256).rTransferAmount (../..TomInu.sol#1209) is too similar to TomInu._getTValues(uint256,uint256,uint256).tTransferAmount (../..TomInu.sol#1216)\n",
            "name": "similar-names"
        },
        {
            "confidence": "Medium",
            "filename": "/home/kaixuan/sast_study/solidity/smartbugs/samples/poc_shift/source_code_vuln/deliver/TINU_exp.t/TomInu.sol",
            "impact": "Informational",
            "line": 1180,
            "message": "Variable TomInu._transferBothExcluded(address,address,uint256).rTransferAmount (../..TomInu.sol#1180) is too similar to TomInu._transferBothExcluded(address,address,uint256).tTransferAmount (../..TomInu.sol#1180)\n",
            "name": "similar-names"
        },
        {
            "confidence": "Medium",
            "filename": "/home/kaixuan/sast_study/solidity/smartbugs/samples/poc_shift/source_code_vuln/deliver/TINU_exp.t/TomInu.sol",
            "impact": "Informational",
            "line": 930,
            "message": "Variable TomInu.reflectionFromToken(uint256,bool).rTransferAmount (../..TomInu.sol#930) is too similar to TomInu._transferStandard(address,address,uint256).tTransferAmount (../..TomInu.sol#1151)\n",
            "name": "similar-names"
        },
        {
            "confidence": "Medium",
            "filename": "/home/kaixuan/sast_study/solidity/smartbugs/samples/poc_shift/source_code_vuln/deliver/TINU_exp.t/TomInu.sol",
            "impact": "Informational",
            "line": 1209,
            "message": "Variable TomInu._getValues(uint256).rTransferAmount (../..TomInu.sol#1209) is too similar to TomInu._getValues(uint256).tTransferAmount (../..TomInu.sol#1207)\n",
            "name": "similar-names"
        },
        {
            "confidence": "Medium",
            "filename": "/home/kaixuan/sast_study/solidity/smartbugs/samples/poc_shift/source_code_vuln/deliver/TINU_exp.t/TomInu.sol",
            "impact": "Informational",
            "line": 1151,
            "message": "Variable TomInu._transferStandard(address,address,uint256).rTransferAmount (../..TomInu.sol#1151) is too similar to TomInu._getTValues(uint256,uint256,uint256).tTransferAmount (../..TomInu.sol#1216)\n",
            "name": "similar-names"
        },
        {
            "confidence": "Medium",
            "filename": "/home/kaixuan/sast_study/solidity/smartbugs/samples/poc_shift/source_code_vuln/deliver/TINU_exp.t/TomInu.sol",
            "impact": "Informational",
            "line": 1170,
            "message": "Variable TomInu._transferFromExcluded(address,address,uint256).rTransferAmount (../..TomInu.sol#1170) is too similar to TomInu._transferBothExcluded(address,address,uint256).tTransferAmount (../..TomInu.sol#1180)\n",
            "name": "similar-names"
        },
        {
            "confidence": "Medium",
            "contract": "/sb/TomInu.sol",
            "filename": "/home/kaixuan/sast_study/solidity/smartbugs/samples/poc_shift/source_code_vuln/deliver/TINU_exp.t/TomInu.sol",
            "function": "slitherConstructorVariables",
            "impact": "Informational",
            "line": 663,
            "line_end": 1288,
            "message": "TomInu.slitherConstructorVariables() (../..TomInu.sol#663-1288) uses literals with too many digits:\n\t- _numOfTokensToExchangeForteam = 5000000000000000 (../..TomInu.sol#708)\n",
            "name": "too-many-digits"
        },
        {
            "confidence": "Medium",
            "contract": "/sb/TomInu.sol",
            "filename": "/home/kaixuan/sast_study/solidity/smartbugs/samples/poc_shift/source_code_vuln/deliver/TINU_exp.t/TomInu.sol",
            "function": "slitherConstructorVariables",
            "impact": "Informational",
            "line": 663,
            "line_end": 1288,
            "message": "TomInu.slitherConstructorVariables() (../..TomInu.sol#663-1288) uses literals with too many digits:\n\t- _tTotal = 1733820000000000000000 (../..TomInu.sol#680)\n",
            "name": "too-many-digits"
        },
        {
            "confidence": "High",
            "filename": "/home/kaixuan/sast_study/solidity/smartbugs/samples/poc_shift/source_code_vuln/deliver/TINU_exp.t/TomInu.sol",
            "impact": "Optimization",
            "line": 1235,
            "message": "Loop condition i < _excluded.length (../..TomInu.sol#1235) should use cached array length instead of referencing `length` member of the storage array.\n ",
            "name": "cache-array-length"
        },
        {
            "confidence": "High",
            "filename": "/home/kaixuan/sast_study/solidity/smartbugs/samples/poc_shift/source_code_vuln/deliver/TINU_exp.t/TomInu.sol",
            "impact": "Optimization",
            "line": 708,
            "message": "TomInu._numOfTokensToExchangeForteam (../..TomInu.sol#708) should be constant \n",
            "name": "constable-states"
        },
        {
            "confidence": "High",
            "filename": "/home/kaixuan/sast_study/solidity/smartbugs/samples/poc_shift/source_code_vuln/deliver/TINU_exp.t/TomInu.sol",
            "impact": "Optimization",
            "line": 680,
            "message": "TomInu._tTotal (../..TomInu.sol#680) should be constant \n",
            "name": "constable-states"
        },
        {
            "confidence": "High",
            "filename": "/home/kaixuan/sast_study/solidity/smartbugs/samples/poc_shift/source_code_vuln/deliver/TINU_exp.t/TomInu.sol",
            "impact": "Optimization",
            "line": 685,
            "message": "TomInu._name (../..TomInu.sol#685) should be constant \n",
            "name": "constable-states"
        },
        {
            "confidence": "High",
            "filename": "/home/kaixuan/sast_study/solidity/smartbugs/samples/poc_shift/source_code_vuln/deliver/TINU_exp.t/TomInu.sol",
            "impact": "Optimization",
            "line": 686,
            "message": "TomInu._symbol (../..TomInu.sol#686) should be constant \n",
            "name": "constable-states"
        },
        {
            "confidence": "High",
            "filename": "/home/kaixuan/sast_study/solidity/smartbugs/samples/poc_shift/source_code_vuln/deliver/TINU_exp.t/TomInu.sol",
            "impact": "Optimization",
            "line": 687,
            "message": "TomInu._decimals (../..TomInu.sol#687) should be constant \n",
            "name": "constable-states"
        }
    ],
    "infos": [],
    "parser": {
        "id": "slither",
        "mode": "solidity",
        "version": "2022/11/14"
    }
}
