{
    "errors": [
        "EXIT_CODE_255"
    ],
    "fails": [],
    "findings": [
        {
            "confidence": "High",
            "contract": "/sb/CoinToken.sol",
            "filename": "/home/kaixuan/sast_study/solidity/smartbugs/samples/poc_shift/source_code_vuln/burn_sync/HCT_exp/CoinToken.sol",
            "function": "owner",
            "impact": "Low",
            "line": 569,
            "message": "CoinToken.allowance(address,address).owner (../..CoinToken.sol#569) shadows:\n\t- Ownable.owner() (../..CoinToken.sol#408-410) (function)\n",
            "name": "shadowing-local"
        },
        {
            "confidence": "High",
            "contract": "/sb/CoinToken.sol",
            "filename": "/home/kaixuan/sast_study/solidity/smartbugs/samples/poc_shift/source_code_vuln/burn_sync/HCT_exp/CoinToken.sol",
            "function": "owner",
            "impact": "Low",
            "line": 699,
            "message": "CoinToken._approve(address,address,uint256).owner (../..CoinToken.sol#699) shadows:\n\t- Ownable.owner() (../..CoinToken.sol#408-410) (function)\n",
            "name": "shadowing-local"
        },
        {
            "confidence": "Medium",
            "contract": "/sb/CoinToken.sol",
            "filename": "/home/kaixuan/sast_study/solidity/smartbugs/samples/poc_shift/source_code_vuln/burn_sync/HCT_exp/CoinToken.sol",
            "function": "setAsCharityAccount",
            "impact": "Low",
            "line": 662,
            "line_end": 667,
            "message": "CoinToken.setAsCharityAccount(address) (../..CoinToken.sol#662-667) should emit an event for: \n\t- admin = account (../..CoinToken.sol#666) \n",
            "name": "events-access"
        },
        {
            "confidence": "Medium",
            "contract": "/sb/CoinToken.sol",
            "filename": "/home/kaixuan/sast_study/solidity/smartbugs/samples/poc_shift/source_code_vuln/burn_sync/HCT_exp/CoinToken.sol",
            "function": "updateFee",
            "impact": "Low",
            "line": 673,
            "line_end": 680,
            "message": "CoinToken.updateFee(uint256,uint256,uint256) (../..CoinToken.sol#673-680) should emit an event for: \n\t- _TAX_FEE = _txFee * 10 (../..CoinToken.sol#674) \n\t- _BURN_FEE = _burnFee * 10 (../..CoinToken.sol#675) \n\t- _CHARITY_FEE = _charityFee * 10 (../..CoinToken.sol#676) \n\t- ORIG_TAX_FEE = _TAX_FEE (../..CoinToken.sol#677) \n\t- ORIG_BURN_FEE = _BURN_FEE (../..CoinToken.sol#678) \n\t- ORIG_CHARITY_FEE = _CHARITY_FEE (../..CoinToken.sol#679) \n",
            "name": "events-maths"
        },
        {
            "confidence": "Medium",
            "filename": "/home/kaixuan/sast_study/solidity/smartbugs/samples/poc_shift/source_code_vuln/burn_sync/HCT_exp/CoinToken.sol",
            "impact": "Low",
            "line": 516,
            "message": "CoinToken.constructor(string,string,uint256,uint256,uint256,uint256,uint256,address,address).tokenOwner (../..CoinToken.sol#516) lacks a zero-check on :\n\t\t- _owner = tokenOwner (../..CoinToken.sol#537)\n",
            "name": "missing-zero-check"
        },
        {
            "confidence": "Medium",
            "filename": "/home/kaixuan/sast_study/solidity/smartbugs/samples/poc_shift/source_code_vuln/burn_sync/HCT_exp/CoinToken.sol",
            "impact": "Low",
            "line": 516,
            "message": "CoinToken.constructor(string,string,uint256,uint256,uint256,uint256,uint256,address,address)._FeeAddress (../..CoinToken.sol#516) lacks a zero-check on :\n\t\t- FeeAddress = _FeeAddress (../..CoinToken.sol#536)\n",
            "name": "missing-zero-check"
        },
        {
            "confidence": "High",
            "contract": "/sb/CoinToken.sol",
            "filename": "/home/kaixuan/sast_study/solidity/smartbugs/samples/poc_shift/source_code_vuln/burn_sync/HCT_exp/CoinToken.sol",
            "function": "isContract",
            "impact": "Informational",
            "line": 267,
            "line_end": 276,
            "message": "Address.isContract(address) (../..CoinToken.sol#267-276) uses assembly\n\t- INLINE ASM (../..CoinToken.sol#274)\n",
            "name": "assembly"
        },
        {
            "confidence": "High",
            "contract": "/sb/CoinToken.sol",
            "filename": "/home/kaixuan/sast_study/solidity/smartbugs/samples/poc_shift/source_code_vuln/burn_sync/HCT_exp/CoinToken.sol",
            "function": "_functionCallWithValue",
            "impact": "Informational",
            "line": 360,
            "line_end": 381,
            "message": "Address._functionCallWithValue(address,bytes,uint256,string) (../..CoinToken.sol#360-381) uses assembly\n\t- INLINE ASM (../..CoinToken.sol#373-376)\n",
            "name": "assembly"
        },
        {
            "confidence": "High",
            "contract": "/sb/CoinToken.sol",
            "filename": "/home/kaixuan/sast_study/solidity/smartbugs/samples/poc_shift/source_code_vuln/burn_sync/HCT_exp/CoinToken.sol",
            "function": "pause",
            "impact": "Informational",
            "line": 469,
            "line_end": 476,
            "message": "Pausable.pause(bool,bool) (../..CoinToken.sol#469-476) compares to a boolean constant:\n\t-require(bool)(! (newPausedPublic == false && newPausedOwnerAdmin == true)) (../..CoinToken.sol#470)\n",
            "name": "boolean-equal"
        },
        {
            "confidence": "Medium",
            "contract": "/sb/CoinToken.sol",
            "filename": "/home/kaixuan/sast_study/solidity/smartbugs/samples/poc_shift/source_code_vuln/burn_sync/HCT_exp/CoinToken.sol",
            "function": "includeAccount",
            "impact": "Informational",
            "line": 649,
            "line_end": 660,
            "message": "CoinToken.includeAccount(address) (../..CoinToken.sol#649-660) has costly operations inside a loop:\n\t- _excluded.pop() (../..CoinToken.sol#656)\n",
            "name": "costly-loop"
        },
        {
            "confidence": "Medium",
            "contract": "/sb/CoinToken.sol",
            "filename": "/home/kaixuan/sast_study/solidity/smartbugs/samples/poc_shift/source_code_vuln/burn_sync/HCT_exp/CoinToken.sol",
            "function": "_getTaxFee",
            "impact": "Informational",
            "line": 895,
            "line_end": 897,
            "message": "CoinToken._getTaxFee() (../..CoinToken.sol#895-897) is never used and should be removed\n",
            "name": "dead-code"
        },
        {
            "confidence": "Medium",
            "contract": "/sb/CoinToken.sol",
            "filename": "/home/kaixuan/sast_study/solidity/smartbugs/samples/poc_shift/source_code_vuln/burn_sync/HCT_exp/CoinToken.sol",
            "function": "sendValue",
            "impact": "Informational",
            "line": 294,
            "line_end": 300,
            "message": "Address.sendValue(address,uint256) (../..CoinToken.sol#294-300) is never used and should be removed\n",
            "name": "dead-code"
        },
        {
            "confidence": "Medium",
            "contract": "/sb/CoinToken.sol",
            "filename": "/home/kaixuan/sast_study/solidity/smartbugs/samples/poc_shift/source_code_vuln/burn_sync/HCT_exp/CoinToken.sol",
            "function": "functionCallWithValue",
            "impact": "Informational",
            "line": 345,
            "line_end": 347,
            "message": "Address.functionCallWithValue(address,bytes,uint256) (../..CoinToken.sol#345-347) is never used and should be removed\n",
            "name": "dead-code"
        },
        {
            "confidence": "Medium",
            "contract": "/sb/CoinToken.sol",
            "filename": "/home/kaixuan/sast_study/solidity/smartbugs/samples/poc_shift/source_code_vuln/burn_sync/HCT_exp/CoinToken.sol",
            "function": "mod",
            "impact": "Informational",
            "line": 240,
            "line_end": 243,
            "message": "SafeMath.mod(uint256,uint256,string) (../..CoinToken.sol#240-243) is never used and should be removed\n",
            "name": "dead-code"
        },
        {
            "confidence": "Medium",
            "contract": "/sb/CoinToken.sol",
            "filename": "/home/kaixuan/sast_study/solidity/smartbugs/samples/poc_shift/source_code_vuln/burn_sync/HCT_exp/CoinToken.sol",
            "function": "functionCallWithValue",
            "impact": "Informational",
            "line": 355,
            "line_end": 358,
            "message": "Address.functionCallWithValue(address,bytes,uint256,string) (../..CoinToken.sol#355-358) is never used and should be removed\n",
            "name": "dead-code"
        },
        {
            "confidence": "Medium",
            "contract": "/sb/CoinToken.sol",
            "filename": "/home/kaixuan/sast_study/solidity/smartbugs/samples/poc_shift/source_code_vuln/burn_sync/HCT_exp/CoinToken.sol",
            "function": "_msgData",
            "impact": "Informational",
            "line": 10,
            "line_end": 13,
            "message": "Context._msgData() (../..CoinToken.sol#10-13) is never used and should be removed\n",
            "name": "dead-code"
        },
        {
            "confidence": "Medium",
            "contract": "/sb/CoinToken.sol",
            "filename": "/home/kaixuan/sast_study/solidity/smartbugs/samples/poc_shift/source_code_vuln/burn_sync/HCT_exp/CoinToken.sol",
            "function": "mod",
            "impact": "Informational",
            "line": 224,
            "line_end": 226,
            "message": "SafeMath.mod(uint256,uint256) (../..CoinToken.sol#224-226) is never used and should be removed\n",
            "name": "dead-code"
        },
        {
            "confidence": "Medium",
            "contract": "/sb/CoinToken.sol",
            "filename": "/home/kaixuan/sast_study/solidity/smartbugs/samples/poc_shift/source_code_vuln/burn_sync/HCT_exp/CoinToken.sol",
            "function": "_functionCallWithValue",
            "impact": "Informational",
            "line": 360,
            "line_end": 381,
            "message": "Address._functionCallWithValue(address,bytes,uint256,string) (../..CoinToken.sol#360-381) is never used and should be removed\n",
            "name": "dead-code"
        },
        {
            "confidence": "Medium",
            "contract": "/sb/CoinToken.sol",
            "filename": "/home/kaixuan/sast_study/solidity/smartbugs/samples/poc_shift/source_code_vuln/burn_sync/HCT_exp/CoinToken.sol",
            "function": "isContract",
            "impact": "Informational",
            "line": 267,
            "line_end": 276,
            "message": "Address.isContract(address) (../..CoinToken.sol#267-276) is never used and should be removed\n",
            "name": "dead-code"
        },
        {
            "confidence": "Medium",
            "contract": "/sb/CoinToken.sol",
            "filename": "/home/kaixuan/sast_study/solidity/smartbugs/samples/poc_shift/source_code_vuln/burn_sync/HCT_exp/CoinToken.sol",
            "function": "functionCall",
            "impact": "Informational",
            "line": 330,
            "line_end": 332,
            "message": "Address.functionCall(address,bytes,string) (../..CoinToken.sol#330-332) is never used and should be removed\n",
            "name": "dead-code"
        },
        {
            "confidence": "Medium",
            "contract": "/sb/CoinToken.sol",
            "filename": "/home/kaixuan/sast_study/solidity/smartbugs/samples/poc_shift/source_code_vuln/burn_sync/HCT_exp/CoinToken.sol",
            "function": "functionCall",
            "impact": "Informational",
            "line": 320,
            "line_end": 322,
            "message": "Address.functionCall(address,bytes) (../..CoinToken.sol#320-322) is never used and should be removed\n",
            "name": "dead-code"
        },
        {
            "confidence": "High",
            "filename": "/home/kaixuan/sast_study/solidity/smartbugs/samples/poc_shift/source_code_vuln/burn_sync/HCT_exp/CoinToken.sol",
            "impact": "Informational",
            "message": "solc-0.8.25 is not recommended for deployment\n",
            "name": "solc-version"
        },
        {
            "confidence": "High",
            "filename": "/home/kaixuan/sast_study/solidity/smartbugs/samples/poc_shift/source_code_vuln/burn_sync/HCT_exp/CoinToken.sol",
            "impact": "Informational",
            "line": 3,
            "message": "Pragma version^0.8.2 (../..CoinToken.sol#3) allows old versions\n",
            "name": "solc-version"
        },
        {
            "confidence": "High",
            "contract": "/sb/CoinToken.sol",
            "filename": "/home/kaixuan/sast_study/solidity/smartbugs/samples/poc_shift/source_code_vuln/burn_sync/HCT_exp/CoinToken.sol",
            "function": "sendValue",
            "impact": "Informational",
            "line": 294,
            "line_end": 300,
            "message": "Low level call in Address.sendValue(address,uint256) (../..CoinToken.sol#294-300):\n\t- (success) = recipient.call{value: amount}() (../..CoinToken.sol#298)\n",
            "name": "low-level-calls"
        },
        {
            "confidence": "High",
            "contract": "/sb/CoinToken.sol",
            "filename": "/home/kaixuan/sast_study/solidity/smartbugs/samples/poc_shift/source_code_vuln/burn_sync/HCT_exp/CoinToken.sol",
            "function": "_functionCallWithValue",
            "impact": "Informational",
            "line": 360,
            "line_end": 381,
            "message": "Low level call in Address._functionCallWithValue(address,bytes,uint256,string) (../..CoinToken.sol#360-381):\n\t- (success,returndata) = target.call{value: weiValue}(data) (../..CoinToken.sol#364)\n",
            "name": "low-level-calls"
        },
        {
            "confidence": "High",
            "filename": "/home/kaixuan/sast_study/solidity/smartbugs/samples/poc_shift/source_code_vuln/burn_sync/HCT_exp/CoinToken.sol",
            "impact": "Informational",
            "line": 673,
            "message": "Parameter CoinToken.updateFee(uint256,uint256,uint256)._txFee (../..CoinToken.sol#673) is not in mixedCase\n",
            "name": "naming-convention"
        },
        {
            "confidence": "High",
            "filename": "/home/kaixuan/sast_study/solidity/smartbugs/samples/poc_shift/source_code_vuln/burn_sync/HCT_exp/CoinToken.sol",
            "impact": "Informational",
            "line": 669,
            "message": "Parameter CoinToken.burn(uint256)._value (../..CoinToken.sol#669) is not in mixedCase\n",
            "name": "naming-convention"
        },
        {
            "confidence": "High",
            "filename": "/home/kaixuan/sast_study/solidity/smartbugs/samples/poc_shift/source_code_vuln/burn_sync/HCT_exp/CoinToken.sol",
            "impact": "Informational",
            "line": 673,
            "message": "Parameter CoinToken.updateFee(uint256,uint256,uint256)._charityFee (../..CoinToken.sol#673) is not in mixedCase\n",
            "name": "naming-convention"
        },
        {
            "confidence": "High",
            "filename": "/home/kaixuan/sast_study/solidity/smartbugs/samples/poc_shift/source_code_vuln/burn_sync/HCT_exp/CoinToken.sol",
            "impact": "Informational",
            "line": 453,
            "message": "Variable Pausable.FeeAddress3 (../..CoinToken.sol#453) is not in mixedCase\n",
            "name": "naming-convention"
        },
        {
            "confidence": "High",
            "filename": "/home/kaixuan/sast_study/solidity/smartbugs/samples/poc_shift/source_code_vuln/burn_sync/HCT_exp/CoinToken.sol",
            "impact": "Informational",
            "line": 508,
            "message": "Variable CoinToken._BURN_FEE (../..CoinToken.sol#508) is not in mixedCase\n",
            "name": "naming-convention"
        },
        {
            "confidence": "High",
            "filename": "/home/kaixuan/sast_study/solidity/smartbugs/samples/poc_shift/source_code_vuln/burn_sync/HCT_exp/CoinToken.sol",
            "impact": "Informational",
            "line": 491,
            "message": "Variable CoinToken._NAME (../..CoinToken.sol#491) is not in mixedCase\n",
            "name": "naming-convention"
        },
        {
            "confidence": "High",
            "filename": "/home/kaixuan/sast_study/solidity/smartbugs/samples/poc_shift/source_code_vuln/burn_sync/HCT_exp/CoinToken.sol",
            "impact": "Informational",
            "line": 454,
            "message": "Variable Pausable.FeeAddress4 (../..CoinToken.sol#454) is not in mixedCase\n",
            "name": "naming-convention"
        },
        {
            "confidence": "High",
            "filename": "/home/kaixuan/sast_study/solidity/smartbugs/samples/poc_shift/source_code_vuln/burn_sync/HCT_exp/CoinToken.sol",
            "impact": "Informational",
            "line": 514,
            "message": "Variable CoinToken.ORIG_CHARITY_FEE (../..CoinToken.sol#514) is not in mixedCase\n",
            "name": "naming-convention"
        },
        {
            "confidence": "High",
            "filename": "/home/kaixuan/sast_study/solidity/smartbugs/samples/poc_shift/source_code_vuln/burn_sync/HCT_exp/CoinToken.sol",
            "impact": "Informational",
            "line": 507,
            "message": "Variable CoinToken._TAX_FEE (../..CoinToken.sol#507) is not in mixedCase\n",
            "name": "naming-convention"
        },
        {
            "confidence": "High",
            "filename": "/home/kaixuan/sast_study/solidity/smartbugs/samples/poc_shift/source_code_vuln/burn_sync/HCT_exp/CoinToken.sol",
            "impact": "Informational",
            "line": 513,
            "message": "Variable CoinToken.ORIG_BURN_FEE (../..CoinToken.sol#513) is not in mixedCase\n",
            "name": "naming-convention"
        },
        {
            "confidence": "High",
            "filename": "/home/kaixuan/sast_study/solidity/smartbugs/samples/poc_shift/source_code_vuln/burn_sync/HCT_exp/CoinToken.sol",
            "impact": "Informational",
            "line": 400,
            "message": "Variable Ownable._owner (../..CoinToken.sol#400) is not in mixedCase\n",
            "name": "naming-convention"
        },
        {
            "confidence": "High",
            "filename": "/home/kaixuan/sast_study/solidity/smartbugs/samples/poc_shift/source_code_vuln/burn_sync/HCT_exp/CoinToken.sol",
            "impact": "Informational",
            "line": 512,
            "message": "Variable CoinToken.ORIG_TAX_FEE (../..CoinToken.sol#512) is not in mixedCase\n",
            "name": "naming-convention"
        },
        {
            "confidence": "High",
            "filename": "/home/kaixuan/sast_study/solidity/smartbugs/samples/poc_shift/source_code_vuln/burn_sync/HCT_exp/CoinToken.sol",
            "impact": "Informational",
            "line": 496,
            "message": "Variable CoinToken._MAX (../..CoinToken.sol#496) is not in mixedCase\n",
            "name": "naming-convention"
        },
        {
            "confidence": "High",
            "filename": "/home/kaixuan/sast_study/solidity/smartbugs/samples/poc_shift/source_code_vuln/burn_sync/HCT_exp/CoinToken.sol",
            "impact": "Informational",
            "line": 497,
            "message": "Variable CoinToken._DECIMALFACTOR (../..CoinToken.sol#497) is not in mixedCase\n",
            "name": "naming-convention"
        },
        {
            "confidence": "High",
            "filename": "/home/kaixuan/sast_study/solidity/smartbugs/samples/poc_shift/source_code_vuln/burn_sync/HCT_exp/CoinToken.sol",
            "impact": "Informational",
            "line": 452,
            "message": "Variable Pausable.FeeAddress2 (../..CoinToken.sol#452) is not in mixedCase\n",
            "name": "naming-convention"
        },
        {
            "confidence": "High",
            "filename": "/home/kaixuan/sast_study/solidity/smartbugs/samples/poc_shift/source_code_vuln/burn_sync/HCT_exp/CoinToken.sol",
            "impact": "Informational",
            "line": 493,
            "message": "Variable CoinToken._DECIMALS (../..CoinToken.sol#493) is not in mixedCase\n",
            "name": "naming-convention"
        },
        {
            "confidence": "High",
            "filename": "/home/kaixuan/sast_study/solidity/smartbugs/samples/poc_shift/source_code_vuln/burn_sync/HCT_exp/CoinToken.sol",
            "impact": "Informational",
            "line": 492,
            "message": "Variable CoinToken._SYMBOL (../..CoinToken.sol#492) is not in mixedCase\n",
            "name": "naming-convention"
        },
        {
            "confidence": "High",
            "filename": "/home/kaixuan/sast_study/solidity/smartbugs/samples/poc_shift/source_code_vuln/burn_sync/HCT_exp/CoinToken.sol",
            "impact": "Informational",
            "line": 494,
            "message": "Variable CoinToken.FeeAddress (../..CoinToken.sol#494) is not in mixedCase\n",
            "name": "naming-convention"
        },
        {
            "confidence": "High",
            "filename": "/home/kaixuan/sast_study/solidity/smartbugs/samples/poc_shift/source_code_vuln/burn_sync/HCT_exp/CoinToken.sol",
            "impact": "Informational",
            "line": 498,
            "message": "Variable CoinToken._GRANULARITY (../..CoinToken.sol#498) is not in mixedCase\n",
            "name": "naming-convention"
        },
        {
            "confidence": "High",
            "filename": "/home/kaixuan/sast_study/solidity/smartbugs/samples/poc_shift/source_code_vuln/burn_sync/HCT_exp/CoinToken.sol",
            "impact": "Informational",
            "line": 509,
            "message": "Variable CoinToken._CHARITY_FEE (../..CoinToken.sol#509) is not in mixedCase\n",
            "name": "naming-convention"
        },
        {
            "confidence": "High",
            "filename": "/home/kaixuan/sast_study/solidity/smartbugs/samples/poc_shift/source_code_vuln/burn_sync/HCT_exp/CoinToken.sol",
            "impact": "Informational",
            "line": 451,
            "message": "Variable Pausable.FeeAddress1 (../..CoinToken.sol#451) is not in mixedCase\n",
            "name": "naming-convention"
        },
        {
            "confidence": "High",
            "filename": "/home/kaixuan/sast_study/solidity/smartbugs/samples/poc_shift/source_code_vuln/burn_sync/HCT_exp/CoinToken.sol",
            "impact": "Informational",
            "line": 673,
            "message": "Parameter CoinToken.updateFee(uint256,uint256,uint256)._burnFee (../..CoinToken.sol#673) is not in mixedCase\n",
            "name": "naming-convention"
        },
        {
            "confidence": "High",
            "filename": "/home/kaixuan/sast_study/solidity/smartbugs/samples/poc_shift/source_code_vuln/burn_sync/HCT_exp/CoinToken.sol",
            "impact": "Informational",
            "line": 11,
            "message": "Redundant expression \"this (../..CoinToken.sol#11)\" inContext (../..CoinToken.sol#5-14)\n",
            "name": "redundant-statements"
        },
        {
            "confidence": "Medium",
            "filename": "/home/kaixuan/sast_study/solidity/smartbugs/samples/poc_shift/source_code_vuln/burn_sync/HCT_exp/CoinToken.sol",
            "impact": "Informational",
            "line": 781,
            "message": "Variable CoinToken._excludedToTransferContent(address,address,uint256,uint256,uint256).rTransferAmount (../..CoinToken.sol#781) is too similar to CoinToken._excludedFromTransferContent(address,address,uint256,uint256,uint256).tTransferAmount (../..CoinToken.sol#763)\n",
            "name": "similar-names"
        },
        {
            "confidence": "Medium",
            "filename": "/home/kaixuan/sast_study/solidity/smartbugs/samples/poc_shift/source_code_vuln/burn_sync/HCT_exp/CoinToken.sol",
            "impact": "Informational",
            "line": 747,
            "message": "Variable CoinToken._standardTransferContent(address,address,uint256,uint256).rTransferAmount (../..CoinToken.sol#747) is too similar to CoinToken._bothTransferContent(address,address,uint256,uint256,uint256,uint256).tTransferAmount (../..CoinToken.sol#798)\n",
            "name": "similar-names"
        },
        {
            "confidence": "Medium",
            "filename": "/home/kaixuan/sast_study/solidity/smartbugs/samples/poc_shift/source_code_vuln/burn_sync/HCT_exp/CoinToken.sol",
            "impact": "Informational",
            "line": 738,
            "message": "Variable CoinToken._transferStandard(address,address,uint256).rTransferAmount (../..CoinToken.sol#738) is too similar to CoinToken._getValues(uint256).tTransferAmount (../..CoinToken.sol#817)\n",
            "name": "similar-names"
        },
        {
            "confidence": "Medium",
            "filename": "/home/kaixuan/sast_study/solidity/smartbugs/samples/poc_shift/source_code_vuln/burn_sync/HCT_exp/CoinToken.sol",
            "impact": "Informational",
            "line": 781,
            "message": "Variable CoinToken._excludedToTransferContent(address,address,uint256,uint256,uint256).rTransferAmount (../..CoinToken.sol#781) is too similar to CoinToken._transferBothExcluded(address,address,uint256).tTransferAmount (../..CoinToken.sol#789)\n",
            "name": "similar-names"
        },
        {
            "confidence": "Medium",
            "filename": "/home/kaixuan/sast_study/solidity/smartbugs/samples/poc_shift/source_code_vuln/burn_sync/HCT_exp/CoinToken.sol",
            "impact": "Informational",
            "line": 820,
            "message": "Variable CoinToken._getValues(uint256).rTransferAmount (../..CoinToken.sol#820) is too similar to CoinToken._transferStandard(address,address,uint256).tTransferAmount (../..CoinToken.sol#738)\n",
            "name": "similar-names"
        },
        {
            "confidence": "Medium",
            "filename": "/home/kaixuan/sast_study/solidity/smartbugs/samples/poc_shift/source_code_vuln/burn_sync/HCT_exp/CoinToken.sol",
            "impact": "Informational",
            "line": 844,
            "message": "Variable CoinToken._getRTransferAmount(uint256,uint256,uint256,uint256,uint256).rTransferAmount (../..CoinToken.sol#844) is too similar to CoinToken._transferBothExcluded(address,address,uint256).tTransferAmount (../..CoinToken.sol#789)\n",
            "name": "similar-names"
        },
        {
            "confidence": "Medium",
            "filename": "/home/kaixuan/sast_study/solidity/smartbugs/samples/poc_shift/source_code_vuln/burn_sync/HCT_exp/CoinToken.sol",
            "impact": "Informational",
            "line": 820,
            "message": "Variable CoinToken._getValues(uint256).rTransferAmount (../..CoinToken.sol#820) is too similar to CoinToken._transferBothExcluded(address,address,uint256).tTransferAmount (../..CoinToken.sol#789)\n",
            "name": "similar-names"
        },
        {
            "confidence": "Medium",
            "filename": "/home/kaixuan/sast_study/solidity/smartbugs/samples/poc_shift/source_code_vuln/burn_sync/HCT_exp/CoinToken.sol",
            "impact": "Informational",
            "line": 789,
            "message": "Variable CoinToken._transferBothExcluded(address,address,uint256).rTransferAmount (../..CoinToken.sol#789) is too similar to CoinToken._bothTransferContent(address,address,uint256,uint256,uint256,uint256).tTransferAmount (../..CoinToken.sol#798)\n",
            "name": "similar-names"
        },
        {
            "confidence": "Medium",
            "filename": "/home/kaixuan/sast_study/solidity/smartbugs/samples/poc_shift/source_code_vuln/burn_sync/HCT_exp/CoinToken.sol",
            "impact": "Informational",
            "line": 754,
            "message": "Variable CoinToken._transferToExcluded(address,address,uint256).rTransferAmount (../..CoinToken.sol#754) is too similar to CoinToken._getValues(uint256).tTransferAmount (../..CoinToken.sol#817)\n",
            "name": "similar-names"
        },
        {
            "confidence": "Medium",
            "filename": "/home/kaixuan/sast_study/solidity/smartbugs/samples/poc_shift/source_code_vuln/burn_sync/HCT_exp/CoinToken.sol",
            "impact": "Informational",
            "line": 629,
            "message": "Variable CoinToken.reflectionFromToken(uint256,bool).rTransferAmount (../..CoinToken.sol#629) is too similar to CoinToken._transferToExcluded(address,address,uint256).tTransferAmount (../..CoinToken.sol#754)\n",
            "name": "similar-names"
        },
        {
            "confidence": "Medium",
            "filename": "/home/kaixuan/sast_study/solidity/smartbugs/samples/poc_shift/source_code_vuln/burn_sync/HCT_exp/CoinToken.sol",
            "impact": "Informational",
            "line": 454,
            "message": "Variable Pausable.FeeAddress4 (../..CoinToken.sol#454) is too similar to CoinToken.constructor(string,string,uint256,uint256,uint256,uint256,uint256,address,address)._FeeAddress (../..CoinToken.sol#516)\n",
            "name": "similar-names"
        },
        {
            "confidence": "Medium",
            "filename": "/home/kaixuan/sast_study/solidity/smartbugs/samples/poc_shift/source_code_vuln/burn_sync/HCT_exp/CoinToken.sol",
            "impact": "Informational",
            "line": 820,
            "message": "Variable CoinToken._getValues(uint256).rTransferAmount (../..CoinToken.sol#820) is too similar to CoinToken._transferToExcluded(address,address,uint256).tTransferAmount (../..CoinToken.sol#754)\n",
            "name": "similar-names"
        },
        {
            "confidence": "Medium",
            "filename": "/home/kaixuan/sast_study/solidity/smartbugs/samples/poc_shift/source_code_vuln/burn_sync/HCT_exp/CoinToken.sol",
            "impact": "Informational",
            "line": 798,
            "message": "Variable CoinToken._bothTransferContent(address,address,uint256,uint256,uint256,uint256).rTransferAmount (../..CoinToken.sol#798) is too similar to CoinToken._transferStandard(address,address,uint256).tTransferAmount (../..CoinToken.sol#738)\n",
            "name": "similar-names"
        },
        {
            "confidence": "Medium",
            "filename": "/home/kaixuan/sast_study/solidity/smartbugs/samples/poc_shift/source_code_vuln/burn_sync/HCT_exp/CoinToken.sol",
            "impact": "Informational",
            "line": 763,
            "message": "Variable CoinToken._excludedFromTransferContent(address,address,uint256,uint256,uint256).rTransferAmount (../..CoinToken.sol#763) is too similar to CoinToken._transferStandard(address,address,uint256).tTransferAmount (../..CoinToken.sol#738)\n",
            "name": "similar-names"
        },
        {
            "confidence": "Medium",
            "filename": "/home/kaixuan/sast_study/solidity/smartbugs/samples/poc_shift/source_code_vuln/burn_sync/HCT_exp/CoinToken.sol",
            "impact": "Informational",
            "line": 844,
            "message": "Variable CoinToken._getRTransferAmount(uint256,uint256,uint256,uint256,uint256).rTransferAmount (../..CoinToken.sol#844) is too similar to CoinToken._transferFromExcluded(address,address,uint256).tTransferAmount (../..CoinToken.sol#772)\n",
            "name": "similar-names"
        },
        {
            "confidence": "Medium",
            "filename": "/home/kaixuan/sast_study/solidity/smartbugs/samples/poc_shift/source_code_vuln/burn_sync/HCT_exp/CoinToken.sol",
            "impact": "Informational",
            "line": 844,
            "message": "Variable CoinToken._getRTransferAmount(uint256,uint256,uint256,uint256,uint256).rTransferAmount (../..CoinToken.sol#844) is too similar to CoinToken._transferToExcluded(address,address,uint256).tTransferAmount (../..CoinToken.sol#754)\n",
            "name": "similar-names"
        },
        {
            "confidence": "Medium",
            "filename": "/home/kaixuan/sast_study/solidity/smartbugs/samples/poc_shift/source_code_vuln/burn_sync/HCT_exp/CoinToken.sol",
            "impact": "Informational",
            "line": 738,
            "message": "Variable CoinToken._transferStandard(address,address,uint256).rTransferAmount (../..CoinToken.sol#738) is too similar to CoinToken._transferFromExcluded(address,address,uint256).tTransferAmount (../..CoinToken.sol#772)\n",
            "name": "similar-names"
        },
        {
            "confidence": "Medium",
            "filename": "/home/kaixuan/sast_study/solidity/smartbugs/samples/poc_shift/source_code_vuln/burn_sync/HCT_exp/CoinToken.sol",
            "impact": "Informational",
            "line": 451,
            "message": "Variable Pausable.FeeAddress1 (../..CoinToken.sol#451) is too similar to CoinToken.constructor(string,string,uint256,uint256,uint256,uint256,uint256,address,address)._FeeAddress (../..CoinToken.sol#516)\n",
            "name": "similar-names"
        },
        {
            "confidence": "Medium",
            "filename": "/home/kaixuan/sast_study/solidity/smartbugs/samples/poc_shift/source_code_vuln/burn_sync/HCT_exp/CoinToken.sol",
            "impact": "Informational",
            "line": 763,
            "message": "Variable CoinToken._excludedFromTransferContent(address,address,uint256,uint256,uint256).rTransferAmount (../..CoinToken.sol#763) is too similar to CoinToken._getValues(uint256).tTransferAmount (../..CoinToken.sol#817)\n",
            "name": "similar-names"
        },
        {
            "confidence": "Medium",
            "filename": "/home/kaixuan/sast_study/solidity/smartbugs/samples/poc_shift/source_code_vuln/burn_sync/HCT_exp/CoinToken.sol",
            "impact": "Informational",
            "line": 738,
            "message": "Variable CoinToken._transferStandard(address,address,uint256).rTransferAmount (../..CoinToken.sol#738) is too similar to CoinToken._transferStandard(address,address,uint256).tTransferAmount (../..CoinToken.sol#738)\n",
            "name": "similar-names"
        },
        {
            "confidence": "Medium",
            "filename": "/home/kaixuan/sast_study/solidity/smartbugs/samples/poc_shift/source_code_vuln/burn_sync/HCT_exp/CoinToken.sol",
            "impact": "Informational",
            "line": 747,
            "message": "Variable CoinToken._standardTransferContent(address,address,uint256,uint256).rTransferAmount (../..CoinToken.sol#747) is too similar to CoinToken._transferFromExcluded(address,address,uint256).tTransferAmount (../..CoinToken.sol#772)\n",
            "name": "similar-names"
        },
        {
            "confidence": "Medium",
            "filename": "/home/kaixuan/sast_study/solidity/smartbugs/samples/poc_shift/source_code_vuln/burn_sync/HCT_exp/CoinToken.sol",
            "impact": "Informational",
            "line": 629,
            "message": "Variable CoinToken.reflectionFromToken(uint256,bool).rTransferAmount (../..CoinToken.sol#629) is too similar to CoinToken._getValues(uint256).tTransferAmount (../..CoinToken.sol#817)\n",
            "name": "similar-names"
        },
        {
            "confidence": "Medium",
            "filename": "/home/kaixuan/sast_study/solidity/smartbugs/samples/poc_shift/source_code_vuln/burn_sync/HCT_exp/CoinToken.sol",
            "impact": "Informational",
            "line": 747,
            "message": "Variable CoinToken._standardTransferContent(address,address,uint256,uint256).rTransferAmount (../..CoinToken.sol#747) is too similar to CoinToken._excludedFromTransferContent(address,address,uint256,uint256,uint256).tTransferAmount (../..CoinToken.sol#763)\n",
            "name": "similar-names"
        },
        {
            "confidence": "Medium",
            "filename": "/home/kaixuan/sast_study/solidity/smartbugs/samples/poc_shift/source_code_vuln/burn_sync/HCT_exp/CoinToken.sol",
            "impact": "Informational",
            "line": 844,
            "message": "Variable CoinToken._getRTransferAmount(uint256,uint256,uint256,uint256,uint256).rTransferAmount (../..CoinToken.sol#844) is too similar to CoinToken._getValues(uint256).tTransferAmount (../..CoinToken.sol#817)\n",
            "name": "similar-names"
        },
        {
            "confidence": "Medium",
            "filename": "/home/kaixuan/sast_study/solidity/smartbugs/samples/poc_shift/source_code_vuln/burn_sync/HCT_exp/CoinToken.sol",
            "impact": "Informational",
            "line": 763,
            "message": "Variable CoinToken._excludedFromTransferContent(address,address,uint256,uint256,uint256).rTransferAmount (../..CoinToken.sol#763) is too similar to CoinToken._excludedFromTransferContent(address,address,uint256,uint256,uint256).tTransferAmount (../..CoinToken.sol#763)\n",
            "name": "similar-names"
        },
        {
            "confidence": "Medium",
            "filename": "/home/kaixuan/sast_study/solidity/smartbugs/samples/poc_shift/source_code_vuln/burn_sync/HCT_exp/CoinToken.sol",
            "impact": "Informational",
            "line": 453,
            "message": "Variable Pausable.FeeAddress3 (../..CoinToken.sol#453) is too similar to CoinToken.constructor(string,string,uint256,uint256,uint256,uint256,uint256,address,address)._FeeAddress (../..CoinToken.sol#516)\n",
            "name": "similar-names"
        },
        {
            "confidence": "Medium",
            "filename": "/home/kaixuan/sast_study/solidity/smartbugs/samples/poc_shift/source_code_vuln/burn_sync/HCT_exp/CoinToken.sol",
            "impact": "Informational",
            "line": 781,
            "message": "Variable CoinToken._excludedToTransferContent(address,address,uint256,uint256,uint256).rTransferAmount (../..CoinToken.sol#781) is too similar to CoinToken._bothTransferContent(address,address,uint256,uint256,uint256,uint256).tTransferAmount (../..CoinToken.sol#798)\n",
            "name": "similar-names"
        },
        {
            "confidence": "Medium",
            "filename": "/home/kaixuan/sast_study/solidity/smartbugs/samples/poc_shift/source_code_vuln/burn_sync/HCT_exp/CoinToken.sol",
            "impact": "Informational",
            "line": 772,
            "message": "Variable CoinToken._transferFromExcluded(address,address,uint256).rTransferAmount (../..CoinToken.sol#772) is too similar to CoinToken._transferBothExcluded(address,address,uint256).tTransferAmount (../..CoinToken.sol#789)\n",
            "name": "similar-names"
        },
        {
            "confidence": "Medium",
            "filename": "/home/kaixuan/sast_study/solidity/smartbugs/samples/poc_shift/source_code_vuln/burn_sync/HCT_exp/CoinToken.sol",
            "impact": "Informational",
            "line": 789,
            "message": "Variable CoinToken._transferBothExcluded(address,address,uint256).rTransferAmount (../..CoinToken.sol#789) is too similar to CoinToken._transferBothExcluded(address,address,uint256).tTransferAmount (../..CoinToken.sol#789)\n",
            "name": "similar-names"
        },
        {
            "confidence": "Medium",
            "filename": "/home/kaixuan/sast_study/solidity/smartbugs/samples/poc_shift/source_code_vuln/burn_sync/HCT_exp/CoinToken.sol",
            "impact": "Informational",
            "line": 738,
            "message": "Variable CoinToken._transferStandard(address,address,uint256).rTransferAmount (../..CoinToken.sol#738) is too similar to CoinToken._excludedFromTransferContent(address,address,uint256,uint256,uint256).tTransferAmount (../..CoinToken.sol#763)\n",
            "name": "similar-names"
        },
        {
            "confidence": "Medium",
            "filename": "/home/kaixuan/sast_study/solidity/smartbugs/samples/poc_shift/source_code_vuln/burn_sync/HCT_exp/CoinToken.sol",
            "impact": "Informational",
            "line": 754,
            "message": "Variable CoinToken._transferToExcluded(address,address,uint256).rTransferAmount (../..CoinToken.sol#754) is too similar to CoinToken._transferStandard(address,address,uint256).tTransferAmount (../..CoinToken.sol#738)\n",
            "name": "similar-names"
        },
        {
            "confidence": "Medium",
            "filename": "/home/kaixuan/sast_study/solidity/smartbugs/samples/poc_shift/source_code_vuln/burn_sync/HCT_exp/CoinToken.sol",
            "impact": "Informational",
            "line": 738,
            "message": "Variable CoinToken._transferStandard(address,address,uint256).rTransferAmount (../..CoinToken.sol#738) is too similar to CoinToken._transferToExcluded(address,address,uint256).tTransferAmount (../..CoinToken.sol#754)\n",
            "name": "similar-names"
        },
        {
            "confidence": "Medium",
            "filename": "/home/kaixuan/sast_study/solidity/smartbugs/samples/poc_shift/source_code_vuln/burn_sync/HCT_exp/CoinToken.sol",
            "impact": "Informational",
            "line": 738,
            "message": "Variable CoinToken._transferStandard(address,address,uint256).rTransferAmount (../..CoinToken.sol#738) is too similar to CoinToken._bothTransferContent(address,address,uint256,uint256,uint256,uint256).tTransferAmount (../..CoinToken.sol#798)\n",
            "name": "similar-names"
        },
        {
            "confidence": "Medium",
            "filename": "/home/kaixuan/sast_study/solidity/smartbugs/samples/poc_shift/source_code_vuln/burn_sync/HCT_exp/CoinToken.sol",
            "impact": "Informational",
            "line": 738,
            "message": "Variable CoinToken._transferStandard(address,address,uint256).rTransferAmount (../..CoinToken.sol#738) is too similar to CoinToken._transferBothExcluded(address,address,uint256).tTransferAmount (../..CoinToken.sol#789)\n",
            "name": "similar-names"
        },
        {
            "confidence": "Medium",
            "filename": "/home/kaixuan/sast_study/solidity/smartbugs/samples/poc_shift/source_code_vuln/burn_sync/HCT_exp/CoinToken.sol",
            "impact": "Informational",
            "line": 772,
            "message": "Variable CoinToken._transferFromExcluded(address,address,uint256).rTransferAmount (../..CoinToken.sol#772) is too similar to CoinToken._excludedFromTransferContent(address,address,uint256,uint256,uint256).tTransferAmount (../..CoinToken.sol#763)\n",
            "name": "similar-names"
        },
        {
            "confidence": "Medium",
            "filename": "/home/kaixuan/sast_study/solidity/smartbugs/samples/poc_shift/source_code_vuln/burn_sync/HCT_exp/CoinToken.sol",
            "impact": "Informational",
            "line": 820,
            "message": "Variable CoinToken._getValues(uint256).rTransferAmount (../..CoinToken.sol#820) is too similar to CoinToken._transferFromExcluded(address,address,uint256).tTransferAmount (../..CoinToken.sol#772)\n",
            "name": "similar-names"
        },
        {
            "confidence": "Medium",
            "filename": "/home/kaixuan/sast_study/solidity/smartbugs/samples/poc_shift/source_code_vuln/burn_sync/HCT_exp/CoinToken.sol",
            "impact": "Informational",
            "line": 798,
            "message": "Variable CoinToken._bothTransferContent(address,address,uint256,uint256,uint256,uint256).rTransferAmount (../..CoinToken.sol#798) is too similar to CoinToken._transferBothExcluded(address,address,uint256).tTransferAmount (../..CoinToken.sol#789)\n",
            "name": "similar-names"
        },
        {
            "confidence": "Medium",
            "filename": "/home/kaixuan/sast_study/solidity/smartbugs/samples/poc_shift/source_code_vuln/burn_sync/HCT_exp/CoinToken.sol",
            "impact": "Informational",
            "line": 763,
            "message": "Variable CoinToken._excludedFromTransferContent(address,address,uint256,uint256,uint256).rTransferAmount (../..CoinToken.sol#763) is too similar to CoinToken._transferFromExcluded(address,address,uint256).tTransferAmount (../..CoinToken.sol#772)\n",
            "name": "similar-names"
        },
        {
            "confidence": "Medium",
            "filename": "/home/kaixuan/sast_study/solidity/smartbugs/samples/poc_shift/source_code_vuln/burn_sync/HCT_exp/CoinToken.sol",
            "impact": "Informational",
            "line": 451,
            "message": "Variable Pausable.FeeAddress1 (../..CoinToken.sol#451) is too similar to Pausable.FeeAddress2 (../..CoinToken.sol#452)\n",
            "name": "similar-names"
        },
        {
            "confidence": "Medium",
            "filename": "/home/kaixuan/sast_study/solidity/smartbugs/samples/poc_shift/source_code_vuln/burn_sync/HCT_exp/CoinToken.sol",
            "impact": "Informational",
            "line": 820,
            "message": "Variable CoinToken._getValues(uint256).rTransferAmount (../..CoinToken.sol#820) is too similar to CoinToken._getValues(uint256).tTransferAmount (../..CoinToken.sol#817)\n",
            "name": "similar-names"
        },
        {
            "confidence": "Medium",
            "filename": "/home/kaixuan/sast_study/solidity/smartbugs/samples/poc_shift/source_code_vuln/burn_sync/HCT_exp/CoinToken.sol",
            "impact": "Informational",
            "line": 452,
            "message": "Variable Pausable.FeeAddress2 (../..CoinToken.sol#452) is too similar to Pausable.FeeAddress4 (../..CoinToken.sol#454)\n",
            "name": "similar-names"
        },
        {
            "confidence": "Medium",
            "filename": "/home/kaixuan/sast_study/solidity/smartbugs/samples/poc_shift/source_code_vuln/burn_sync/HCT_exp/CoinToken.sol",
            "impact": "Informational",
            "line": 789,
            "message": "Variable CoinToken._transferBothExcluded(address,address,uint256).rTransferAmount (../..CoinToken.sol#789) is too similar to CoinToken._excludedFromTransferContent(address,address,uint256,uint256,uint256).tTransferAmount (../..CoinToken.sol#763)\n",
            "name": "similar-names"
        },
        {
            "confidence": "Medium",
            "filename": "/home/kaixuan/sast_study/solidity/smartbugs/samples/poc_shift/source_code_vuln/burn_sync/HCT_exp/CoinToken.sol",
            "impact": "Informational",
            "line": 781,
            "message": "Variable CoinToken._excludedToTransferContent(address,address,uint256,uint256,uint256).rTransferAmount (../..CoinToken.sol#781) is too similar to CoinToken._transferFromExcluded(address,address,uint256).tTransferAmount (../..CoinToken.sol#772)\n",
            "name": "similar-names"
        },
        {
            "confidence": "Medium",
            "filename": "/home/kaixuan/sast_study/solidity/smartbugs/samples/poc_shift/source_code_vuln/burn_sync/HCT_exp/CoinToken.sol",
            "impact": "Informational",
            "line": 747,
            "message": "Variable CoinToken._standardTransferContent(address,address,uint256,uint256).rTransferAmount (../..CoinToken.sol#747) is too similar to CoinToken._getValues(uint256).tTransferAmount (../..CoinToken.sol#817)\n",
            "name": "similar-names"
        },
        {
            "confidence": "Medium",
            "filename": "/home/kaixuan/sast_study/solidity/smartbugs/samples/poc_shift/source_code_vuln/burn_sync/HCT_exp/CoinToken.sol",
            "impact": "Informational",
            "line": 629,
            "message": "Variable CoinToken.reflectionFromToken(uint256,bool).rTransferAmount (../..CoinToken.sol#629) is too similar to CoinToken._transferFromExcluded(address,address,uint256).tTransferAmount (../..CoinToken.sol#772)\n",
            "name": "similar-names"
        },
        {
            "confidence": "Medium",
            "filename": "/home/kaixuan/sast_study/solidity/smartbugs/samples/poc_shift/source_code_vuln/burn_sync/HCT_exp/CoinToken.sol",
            "impact": "Informational",
            "line": 798,
            "message": "Variable CoinToken._bothTransferContent(address,address,uint256,uint256,uint256,uint256).rTransferAmount (../..CoinToken.sol#798) is too similar to CoinToken._transferFromExcluded(address,address,uint256).tTransferAmount (../..CoinToken.sol#772)\n",
            "name": "similar-names"
        },
        {
            "confidence": "Medium",
            "filename": "/home/kaixuan/sast_study/solidity/smartbugs/samples/poc_shift/source_code_vuln/burn_sync/HCT_exp/CoinToken.sol",
            "impact": "Informational",
            "line": 452,
            "message": "Variable Pausable.FeeAddress2 (../..CoinToken.sol#452) is too similar to Pausable.FeeAddress3 (../..CoinToken.sol#453)\n",
            "name": "similar-names"
        },
        {
            "confidence": "Medium",
            "filename": "/home/kaixuan/sast_study/solidity/smartbugs/samples/poc_shift/source_code_vuln/burn_sync/HCT_exp/CoinToken.sol",
            "impact": "Informational",
            "line": 820,
            "message": "Variable CoinToken._getValues(uint256).rTransferAmount (../..CoinToken.sol#820) is too similar to CoinToken._bothTransferContent(address,address,uint256,uint256,uint256,uint256).tTransferAmount (../..CoinToken.sol#798)\n",
            "name": "similar-names"
        },
        {
            "confidence": "Medium",
            "filename": "/home/kaixuan/sast_study/solidity/smartbugs/samples/poc_shift/source_code_vuln/burn_sync/HCT_exp/CoinToken.sol",
            "impact": "Informational",
            "line": 763,
            "message": "Variable CoinToken._excludedFromTransferContent(address,address,uint256,uint256,uint256).rTransferAmount (../..CoinToken.sol#763) is too similar to CoinToken._transferToExcluded(address,address,uint256).tTransferAmount (../..CoinToken.sol#754)\n",
            "name": "similar-names"
        },
        {
            "confidence": "Medium",
            "filename": "/home/kaixuan/sast_study/solidity/smartbugs/samples/poc_shift/source_code_vuln/burn_sync/HCT_exp/CoinToken.sol",
            "impact": "Informational",
            "line": 754,
            "message": "Variable CoinToken._transferToExcluded(address,address,uint256).rTransferAmount (../..CoinToken.sol#754) is too similar to CoinToken._transferBothExcluded(address,address,uint256).tTransferAmount (../..CoinToken.sol#789)\n",
            "name": "similar-names"
        },
        {
            "confidence": "Medium",
            "filename": "/home/kaixuan/sast_study/solidity/smartbugs/samples/poc_shift/source_code_vuln/burn_sync/HCT_exp/CoinToken.sol",
            "impact": "Informational",
            "line": 629,
            "message": "Variable CoinToken.reflectionFromToken(uint256,bool).rTransferAmount (../..CoinToken.sol#629) is too similar to CoinToken._excludedFromTransferContent(address,address,uint256,uint256,uint256).tTransferAmount (../..CoinToken.sol#763)\n",
            "name": "similar-names"
        },
        {
            "confidence": "Medium",
            "filename": "/home/kaixuan/sast_study/solidity/smartbugs/samples/poc_shift/source_code_vuln/burn_sync/HCT_exp/CoinToken.sol",
            "impact": "Informational",
            "line": 844,
            "message": "Variable CoinToken._getRTransferAmount(uint256,uint256,uint256,uint256,uint256).rTransferAmount (../..CoinToken.sol#844) is too similar to CoinToken._transferStandard(address,address,uint256).tTransferAmount (../..CoinToken.sol#738)\n",
            "name": "similar-names"
        },
        {
            "confidence": "Medium",
            "filename": "/home/kaixuan/sast_study/solidity/smartbugs/samples/poc_shift/source_code_vuln/burn_sync/HCT_exp/CoinToken.sol",
            "impact": "Informational",
            "line": 798,
            "message": "Variable CoinToken._bothTransferContent(address,address,uint256,uint256,uint256,uint256).rTransferAmount (../..CoinToken.sol#798) is too similar to CoinToken._transferToExcluded(address,address,uint256).tTransferAmount (../..CoinToken.sol#754)\n",
            "name": "similar-names"
        },
        {
            "confidence": "Medium",
            "filename": "/home/kaixuan/sast_study/solidity/smartbugs/samples/poc_shift/source_code_vuln/burn_sync/HCT_exp/CoinToken.sol",
            "impact": "Informational",
            "line": 789,
            "message": "Variable CoinToken._transferBothExcluded(address,address,uint256).rTransferAmount (../..CoinToken.sol#789) is too similar to CoinToken._transferFromExcluded(address,address,uint256).tTransferAmount (../..CoinToken.sol#772)\n",
            "name": "similar-names"
        },
        {
            "confidence": "Medium",
            "filename": "/home/kaixuan/sast_study/solidity/smartbugs/samples/poc_shift/source_code_vuln/burn_sync/HCT_exp/CoinToken.sol",
            "impact": "Informational",
            "line": 629,
            "message": "Variable CoinToken.reflectionFromToken(uint256,bool).rTransferAmount (../..CoinToken.sol#629) is too similar to CoinToken._transferStandard(address,address,uint256).tTransferAmount (../..CoinToken.sol#738)\n",
            "name": "similar-names"
        },
        {
            "confidence": "Medium",
            "filename": "/home/kaixuan/sast_study/solidity/smartbugs/samples/poc_shift/source_code_vuln/burn_sync/HCT_exp/CoinToken.sol",
            "impact": "Informational",
            "line": 747,
            "message": "Variable CoinToken._standardTransferContent(address,address,uint256,uint256).rTransferAmount (../..CoinToken.sol#747) is too similar to CoinToken._transferToExcluded(address,address,uint256).tTransferAmount (../..CoinToken.sol#754)\n",
            "name": "similar-names"
        },
        {
            "confidence": "Medium",
            "filename": "/home/kaixuan/sast_study/solidity/smartbugs/samples/poc_shift/source_code_vuln/burn_sync/HCT_exp/CoinToken.sol",
            "impact": "Informational",
            "line": 772,
            "message": "Variable CoinToken._transferFromExcluded(address,address,uint256).rTransferAmount (../..CoinToken.sol#772) is too similar to CoinToken._bothTransferContent(address,address,uint256,uint256,uint256,uint256).tTransferAmount (../..CoinToken.sol#798)\n",
            "name": "similar-names"
        },
        {
            "confidence": "Medium",
            "filename": "/home/kaixuan/sast_study/solidity/smartbugs/samples/poc_shift/source_code_vuln/burn_sync/HCT_exp/CoinToken.sol",
            "impact": "Informational",
            "line": 754,
            "message": "Variable CoinToken._transferToExcluded(address,address,uint256).rTransferAmount (../..CoinToken.sol#754) is too similar to CoinToken._excludedFromTransferContent(address,address,uint256,uint256,uint256).tTransferAmount (../..CoinToken.sol#763)\n",
            "name": "similar-names"
        },
        {
            "confidence": "Medium",
            "filename": "/home/kaixuan/sast_study/solidity/smartbugs/samples/poc_shift/source_code_vuln/burn_sync/HCT_exp/CoinToken.sol",
            "impact": "Informational",
            "line": 772,
            "message": "Variable CoinToken._transferFromExcluded(address,address,uint256).rTransferAmount (../..CoinToken.sol#772) is too similar to CoinToken._getValues(uint256).tTransferAmount (../..CoinToken.sol#817)\n",
            "name": "similar-names"
        },
        {
            "confidence": "Medium",
            "filename": "/home/kaixuan/sast_study/solidity/smartbugs/samples/poc_shift/source_code_vuln/burn_sync/HCT_exp/CoinToken.sol",
            "impact": "Informational",
            "line": 772,
            "message": "Variable CoinToken._transferFromExcluded(address,address,uint256).rTransferAmount (../..CoinToken.sol#772) is too similar to CoinToken._transferFromExcluded(address,address,uint256).tTransferAmount (../..CoinToken.sol#772)\n",
            "name": "similar-names"
        },
        {
            "confidence": "Medium",
            "filename": "/home/kaixuan/sast_study/solidity/smartbugs/samples/poc_shift/source_code_vuln/burn_sync/HCT_exp/CoinToken.sol",
            "impact": "Informational",
            "line": 798,
            "message": "Variable CoinToken._bothTransferContent(address,address,uint256,uint256,uint256,uint256).rTransferAmount (../..CoinToken.sol#798) is too similar to CoinToken._bothTransferContent(address,address,uint256,uint256,uint256,uint256).tTransferAmount (../..CoinToken.sol#798)\n",
            "name": "similar-names"
        },
        {
            "confidence": "Medium",
            "filename": "/home/kaixuan/sast_study/solidity/smartbugs/samples/poc_shift/source_code_vuln/burn_sync/HCT_exp/CoinToken.sol",
            "impact": "Informational",
            "line": 452,
            "message": "Variable Pausable.FeeAddress2 (../..CoinToken.sol#452) is too similar to CoinToken.constructor(string,string,uint256,uint256,uint256,uint256,uint256,address,address)._FeeAddress (../..CoinToken.sol#516)\n",
            "name": "similar-names"
        },
        {
            "confidence": "Medium",
            "filename": "/home/kaixuan/sast_study/solidity/smartbugs/samples/poc_shift/source_code_vuln/burn_sync/HCT_exp/CoinToken.sol",
            "impact": "Informational",
            "line": 451,
            "message": "Variable Pausable.FeeAddress1 (../..CoinToken.sol#451) is too similar to Pausable.FeeAddress4 (../..CoinToken.sol#454)\n",
            "name": "similar-names"
        },
        {
            "confidence": "Medium",
            "filename": "/home/kaixuan/sast_study/solidity/smartbugs/samples/poc_shift/source_code_vuln/burn_sync/HCT_exp/CoinToken.sol",
            "impact": "Informational",
            "line": 789,
            "message": "Variable CoinToken._transferBothExcluded(address,address,uint256).rTransferAmount (../..CoinToken.sol#789) is too similar to CoinToken._getValues(uint256).tTransferAmount (../..CoinToken.sol#817)\n",
            "name": "similar-names"
        },
        {
            "confidence": "Medium",
            "filename": "/home/kaixuan/sast_study/solidity/smartbugs/samples/poc_shift/source_code_vuln/burn_sync/HCT_exp/CoinToken.sol",
            "impact": "Informational",
            "line": 763,
            "message": "Variable CoinToken._excludedFromTransferContent(address,address,uint256,uint256,uint256).rTransferAmount (../..CoinToken.sol#763) is too similar to CoinToken._transferBothExcluded(address,address,uint256).tTransferAmount (../..CoinToken.sol#789)\n",
            "name": "similar-names"
        },
        {
            "confidence": "Medium",
            "filename": "/home/kaixuan/sast_study/solidity/smartbugs/samples/poc_shift/source_code_vuln/burn_sync/HCT_exp/CoinToken.sol",
            "impact": "Informational",
            "line": 789,
            "message": "Variable CoinToken._transferBothExcluded(address,address,uint256).rTransferAmount (../..CoinToken.sol#789) is too similar to CoinToken._transferToExcluded(address,address,uint256).tTransferAmount (../..CoinToken.sol#754)\n",
            "name": "similar-names"
        },
        {
            "confidence": "Medium",
            "filename": "/home/kaixuan/sast_study/solidity/smartbugs/samples/poc_shift/source_code_vuln/burn_sync/HCT_exp/CoinToken.sol",
            "impact": "Informational",
            "line": 754,
            "message": "Variable CoinToken._transferToExcluded(address,address,uint256).rTransferAmount (../..CoinToken.sol#754) is too similar to CoinToken._transferFromExcluded(address,address,uint256).tTransferAmount (../..CoinToken.sol#772)\n",
            "name": "similar-names"
        },
        {
            "confidence": "Medium",
            "filename": "/home/kaixuan/sast_study/solidity/smartbugs/samples/poc_shift/source_code_vuln/burn_sync/HCT_exp/CoinToken.sol",
            "impact": "Informational",
            "line": 754,
            "message": "Variable CoinToken._transferToExcluded(address,address,uint256).rTransferAmount (../..CoinToken.sol#754) is too similar to CoinToken._transferToExcluded(address,address,uint256).tTransferAmount (../..CoinToken.sol#754)\n",
            "name": "similar-names"
        },
        {
            "confidence": "Medium",
            "filename": "/home/kaixuan/sast_study/solidity/smartbugs/samples/poc_shift/source_code_vuln/burn_sync/HCT_exp/CoinToken.sol",
            "impact": "Informational",
            "line": 789,
            "message": "Variable CoinToken._transferBothExcluded(address,address,uint256).rTransferAmount (../..CoinToken.sol#789) is too similar to CoinToken._transferStandard(address,address,uint256).tTransferAmount (../..CoinToken.sol#738)\n",
            "name": "similar-names"
        },
        {
            "confidence": "Medium",
            "filename": "/home/kaixuan/sast_study/solidity/smartbugs/samples/poc_shift/source_code_vuln/burn_sync/HCT_exp/CoinToken.sol",
            "impact": "Informational",
            "line": 629,
            "message": "Variable CoinToken.reflectionFromToken(uint256,bool).rTransferAmount (../..CoinToken.sol#629) is too similar to CoinToken._bothTransferContent(address,address,uint256,uint256,uint256,uint256).tTransferAmount (../..CoinToken.sol#798)\n",
            "name": "similar-names"
        },
        {
            "confidence": "Medium",
            "filename": "/home/kaixuan/sast_study/solidity/smartbugs/samples/poc_shift/source_code_vuln/burn_sync/HCT_exp/CoinToken.sol",
            "impact": "Informational",
            "line": 798,
            "message": "Variable CoinToken._bothTransferContent(address,address,uint256,uint256,uint256,uint256).rTransferAmount (../..CoinToken.sol#798) is too similar to CoinToken._getValues(uint256).tTransferAmount (../..CoinToken.sol#817)\n",
            "name": "similar-names"
        },
        {
            "confidence": "Medium",
            "filename": "/home/kaixuan/sast_study/solidity/smartbugs/samples/poc_shift/source_code_vuln/burn_sync/HCT_exp/CoinToken.sol",
            "impact": "Informational",
            "line": 781,
            "message": "Variable CoinToken._excludedToTransferContent(address,address,uint256,uint256,uint256).rTransferAmount (../..CoinToken.sol#781) is too similar to CoinToken._getValues(uint256).tTransferAmount (../..CoinToken.sol#817)\n",
            "name": "similar-names"
        },
        {
            "confidence": "Medium",
            "filename": "/home/kaixuan/sast_study/solidity/smartbugs/samples/poc_shift/source_code_vuln/burn_sync/HCT_exp/CoinToken.sol",
            "impact": "Informational",
            "line": 820,
            "message": "Variable CoinToken._getValues(uint256).rTransferAmount (../..CoinToken.sol#820) is too similar to CoinToken._excludedFromTransferContent(address,address,uint256,uint256,uint256).tTransferAmount (../..CoinToken.sol#763)\n",
            "name": "similar-names"
        },
        {
            "confidence": "Medium",
            "filename": "/home/kaixuan/sast_study/solidity/smartbugs/samples/poc_shift/source_code_vuln/burn_sync/HCT_exp/CoinToken.sol",
            "impact": "Informational",
            "line": 781,
            "message": "Variable CoinToken._excludedToTransferContent(address,address,uint256,uint256,uint256).rTransferAmount (../..CoinToken.sol#781) is too similar to CoinToken._transferStandard(address,address,uint256).tTransferAmount (../..CoinToken.sol#738)\n",
            "name": "similar-names"
        },
        {
            "confidence": "Medium",
            "filename": "/home/kaixuan/sast_study/solidity/smartbugs/samples/poc_shift/source_code_vuln/burn_sync/HCT_exp/CoinToken.sol",
            "impact": "Informational",
            "line": 747,
            "message": "Variable CoinToken._standardTransferContent(address,address,uint256,uint256).rTransferAmount (../..CoinToken.sol#747) is too similar to CoinToken._transferBothExcluded(address,address,uint256).tTransferAmount (../..CoinToken.sol#789)\n",
            "name": "similar-names"
        },
        {
            "confidence": "Medium",
            "filename": "/home/kaixuan/sast_study/solidity/smartbugs/samples/poc_shift/source_code_vuln/burn_sync/HCT_exp/CoinToken.sol",
            "impact": "Informational",
            "line": 747,
            "message": "Variable CoinToken._standardTransferContent(address,address,uint256,uint256).rTransferAmount (../..CoinToken.sol#747) is too similar to CoinToken._transferStandard(address,address,uint256).tTransferAmount (../..CoinToken.sol#738)\n",
            "name": "similar-names"
        },
        {
            "confidence": "Medium",
            "filename": "/home/kaixuan/sast_study/solidity/smartbugs/samples/poc_shift/source_code_vuln/burn_sync/HCT_exp/CoinToken.sol",
            "impact": "Informational",
            "line": 754,
            "message": "Variable CoinToken._transferToExcluded(address,address,uint256).rTransferAmount (../..CoinToken.sol#754) is too similar to CoinToken._bothTransferContent(address,address,uint256,uint256,uint256,uint256).tTransferAmount (../..CoinToken.sol#798)\n",
            "name": "similar-names"
        },
        {
            "confidence": "Medium",
            "filename": "/home/kaixuan/sast_study/solidity/smartbugs/samples/poc_shift/source_code_vuln/burn_sync/HCT_exp/CoinToken.sol",
            "impact": "Informational",
            "line": 629,
            "message": "Variable CoinToken.reflectionFromToken(uint256,bool).rTransferAmount (../..CoinToken.sol#629) is too similar to CoinToken._transferBothExcluded(address,address,uint256).tTransferAmount (../..CoinToken.sol#789)\n",
            "name": "similar-names"
        },
        {
            "confidence": "Medium",
            "filename": "/home/kaixuan/sast_study/solidity/smartbugs/samples/poc_shift/source_code_vuln/burn_sync/HCT_exp/CoinToken.sol",
            "impact": "Informational",
            "line": 844,
            "message": "Variable CoinToken._getRTransferAmount(uint256,uint256,uint256,uint256,uint256).rTransferAmount (../..CoinToken.sol#844) is too similar to CoinToken._bothTransferContent(address,address,uint256,uint256,uint256,uint256).tTransferAmount (../..CoinToken.sol#798)\n",
            "name": "similar-names"
        },
        {
            "confidence": "Medium",
            "filename": "/home/kaixuan/sast_study/solidity/smartbugs/samples/poc_shift/source_code_vuln/burn_sync/HCT_exp/CoinToken.sol",
            "impact": "Informational",
            "line": 772,
            "message": "Variable CoinToken._transferFromExcluded(address,address,uint256).rTransferAmount (../..CoinToken.sol#772) is too similar to CoinToken._transferToExcluded(address,address,uint256).tTransferAmount (../..CoinToken.sol#754)\n",
            "name": "similar-names"
        },
        {
            "confidence": "Medium",
            "filename": "/home/kaixuan/sast_study/solidity/smartbugs/samples/poc_shift/source_code_vuln/burn_sync/HCT_exp/CoinToken.sol",
            "impact": "Informational",
            "line": 772,
            "message": "Variable CoinToken._transferFromExcluded(address,address,uint256).rTransferAmount (../..CoinToken.sol#772) is too similar to CoinToken._transferStandard(address,address,uint256).tTransferAmount (../..CoinToken.sol#738)\n",
            "name": "similar-names"
        },
        {
            "confidence": "Medium",
            "filename": "/home/kaixuan/sast_study/solidity/smartbugs/samples/poc_shift/source_code_vuln/burn_sync/HCT_exp/CoinToken.sol",
            "impact": "Informational",
            "line": 453,
            "message": "Variable Pausable.FeeAddress3 (../..CoinToken.sol#453) is too similar to Pausable.FeeAddress4 (../..CoinToken.sol#454)\n",
            "name": "similar-names"
        },
        {
            "confidence": "Medium",
            "filename": "/home/kaixuan/sast_study/solidity/smartbugs/samples/poc_shift/source_code_vuln/burn_sync/HCT_exp/CoinToken.sol",
            "impact": "Informational",
            "line": 798,
            "message": "Variable CoinToken._bothTransferContent(address,address,uint256,uint256,uint256,uint256).rTransferAmount (../..CoinToken.sol#798) is too similar to CoinToken._excludedFromTransferContent(address,address,uint256,uint256,uint256).tTransferAmount (../..CoinToken.sol#763)\n",
            "name": "similar-names"
        },
        {
            "confidence": "Medium",
            "filename": "/home/kaixuan/sast_study/solidity/smartbugs/samples/poc_shift/source_code_vuln/burn_sync/HCT_exp/CoinToken.sol",
            "impact": "Informational",
            "line": 781,
            "message": "Variable CoinToken._excludedToTransferContent(address,address,uint256,uint256,uint256).rTransferAmount (../..CoinToken.sol#781) is too similar to CoinToken._transferToExcluded(address,address,uint256).tTransferAmount (../..CoinToken.sol#754)\n",
            "name": "similar-names"
        },
        {
            "confidence": "Medium",
            "filename": "/home/kaixuan/sast_study/solidity/smartbugs/samples/poc_shift/source_code_vuln/burn_sync/HCT_exp/CoinToken.sol",
            "impact": "Informational",
            "line": 451,
            "message": "Variable Pausable.FeeAddress1 (../..CoinToken.sol#451) is too similar to Pausable.FeeAddress3 (../..CoinToken.sol#453)\n",
            "name": "similar-names"
        },
        {
            "confidence": "Medium",
            "filename": "/home/kaixuan/sast_study/solidity/smartbugs/samples/poc_shift/source_code_vuln/burn_sync/HCT_exp/CoinToken.sol",
            "impact": "Informational",
            "line": 844,
            "message": "Variable CoinToken._getRTransferAmount(uint256,uint256,uint256,uint256,uint256).rTransferAmount (../..CoinToken.sol#844) is too similar to CoinToken._excludedFromTransferContent(address,address,uint256,uint256,uint256).tTransferAmount (../..CoinToken.sol#763)\n",
            "name": "similar-names"
        },
        {
            "confidence": "Medium",
            "filename": "/home/kaixuan/sast_study/solidity/smartbugs/samples/poc_shift/source_code_vuln/burn_sync/HCT_exp/CoinToken.sol",
            "impact": "Informational",
            "line": 763,
            "message": "Variable CoinToken._excludedFromTransferContent(address,address,uint256,uint256,uint256).rTransferAmount (../..CoinToken.sol#763) is too similar to CoinToken._bothTransferContent(address,address,uint256,uint256,uint256,uint256).tTransferAmount (../..CoinToken.sol#798)\n",
            "name": "similar-names"
        },
        {
            "confidence": "High",
            "filename": "/home/kaixuan/sast_study/solidity/smartbugs/samples/poc_shift/source_code_vuln/burn_sync/HCT_exp/CoinToken.sol",
            "impact": "Optimization",
            "line": 856,
            "message": "Loop condition i < _excluded.length (../..CoinToken.sol#856) should use cached array length instead of referencing `length` member of the storage array.\n ",
            "name": "cache-array-length"
        },
        {
            "confidence": "High",
            "filename": "/home/kaixuan/sast_study/solidity/smartbugs/samples/poc_shift/source_code_vuln/burn_sync/HCT_exp/CoinToken.sol",
            "impact": "Optimization",
            "line": 451,
            "message": "Pausable.FeeAddress1 (../..CoinToken.sol#451) should be constant \n",
            "name": "constable-states"
        },
        {
            "confidence": "High",
            "filename": "/home/kaixuan/sast_study/solidity/smartbugs/samples/poc_shift/source_code_vuln/burn_sync/HCT_exp/CoinToken.sol",
            "impact": "Optimization",
            "line": 454,
            "message": "Pausable.FeeAddress4 (../..CoinToken.sol#454) should be constant \n",
            "name": "constable-states"
        },
        {
            "confidence": "High",
            "filename": "/home/kaixuan/sast_study/solidity/smartbugs/samples/poc_shift/source_code_vuln/burn_sync/HCT_exp/CoinToken.sol",
            "impact": "Optimization",
            "line": 452,
            "message": "Pausable.FeeAddress2 (../..CoinToken.sol#452) should be constant \n",
            "name": "constable-states"
        },
        {
            "confidence": "High",
            "filename": "/home/kaixuan/sast_study/solidity/smartbugs/samples/poc_shift/source_code_vuln/burn_sync/HCT_exp/CoinToken.sol",
            "impact": "Optimization",
            "line": 453,
            "message": "Pausable.FeeAddress3 (../..CoinToken.sol#453) should be constant \n",
            "name": "constable-states"
        },
        {
            "confidence": "High",
            "filename": "/home/kaixuan/sast_study/solidity/smartbugs/samples/poc_shift/source_code_vuln/burn_sync/HCT_exp/CoinToken.sol",
            "impact": "Optimization",
            "line": 498,
            "message": "CoinToken._GRANULARITY (../..CoinToken.sol#498) should be constant \n",
            "name": "constable-states"
        },
        {
            "confidence": "High",
            "filename": "/home/kaixuan/sast_study/solidity/smartbugs/samples/poc_shift/source_code_vuln/burn_sync/HCT_exp/CoinToken.sol",
            "impact": "Optimization",
            "line": 496,
            "message": "CoinToken._MAX (../..CoinToken.sol#496) should be constant \n",
            "name": "constable-states"
        },
        {
            "confidence": "High",
            "filename": "/home/kaixuan/sast_study/solidity/smartbugs/samples/poc_shift/source_code_vuln/burn_sync/HCT_exp/CoinToken.sol",
            "impact": "Optimization",
            "line": 497,
            "message": "CoinToken._DECIMALFACTOR (../..CoinToken.sol#497) should be immutable \n",
            "name": "immutable-states"
        },
        {
            "confidence": "High",
            "filename": "/home/kaixuan/sast_study/solidity/smartbugs/samples/poc_shift/source_code_vuln/burn_sync/HCT_exp/CoinToken.sol",
            "impact": "Optimization",
            "line": 493,
            "message": "CoinToken._DECIMALS (../..CoinToken.sol#493) should be immutable \n",
            "name": "immutable-states"
        }
    ],
    "infos": [],
    "parser": {
        "id": "slither",
        "mode": "solidity",
        "version": "2022/11/14"
    }
}
