{
    "errors": [
        "EXIT_CODE_1"
    ],
    "fails": [],
    "findings": [
        {
            "column": 1,
            "filename": "/home/kaixuan/sast_study/solidity/smartbugs/samples/poc_shift/source_code_vuln/inconsistent value in balance calculation/NowSwap_exp/NimbusPair.sol",
            "level": "error",
            "line": 1,
            "message": "Compiler version =0.8.0 does not satisfy the ^0.5.8 semver requirement",
            "name": "compiler-version"
        },
        {
            "column": 5,
            "filename": "/home/kaixuan/sast_study/solidity/smartbugs/samples/poc_shift/source_code_vuln/inconsistent value in balance calculation/NowSwap_exp/NimbusPair.sol",
            "level": "warning",
            "line": 35,
            "message": "Function name must be in mixedCase",
            "name": "func-name-mixedcase"
        },
        {
            "column": 5,
            "filename": "/home/kaixuan/sast_study/solidity/smartbugs/samples/poc_shift/source_code_vuln/inconsistent value in balance calculation/NowSwap_exp/NimbusPair.sol",
            "level": "warning",
            "line": 36,
            "message": "Function name must be in mixedCase",
            "name": "func-name-mixedcase"
        },
        {
            "column": 5,
            "filename": "/home/kaixuan/sast_study/solidity/smartbugs/samples/poc_shift/source_code_vuln/inconsistent value in balance calculation/NowSwap_exp/NimbusPair.sol",
            "level": "warning",
            "line": 55,
            "message": "Function name must be in mixedCase",
            "name": "func-name-mixedcase"
        },
        {
            "column": 35,
            "filename": "/home/kaixuan/sast_study/solidity/smartbugs/samples/poc_shift/source_code_vuln/inconsistent value in balance calculation/NowSwap_exp/NimbusPair.sol",
            "level": "error",
            "line": 75,
            "message": "Use double quotes for string literals",
            "name": "quotes"
        },
        {
            "column": 35,
            "filename": "/home/kaixuan/sast_study/solidity/smartbugs/samples/poc_shift/source_code_vuln/inconsistent value in balance calculation/NowSwap_exp/NimbusPair.sol",
            "level": "error",
            "line": 79,
            "message": "Use double quotes for string literals",
            "name": "quotes"
        },
        {
            "column": 49,
            "filename": "/home/kaixuan/sast_study/solidity/smartbugs/samples/poc_shift/source_code_vuln/inconsistent value in balance calculation/NowSwap_exp/NimbusPair.sol",
            "level": "error",
            "line": 83,
            "message": "Use double quotes for string literals",
            "name": "quotes"
        },
        {
            "column": 5,
            "filename": "/home/kaixuan/sast_study/solidity/smartbugs/samples/poc_shift/source_code_vuln/inconsistent value in balance calculation/NowSwap_exp/NimbusPair.sol",
            "level": "warning",
            "line": 90,
            "message": "Constant name must be in capitalized SNAKE_CASE",
            "name": "const-name-snakecase"
        },
        {
            "column": 44,
            "filename": "/home/kaixuan/sast_study/solidity/smartbugs/samples/poc_shift/source_code_vuln/inconsistent value in balance calculation/NowSwap_exp/NimbusPair.sol",
            "level": "error",
            "line": 90,
            "message": "Use double quotes for string literals",
            "name": "quotes"
        },
        {
            "column": 5,
            "filename": "/home/kaixuan/sast_study/solidity/smartbugs/samples/poc_shift/source_code_vuln/inconsistent value in balance calculation/NowSwap_exp/NimbusPair.sol",
            "level": "warning",
            "line": 91,
            "message": "Constant name must be in capitalized SNAKE_CASE",
            "name": "const-name-snakecase"
        },
        {
            "column": 46,
            "filename": "/home/kaixuan/sast_study/solidity/smartbugs/samples/poc_shift/source_code_vuln/inconsistent value in balance calculation/NowSwap_exp/NimbusPair.sol",
            "level": "error",
            "line": 91,
            "message": "Use double quotes for string literals",
            "name": "quotes"
        },
        {
            "column": 5,
            "filename": "/home/kaixuan/sast_study/solidity/smartbugs/samples/poc_shift/source_code_vuln/inconsistent value in balance calculation/NowSwap_exp/NimbusPair.sol",
            "level": "warning",
            "line": 92,
            "message": "Constant name must be in capitalized SNAKE_CASE",
            "name": "const-name-snakecase"
        },
        {
            "column": 5,
            "filename": "/home/kaixuan/sast_study/solidity/smartbugs/samples/poc_shift/source_code_vuln/inconsistent value in balance calculation/NowSwap_exp/NimbusPair.sol",
            "level": "warning",
            "line": 97,
            "message": "Variable name must be in mixedCase",
            "name": "var-name-mixedcase"
        },
        {
            "column": 5,
            "filename": "/home/kaixuan/sast_study/solidity/smartbugs/samples/poc_shift/source_code_vuln/inconsistent value in balance calculation/NowSwap_exp/NimbusPair.sol",
            "level": "warning",
            "line": 102,
            "message": "Explicitly mark visibility in function (Set ignoreConstructors to true if using solidity >=0.7.0)",
            "name": "func-visibility"
        },
        {
            "column": 27,
            "filename": "/home/kaixuan/sast_study/solidity/smartbugs/samples/poc_shift/source_code_vuln/inconsistent value in balance calculation/NowSwap_exp/NimbusPair.sol",
            "level": "error",
            "line": 106,
            "message": "Use double quotes for string literals",
            "name": "quotes"
        },
        {
            "column": 33,
            "filename": "/home/kaixuan/sast_study/solidity/smartbugs/samples/poc_shift/source_code_vuln/inconsistent value in balance calculation/NowSwap_exp/NimbusPair.sol",
            "level": "error",
            "line": 108,
            "message": "Use double quotes for string literals",
            "name": "quotes"
        },
        {
            "column": 29,
            "filename": "/home/kaixuan/sast_study/solidity/smartbugs/samples/poc_shift/source_code_vuln/inconsistent value in balance calculation/NowSwap_exp/NimbusPair.sol",
            "level": "warning",
            "line": 157,
            "message": "Avoid making time-based decisions in your business logic",
            "name": "not-rely-on-time"
        },
        {
            "column": 46,
            "filename": "/home/kaixuan/sast_study/solidity/smartbugs/samples/poc_shift/source_code_vuln/inconsistent value in balance calculation/NowSwap_exp/NimbusPair.sol",
            "level": "error",
            "line": 157,
            "message": "Use double quotes for string literals",
            "name": "quotes"
        },
        {
            "column": 17,
            "filename": "/home/kaixuan/sast_study/solidity/smartbugs/samples/poc_shift/source_code_vuln/inconsistent value in balance calculation/NowSwap_exp/NimbusPair.sol",
            "level": "error",
            "line": 160,
            "message": "Use double quotes for string literals",
            "name": "quotes"
        },
        {
            "column": 78,
            "filename": "/home/kaixuan/sast_study/solidity/smartbugs/samples/poc_shift/source_code_vuln/inconsistent value in balance calculation/NowSwap_exp/NimbusPair.sol",
            "level": "error",
            "line": 166,
            "message": "Use double quotes for string literals",
            "name": "quotes"
        },
        {
            "column": 5,
            "filename": "/home/kaixuan/sast_study/solidity/smartbugs/samples/poc_shift/source_code_vuln/inconsistent value in balance calculation/NowSwap_exp/NimbusPair.sol",
            "level": "warning",
            "line": 192,
            "message": "Explicitly mark visibility of state",
            "name": "state-visibility"
        },
        {
            "column": 5,
            "filename": "/home/kaixuan/sast_study/solidity/smartbugs/samples/poc_shift/source_code_vuln/inconsistent value in balance calculation/NowSwap_exp/NimbusPair.sol",
            "level": "warning",
            "line": 222,
            "message": "Function name must be in mixedCase",
            "name": "func-name-mixedcase"
        },
        {
            "column": 63,
            "filename": "/home/kaixuan/sast_study/solidity/smartbugs/samples/poc_shift/source_code_vuln/inconsistent value in balance calculation/NowSwap_exp/NimbusPair.sol",
            "level": "error",
            "line": 234,
            "message": "Use double quotes for string literals",
            "name": "quotes"
        },
        {
            "column": 32,
            "filename": "/home/kaixuan/sast_study/solidity/smartbugs/samples/poc_shift/source_code_vuln/inconsistent value in balance calculation/NowSwap_exp/NimbusPair.sol",
            "level": "error",
            "line": 250,
            "message": "Use double quotes for string literals",
            "name": "quotes"
        },
        {
            "column": 45,
            "filename": "/home/kaixuan/sast_study/solidity/smartbugs/samples/poc_shift/source_code_vuln/inconsistent value in balance calculation/NowSwap_exp/NimbusPair.sol",
            "level": "warning",
            "line": 263,
            "message": "Avoid to use low level calls.",
            "name": "avoid-low-level-calls"
        },
        {
            "column": 76,
            "filename": "/home/kaixuan/sast_study/solidity/smartbugs/samples/poc_shift/source_code_vuln/inconsistent value in balance calculation/NowSwap_exp/NimbusPair.sol",
            "level": "error",
            "line": 264,
            "message": "Use double quotes for string literals",
            "name": "quotes"
        },
        {
            "column": 5,
            "filename": "/home/kaixuan/sast_study/solidity/smartbugs/samples/poc_shift/source_code_vuln/inconsistent value in balance calculation/NowSwap_exp/NimbusPair.sol",
            "level": "warning",
            "line": 267,
            "message": "Explicitly mark visibility in function (Set ignoreConstructors to true if using solidity >=0.7.0)",
            "name": "func-visibility"
        },
        {
            "column": 40,
            "filename": "/home/kaixuan/sast_study/solidity/smartbugs/samples/poc_shift/source_code_vuln/inconsistent value in balance calculation/NowSwap_exp/NimbusPair.sol",
            "level": "error",
            "line": 273,
            "message": "Use double quotes for string literals",
            "name": "quotes"
        },
        {
            "column": 71,
            "filename": "/home/kaixuan/sast_study/solidity/smartbugs/samples/poc_shift/source_code_vuln/inconsistent value in balance calculation/NowSwap_exp/NimbusPair.sol",
            "level": "error",
            "line": 280,
            "message": "Use double quotes for string literals",
            "name": "quotes"
        },
        {
            "column": 40,
            "filename": "/home/kaixuan/sast_study/solidity/smartbugs/samples/poc_shift/source_code_vuln/inconsistent value in balance calculation/NowSwap_exp/NimbusPair.sol",
            "level": "warning",
            "line": 281,
            "message": "Avoid making time-based decisions in your business logic",
            "name": "not-rely-on-time"
        },
        {
            "column": 9,
            "filename": "/home/kaixuan/sast_study/solidity/smartbugs/samples/poc_shift/source_code_vuln/inconsistent value in balance calculation/NowSwap_exp/NimbusPair.sol",
            "level": "warning",
            "line": 331,
            "message": "Error message for require is too long",
            "name": "reason-string"
        },
        {
            "column": 32,
            "filename": "/home/kaixuan/sast_study/solidity/smartbugs/samples/poc_shift/source_code_vuln/inconsistent value in balance calculation/NowSwap_exp/NimbusPair.sol",
            "level": "error",
            "line": 331,
            "message": "Use double quotes for string literals",
            "name": "quotes"
        },
        {
            "column": 9,
            "filename": "/home/kaixuan/sast_study/solidity/smartbugs/samples/poc_shift/source_code_vuln/inconsistent value in balance calculation/NowSwap_exp/NimbusPair.sol",
            "level": "warning",
            "line": 352,
            "message": "Error message for require is too long",
            "name": "reason-string"
        },
        {
            "column": 45,
            "filename": "/home/kaixuan/sast_study/solidity/smartbugs/samples/poc_shift/source_code_vuln/inconsistent value in balance calculation/NowSwap_exp/NimbusPair.sol",
            "level": "error",
            "line": 352,
            "message": "Use double quotes for string literals",
            "name": "quotes"
        },
        {
            "column": 9,
            "filename": "/home/kaixuan/sast_study/solidity/smartbugs/samples/poc_shift/source_code_vuln/inconsistent value in balance calculation/NowSwap_exp/NimbusPair.sol",
            "level": "warning",
            "line": 366,
            "message": "Error message for require is too long",
            "name": "reason-string"
        },
        {
            "column": 51,
            "filename": "/home/kaixuan/sast_study/solidity/smartbugs/samples/poc_shift/source_code_vuln/inconsistent value in balance calculation/NowSwap_exp/NimbusPair.sol",
            "level": "error",
            "line": 366,
            "message": "Use double quotes for string literals",
            "name": "quotes"
        },
        {
            "column": 67,
            "filename": "/home/kaixuan/sast_study/solidity/smartbugs/samples/poc_shift/source_code_vuln/inconsistent value in balance calculation/NowSwap_exp/NimbusPair.sol",
            "level": "error",
            "line": 368,
            "message": "Use double quotes for string literals",
            "name": "quotes"
        },
        {
            "column": 49,
            "filename": "/home/kaixuan/sast_study/solidity/smartbugs/samples/poc_shift/source_code_vuln/inconsistent value in balance calculation/NowSwap_exp/NimbusPair.sol",
            "level": "error",
            "line": 375,
            "message": "Use double quotes for string literals",
            "name": "quotes"
        },
        {
            "column": 9,
            "filename": "/home/kaixuan/sast_study/solidity/smartbugs/samples/poc_shift/source_code_vuln/inconsistent value in balance calculation/NowSwap_exp/NimbusPair.sol",
            "level": "warning",
            "line": 384,
            "message": "Error message for require is too long",
            "name": "reason-string"
        },
        {
            "column": 49,
            "filename": "/home/kaixuan/sast_study/solidity/smartbugs/samples/poc_shift/source_code_vuln/inconsistent value in balance calculation/NowSwap_exp/NimbusPair.sol",
            "level": "error",
            "line": 384,
            "message": "Use double quotes for string literals",
            "name": "quotes"
        },
        {
            "column": 104,
            "filename": "/home/kaixuan/sast_study/solidity/smartbugs/samples/poc_shift/source_code_vuln/inconsistent value in balance calculation/NowSwap_exp/NimbusPair.sol",
            "level": "error",
            "line": 405,
            "message": "Use double quotes for string literals",
            "name": "quotes"
        }
    ],
    "infos": [],
    "parser": {
        "id": "solhint-3.3.8",
        "mode": "solidity",
        "version": "2023/02/12"
    }
}
