{
    "errors": [
        "EXIT_CODE_1"
    ],
    "fails": [],
    "findings": [
        {
            "column": 1,
            "filename": "/home/kaixuan/sast_study/solidity/smartbugs/samples/poc_shift/source_code_vuln/flawed_stake/HeavensGate_exp/@openzeppelin/contracts/access/Ownable.sol.sol",
            "level": "error",
            "line": 4,
            "message": "Compiler version ^0.8.0 does not satisfy the ^0.5.8 semver requirement",
            "name": "compiler-version"
        },
        {
            "column": 5,
            "filename": "/home/kaixuan/sast_study/solidity/smartbugs/samples/poc_shift/source_code_vuln/flawed_stake/HeavensGate_exp/@openzeppelin/contracts/access/Ownable.sol.sol",
            "level": "warning",
            "line": 28,
            "message": "Explicitly mark visibility in function (Set ignoreConstructors to true if using solidity >=0.7.0)",
            "name": "func-visibility"
        },
        {
            "column": 9,
            "filename": "/home/kaixuan/sast_study/solidity/smartbugs/samples/poc_shift/source_code_vuln/flawed_stake/HeavensGate_exp/@openzeppelin/contracts/access/Ownable.sol.sol",
            "level": "warning",
            "line": 70,
            "message": "Error message for require is too long",
            "name": "reason-string"
        }
    ],
    "infos": [],
    "parser": {
        "id": "solhint-3.3.8",
        "mode": "solidity",
        "version": "2023/02/12"
    }
}
