{
    "errors": [
        "EXIT_CODE_1"
    ],
    "fails": [],
    "findings": [
        {
            "column": 8,
            "filename": "/home/kaixuan/sast_study/solidity/smartbugs/samples/poc_shift/source_code_vuln/inconsistent value in balance calculation/Uranium_exp/home/camille/Project/swap/uranium/swap-core/contracts/UraniumFactory.sol.sol",
            "level": "error",
            "line": 3,
            "message": "Use double quotes for string literals",
            "name": "quotes"
        },
        {
            "column": 8,
            "filename": "/home/kaixuan/sast_study/solidity/smartbugs/samples/poc_shift/source_code_vuln/inconsistent value in balance calculation/Uranium_exp/home/camille/Project/swap/uranium/swap-core/contracts/UraniumFactory.sol.sol",
            "level": "error",
            "line": 4,
            "message": "Use double quotes for string literals",
            "name": "quotes"
        },
        {
            "column": 35,
            "filename": "/home/kaixuan/sast_study/solidity/smartbugs/samples/poc_shift/source_code_vuln/inconsistent value in balance calculation/Uranium_exp/home/camille/Project/swap/uranium/swap-core/contracts/UraniumFactory.sol.sol",
            "level": "error",
            "line": 35,
            "message": "Use double quotes for string literals",
            "name": "quotes"
        },
        {
            "column": 39,
            "filename": "/home/kaixuan/sast_study/solidity/smartbugs/samples/poc_shift/source_code_vuln/inconsistent value in balance calculation/Uranium_exp/home/camille/Project/swap/uranium/swap-core/contracts/UraniumFactory.sol.sol",
            "level": "error",
            "line": 37,
            "message": "Use double quotes for string literals",
            "name": "quotes"
        },
        {
            "column": 56,
            "filename": "/home/kaixuan/sast_study/solidity/smartbugs/samples/poc_shift/source_code_vuln/inconsistent value in balance calculation/Uranium_exp/home/camille/Project/swap/uranium/swap-core/contracts/UraniumFactory.sol.sol",
            "level": "error",
            "line": 38,
            "message": "Use double quotes for string literals",
            "name": "quotes"
        },
        {
            "column": 9,
            "filename": "/home/kaixuan/sast_study/solidity/smartbugs/samples/poc_shift/source_code_vuln/inconsistent value in balance calculation/Uranium_exp/home/camille/Project/swap/uranium/swap-core/contracts/UraniumFactory.sol.sol",
            "level": "warning",
            "line": 41,
            "message": "Avoid to use inline assembly. It is acceptable only in rare cases",
            "name": "no-inline-assembly"
        },
        {
            "column": 44,
            "filename": "/home/kaixuan/sast_study/solidity/smartbugs/samples/poc_shift/source_code_vuln/inconsistent value in balance calculation/Uranium_exp/home/camille/Project/swap/uranium/swap-core/contracts/UraniumFactory.sol.sol",
            "level": "error",
            "line": 52,
            "message": "Use double quotes for string literals",
            "name": "quotes"
        },
        {
            "column": 44,
            "filename": "/home/kaixuan/sast_study/solidity/smartbugs/samples/poc_shift/source_code_vuln/inconsistent value in balance calculation/Uranium_exp/home/camille/Project/swap/uranium/swap-core/contracts/UraniumFactory.sol.sol",
            "level": "error",
            "line": 57,
            "message": "Use double quotes for string literals",
            "name": "quotes"
        }
    ],
    "infos": [],
    "parser": {
        "id": "solhint-3.3.8",
        "mode": "solidity",
        "version": "2023/02/12"
    }
}
