{
    "errors": [
        "EXIT_CODE_255"
    ],
    "fails": [],
    "findings": [
        {
            "confidence": "High",
            "filename": "/home/kaixuan/sast_study/solidity/smartbugs/samples/poc_shift/source_code_vuln/inconsistent value in balance calculation/Uranium_exp/home/camille/Project/swap/uranium/swap-core/contracts/interfaces/IUraniumERC20.sol.sol",
            "impact": "Informational",
            "message": "solc-0.5.17 is not recommended for deployment\n",
            "name": "solc-version"
        },
        {
            "confidence": "High",
            "filename": "/home/kaixuan/sast_study/solidity/smartbugs/samples/poc_shift/source_code_vuln/inconsistent value in balance calculation/Uranium_exp/home/camille/Project/swap/uranium/swap-core/contracts/interfaces/IUraniumERC20.sol.sol",
            "impact": "Informational",
            "line": 1,
            "message": "Pragma version>=0.5.0 (../..IUraniumERC20.sol.sol#1) allows old versions\n",
            "name": "solc-version"
        },
        {
            "confidence": "High",
            "contract": "/sb/IUraniumERC20.sol.sol",
            "filename": "/home/kaixuan/sast_study/solidity/smartbugs/samples/poc_shift/source_code_vuln/inconsistent value in balance calculation/Uranium_exp/home/camille/Project/swap/uranium/swap-core/contracts/interfaces/IUraniumERC20.sol.sol",
            "function": "PERMIT_TYPEHASH",
            "impact": "Informational",
            "line": 19,
            "message": "Function IUraniumERC20.PERMIT_TYPEHASH() (../..IUraniumERC20.sol.sol#19) is not in mixedCase\n",
            "name": "naming-convention"
        },
        {
            "confidence": "High",
            "contract": "/sb/IUraniumERC20.sol.sol",
            "filename": "/home/kaixuan/sast_study/solidity/smartbugs/samples/poc_shift/source_code_vuln/inconsistent value in balance calculation/Uranium_exp/home/camille/Project/swap/uranium/swap-core/contracts/interfaces/IUraniumERC20.sol.sol",
            "function": "DOMAIN_SEPARATOR",
            "impact": "Informational",
            "line": 18,
            "message": "Function IUraniumERC20.DOMAIN_SEPARATOR() (../..IUraniumERC20.sol.sol#18) is not in mixedCase\n",
            "name": "naming-convention"
        }
    ],
    "infos": [],
    "parser": {
        "id": "slither",
        "mode": "solidity",
        "version": "2022/11/14"
    }
}
