{
    "errors": [],
    "fails": [
        "exception (requests.exceptions.ReadTimeout: HTTPConnectionPool(host='127.0.0.1', port=8550): Read timed out. (read timeout=10))",
        "exception (socket.timeout: timed out)",
        "exception (urllib3.exceptions.ReadTimeoutError: HTTPConnectionPool(host='127.0.0.1', port=8550): Read timed out. (read timeout=10))"
    ],
    "findings": [],
    "infos": [],
    "parser": {
        "id": "maian",
        "mode": "solidity",
        "version": "2022/11/11"
    }
}
