{
    "errors": [
        "EXIT_CODE_255"
    ],
    "fails": [],
    "findings": [
        {
            "confidence": "Medium",
            "contract": "/sb/UQ112x112.sol.sol",
            "filename": "/home/kaixuan/sast_study/solidity/smartbugs/samples/poc_shift/source_code_vuln/inconsistent value in balance calculation/Swapos_exp/contracts/libraries/UQ112x112.sol.sol",
            "function": "encode",
            "impact": "Informational",
            "line": 12,
            "line_end": 14,
            "message": "UQ112x112.encode(uint112) (../..UQ112x112.sol.sol#12-14) is never used and should be removed\n",
            "name": "dead-code"
        },
        {
            "confidence": "Medium",
            "contract": "/sb/UQ112x112.sol.sol",
            "filename": "/home/kaixuan/sast_study/solidity/smartbugs/samples/poc_shift/source_code_vuln/inconsistent value in balance calculation/Swapos_exp/contracts/libraries/UQ112x112.sol.sol",
            "function": "uqdiv",
            "impact": "Informational",
            "line": 17,
            "line_end": 19,
            "message": "UQ112x112.uqdiv(uint224,uint112) (../..UQ112x112.sol.sol#17-19) is never used and should be removed\n",
            "name": "dead-code"
        },
        {
            "confidence": "High",
            "filename": "/home/kaixuan/sast_study/solidity/smartbugs/samples/poc_shift/source_code_vuln/inconsistent value in balance calculation/Swapos_exp/contracts/libraries/UQ112x112.sol.sol",
            "impact": "Informational",
            "line": 1,
            "message": "Pragma version=0.5.16 (../..UQ112x112.sol.sol#1) allows old versions\n",
            "name": "solc-version"
        },
        {
            "confidence": "High",
            "filename": "/home/kaixuan/sast_study/solidity/smartbugs/samples/poc_shift/source_code_vuln/inconsistent value in balance calculation/Swapos_exp/contracts/libraries/UQ112x112.sol.sol",
            "impact": "Informational",
            "message": "solc-0.5.16 is not recommended for deployment\n",
            "name": "solc-version"
        }
    ],
    "infos": [],
    "parser": {
        "id": "slither",
        "mode": "solidity",
        "version": "2022/11/14"
    }
}
