{
    "errors": [
        "EXIT_CODE_255"
    ],
    "fails": [],
    "findings": [
        {
            "confidence": "Medium",
            "contract": "/sb/Context.sol.sol",
            "filename": "/home/kaixuan/sast_study/solidity/smartbugs/samples/poc_shift/source_code_vuln/flawed_stake/HeavensGate_exp/@openzeppelin/contracts/utils/Context.sol.sol",
            "function": "_msgSender",
            "impact": "Informational",
            "line": 17,
            "line_end": 19,
            "message": "Context._msgSender() (../..Context.sol.sol#17-19) is never used and should be removed\n",
            "name": "dead-code"
        },
        {
            "confidence": "Medium",
            "contract": "/sb/Context.sol.sol",
            "filename": "/home/kaixuan/sast_study/solidity/smartbugs/samples/poc_shift/source_code_vuln/flawed_stake/HeavensGate_exp/@openzeppelin/contracts/utils/Context.sol.sol",
            "function": "_msgData",
            "impact": "Informational",
            "line": 21,
            "line_end": 23,
            "message": "Context._msgData() (../..Context.sol.sol#21-23) is never used and should be removed\n",
            "name": "dead-code"
        },
        {
            "confidence": "High",
            "filename": "/home/kaixuan/sast_study/solidity/smartbugs/samples/poc_shift/source_code_vuln/flawed_stake/HeavensGate_exp/@openzeppelin/contracts/utils/Context.sol.sol",
            "impact": "Informational",
            "line": 4,
            "message": "Pragma version^0.8.0 (../..Context.sol.sol#4) allows old versions\n",
            "name": "solc-version"
        },
        {
            "confidence": "High",
            "filename": "/home/kaixuan/sast_study/solidity/smartbugs/samples/poc_shift/source_code_vuln/flawed_stake/HeavensGate_exp/@openzeppelin/contracts/utils/Context.sol.sol",
            "impact": "Informational",
            "message": "solc-0.8.25 is not recommended for deployment\n",
            "name": "solc-version"
        }
    ],
    "infos": [],
    "parser": {
        "id": "slither",
        "mode": "solidity",
        "version": "2022/11/14"
    }
}
