{
    "errors": [
        "EXIT_CODE_1"
    ],
    "fails": [],
    "findings": [
        {
            "column": 35,
            "filename": "/home/kaixuan/sast_study/solidity/smartbugs/samples/poc_shift/source_code_vuln/inconsistent value in balance calculation/Swapos_exp/contracts/libraries/SafeMath.sol.sol",
            "level": "error",
            "line": 7,
            "message": "Use double quotes for string literals",
            "name": "quotes"
        },
        {
            "column": 35,
            "filename": "/home/kaixuan/sast_study/solidity/smartbugs/samples/poc_shift/source_code_vuln/inconsistent value in balance calculation/Swapos_exp/contracts/libraries/SafeMath.sol.sol",
            "level": "error",
            "line": 11,
            "message": "Use double quotes for string literals",
            "name": "quotes"
        },
        {
            "column": 49,
            "filename": "/home/kaixuan/sast_study/solidity/smartbugs/samples/poc_shift/source_code_vuln/inconsistent value in balance calculation/Swapos_exp/contracts/libraries/SafeMath.sol.sol",
            "level": "error",
            "line": 15,
            "message": "Use double quotes for string literals",
            "name": "quotes"
        }
    ],
    "infos": [],
    "parser": {
        "id": "solhint-3.3.8",
        "mode": "solidity",
        "version": "2023/02/12"
    }
}
