{
    "errors": [
        "EXIT_CODE_1"
    ],
    "fails": [],
    "findings": [
        {
            "column": 8,
            "filename": "/home/kaixuan/sast_study/solidity/smartbugs/samples/poc_shift/source_code_vuln/inconsistent value in balance calculation/Swapos_exp/contracts/SwaposV2Pair.sol.sol",
            "level": "error",
            "line": 3,
            "message": "Use double quotes for string literals",
            "name": "quotes"
        },
        {
            "column": 8,
            "filename": "/home/kaixuan/sast_study/solidity/smartbugs/samples/poc_shift/source_code_vuln/inconsistent value in balance calculation/Swapos_exp/contracts/SwaposV2Pair.sol.sol",
            "level": "error",
            "line": 4,
            "message": "Use double quotes for string literals",
            "name": "quotes"
        },
        {
            "column": 8,
            "filename": "/home/kaixuan/sast_study/solidity/smartbugs/samples/poc_shift/source_code_vuln/inconsistent value in balance calculation/Swapos_exp/contracts/SwaposV2Pair.sol.sol",
            "level": "error",
            "line": 5,
            "message": "Use double quotes for string literals",
            "name": "quotes"
        },
        {
            "column": 8,
            "filename": "/home/kaixuan/sast_study/solidity/smartbugs/samples/poc_shift/source_code_vuln/inconsistent value in balance calculation/Swapos_exp/contracts/SwaposV2Pair.sol.sol",
            "level": "error",
            "line": 6,
            "message": "Use double quotes for string literals",
            "name": "quotes"
        },
        {
            "column": 8,
            "filename": "/home/kaixuan/sast_study/solidity/smartbugs/samples/poc_shift/source_code_vuln/inconsistent value in balance calculation/Swapos_exp/contracts/SwaposV2Pair.sol.sol",
            "level": "error",
            "line": 7,
            "message": "Use double quotes for string literals",
            "name": "quotes"
        },
        {
            "column": 8,
            "filename": "/home/kaixuan/sast_study/solidity/smartbugs/samples/poc_shift/source_code_vuln/inconsistent value in balance calculation/Swapos_exp/contracts/SwaposV2Pair.sol.sol",
            "level": "error",
            "line": 8,
            "message": "Use double quotes for string literals",
            "name": "quotes"
        },
        {
            "column": 8,
            "filename": "/home/kaixuan/sast_study/solidity/smartbugs/samples/poc_shift/source_code_vuln/inconsistent value in balance calculation/Swapos_exp/contracts/SwaposV2Pair.sol.sol",
            "level": "error",
            "line": 9,
            "message": "Use double quotes for string literals",
            "name": "quotes"
        },
        {
            "column": 63,
            "filename": "/home/kaixuan/sast_study/solidity/smartbugs/samples/poc_shift/source_code_vuln/inconsistent value in balance calculation/Swapos_exp/contracts/SwaposV2Pair.sol.sol",
            "level": "error",
            "line": 16,
            "message": "Use double quotes for string literals",
            "name": "quotes"
        },
        {
            "column": 32,
            "filename": "/home/kaixuan/sast_study/solidity/smartbugs/samples/poc_shift/source_code_vuln/inconsistent value in balance calculation/Swapos_exp/contracts/SwaposV2Pair.sol.sol",
            "level": "error",
            "line": 32,
            "message": "Use double quotes for string literals",
            "name": "quotes"
        },
        {
            "column": 45,
            "filename": "/home/kaixuan/sast_study/solidity/smartbugs/samples/poc_shift/source_code_vuln/inconsistent value in balance calculation/Swapos_exp/contracts/SwaposV2Pair.sol.sol",
            "level": "warning",
            "line": 45,
            "message": "Avoid to use low level calls.",
            "name": "avoid-low-level-calls"
        },
        {
            "column": 76,
            "filename": "/home/kaixuan/sast_study/solidity/smartbugs/samples/poc_shift/source_code_vuln/inconsistent value in balance calculation/Swapos_exp/contracts/SwaposV2Pair.sol.sol",
            "level": "error",
            "line": 46,
            "message": "Use double quotes for string literals",
            "name": "quotes"
        },
        {
            "column": 40,
            "filename": "/home/kaixuan/sast_study/solidity/smartbugs/samples/poc_shift/source_code_vuln/inconsistent value in balance calculation/Swapos_exp/contracts/SwaposV2Pair.sol.sol",
            "level": "error",
            "line": 67,
            "message": "Use double quotes for string literals",
            "name": "quotes"
        },
        {
            "column": 69,
            "filename": "/home/kaixuan/sast_study/solidity/smartbugs/samples/poc_shift/source_code_vuln/inconsistent value in balance calculation/Swapos_exp/contracts/SwaposV2Pair.sol.sol",
            "level": "error",
            "line": 74,
            "message": "Use double quotes for string literals",
            "name": "quotes"
        },
        {
            "column": 40,
            "filename": "/home/kaixuan/sast_study/solidity/smartbugs/samples/poc_shift/source_code_vuln/inconsistent value in balance calculation/Swapos_exp/contracts/SwaposV2Pair.sol.sol",
            "level": "warning",
            "line": 75,
            "message": "Avoid making time-based decisions in your business logic",
            "name": "not-rely-on-time"
        },
        {
            "column": 9,
            "filename": "/home/kaixuan/sast_study/solidity/smartbugs/samples/poc_shift/source_code_vuln/inconsistent value in balance calculation/Swapos_exp/contracts/SwaposV2Pair.sol.sol",
            "level": "warning",
            "line": 125,
            "message": "Error message for require is too long",
            "name": "reason-string"
        },
        {
            "column": 32,
            "filename": "/home/kaixuan/sast_study/solidity/smartbugs/samples/poc_shift/source_code_vuln/inconsistent value in balance calculation/Swapos_exp/contracts/SwaposV2Pair.sol.sol",
            "level": "error",
            "line": 125,
            "message": "Use double quotes for string literals",
            "name": "quotes"
        },
        {
            "column": 9,
            "filename": "/home/kaixuan/sast_study/solidity/smartbugs/samples/poc_shift/source_code_vuln/inconsistent value in balance calculation/Swapos_exp/contracts/SwaposV2Pair.sol.sol",
            "level": "warning",
            "line": 146,
            "message": "Error message for require is too long",
            "name": "reason-string"
        },
        {
            "column": 45,
            "filename": "/home/kaixuan/sast_study/solidity/smartbugs/samples/poc_shift/source_code_vuln/inconsistent value in balance calculation/Swapos_exp/contracts/SwaposV2Pair.sol.sol",
            "level": "error",
            "line": 146,
            "message": "Use double quotes for string literals",
            "name": "quotes"
        },
        {
            "column": 9,
            "filename": "/home/kaixuan/sast_study/solidity/smartbugs/samples/poc_shift/source_code_vuln/inconsistent value in balance calculation/Swapos_exp/contracts/SwaposV2Pair.sol.sol",
            "level": "warning",
            "line": 160,
            "message": "Error message for require is too long",
            "name": "reason-string"
        },
        {
            "column": 51,
            "filename": "/home/kaixuan/sast_study/solidity/smartbugs/samples/poc_shift/source_code_vuln/inconsistent value in balance calculation/Swapos_exp/contracts/SwaposV2Pair.sol.sol",
            "level": "error",
            "line": 160,
            "message": "Use double quotes for string literals",
            "name": "quotes"
        },
        {
            "column": 67,
            "filename": "/home/kaixuan/sast_study/solidity/smartbugs/samples/poc_shift/source_code_vuln/inconsistent value in balance calculation/Swapos_exp/contracts/SwaposV2Pair.sol.sol",
            "level": "error",
            "line": 162,
            "message": "Use double quotes for string literals",
            "name": "quotes"
        },
        {
            "column": 49,
            "filename": "/home/kaixuan/sast_study/solidity/smartbugs/samples/poc_shift/source_code_vuln/inconsistent value in balance calculation/Swapos_exp/contracts/SwaposV2Pair.sol.sol",
            "level": "error",
            "line": 169,
            "message": "Use double quotes for string literals",
            "name": "quotes"
        },
        {
            "column": 9,
            "filename": "/home/kaixuan/sast_study/solidity/smartbugs/samples/poc_shift/source_code_vuln/inconsistent value in balance calculation/Swapos_exp/contracts/SwaposV2Pair.sol.sol",
            "level": "warning",
            "line": 178,
            "message": "Error message for require is too long",
            "name": "reason-string"
        },
        {
            "column": 49,
            "filename": "/home/kaixuan/sast_study/solidity/smartbugs/samples/poc_shift/source_code_vuln/inconsistent value in balance calculation/Swapos_exp/contracts/SwaposV2Pair.sol.sol",
            "level": "error",
            "line": 178,
            "message": "Use double quotes for string literals",
            "name": "quotes"
        },
        {
            "column": 104,
            "filename": "/home/kaixuan/sast_study/solidity/smartbugs/samples/poc_shift/source_code_vuln/inconsistent value in balance calculation/Swapos_exp/contracts/SwaposV2Pair.sol.sol",
            "level": "error",
            "line": 182,
            "message": "Use double quotes for string literals",
            "name": "quotes"
        }
    ],
    "infos": [],
    "parser": {
        "id": "solhint-3.3.8",
        "mode": "solidity",
        "version": "2023/02/12"
    }
}
