{
    "docker": {
        "command": null,
        "cpu_quota": 20000,
        "detach": true,
        "entrypoint": "'/sb/bin/do_solidity.sh' '/sb/SwaposV2ERC20.sol.sol' '/sb/bin' '0'",
        "image": "smartbugs/maian:solc5.10",
        "mem_limit": "1g",
        "user": 0,
        "volumes": {
            "/tmp/tmp_f0webzx": {
                "bind": "/sb",
                "mode": "rw"
            }
        }
    },
    "filename": "/home/kaixuan/sast_study/solidity/smartbugs/samples/poc_shift/source_code_vuln/inconsistent value in balance calculation/Swapos_exp/contracts/SwaposV2ERC20.sol.sol",
    "platform": {
        "cpu": "Intel(R) Xeon(R) Gold 6248 CPU @ 2.50GHz",
        "python": "3.8.10.final.0 (64 bit)",
        "release": "5.15.0-91-generic",
        "smartbugs": "2.0.8",
        "system": "Linux",
        "version": "#101~20.04.1-Ubuntu SMP Thu Nov 16 14:22:28 UTC 2023"
    },
    "result": {
        "duration": 950.7188234329224,
        "exit_code": 0,
        "logs": "result.log",
        "output": null,
        "start": 1714313889.1209502
    },
    "runid": "20240428_1408",
    "solc": "0.5.16",
    "tool": {
        "bin": "scripts",
        "command": null,
        "cpu_quota": null,
        "entrypoint": "'$BIN/do_solidity.sh' '$FILENAME' '$BIN' '$MAIN'",
        "id": "maian",
        "image": "smartbugs/maian:solc5.10",
        "info": "Maian is a tool for the automated detection of buggy Ethereum smart contracts of type 'prodigal', 'suicidal', and 'greedy'.",
        "mem_limit": null,
        "mode": "solidity",
        "name": "Maian",
        "origin": "https://github.com/smartbugs/MAIAN",
        "output": null,
        "parser": "parser.py",
        "solc": true,
        "version": "#4bab09a"
    }
}
