{
    "errors": [
        "EXIT_CODE_255"
    ],
    "fails": [],
    "findings": [
        {
            "confidence": "High",
            "contract": "/sb/CFC.sol",
            "filename": "/home/kaixuan/sast_study/solidity/smartbugs/samples/poc_shift/source_code_vuln/skim_transfer/CFC_exp/CFC.sol",
            "function": "distributeDividend",
            "impact": "High",
            "line": 858,
            "line_end": 860,
            "message": "CFC.distributeDividend(address,uint256) (../..CFC.sol#858-860) uses arbitrary from in transferFrom: IERC20(_token).transferFrom(address(_tokenDistributor),shareholder,amount) (../..CFC.sol#859)\n",
            "name": "arbitrary-send-erc20"
        },
        {
            "confidence": "Medium",
            "contract": "/sb/CFC.sol",
            "filename": "/home/kaixuan/sast_study/solidity/smartbugs/samples/poc_shift/source_code_vuln/skim_transfer/CFC_exp/CFC.sol",
            "function": "distributeDividend",
            "impact": "High",
            "line": 858,
            "line_end": 860,
            "message": "CFC.distributeDividend(address,uint256) (../..CFC.sol#858-860) ignores return value by IERC20(_token).transferFrom(address(_tokenDistributor),shareholder,amount) (../..CFC.sol#859)\n",
            "name": "unchecked-transfer"
        },
        {
            "confidence": "Medium",
            "contract": "/sb/CFC.sol",
            "filename": "/home/kaixuan/sast_study/solidity/smartbugs/samples/poc_shift/source_code_vuln/skim_transfer/CFC_exp/CFC.sol",
            "function": "withdraw",
            "impact": "High",
            "line": 943,
            "line_end": 945,
            "message": "CFC.withdraw(address,address,uint256) (../..CFC.sol#943-945) ignores return value by IERC20(token).transfer(recipient,amount) (../..CFC.sol#944)\n",
            "name": "unchecked-transfer"
        },
        {
            "confidence": "Medium",
            "contract": "/sb/CFC.sol",
            "filename": "/home/kaixuan/sast_study/solidity/smartbugs/samples/poc_shift/source_code_vuln/skim_transfer/CFC_exp/CFC.sol",
            "function": "process",
            "impact": "Medium",
            "line": 814,
            "line_end": 842,
            "message": "Reentrancy in CFC.process(uint256) (../..CFC.sol#814-842):\n\tExternal calls:\n\t- distributeDividend(shareholders[currentIndex],amount) (../..CFC.sol#836)\n\t\t- IERC20(_token).transferFrom(address(_tokenDistributor),shareholder,amount) (../..CFC.sol#859)\n\tState variables written after the call(s):\n\t- currentIndex = 0 (../..CFC.sol#828)\n\tCFC.currentIndex (../..CFC.sol#491) can be used in cross function reentrancies:\n\t- CFC.process(uint256) (../..CFC.sol#814-842)\n\t- currentIndex ++ (../..CFC.sol#832)\n\tCFC.currentIndex (../..CFC.sol#491) can be used in cross function reentrancies:\n\t- CFC.process(uint256) (../..CFC.sol#814-842)\n\t- currentIndex ++ (../..CFC.sol#839)\n\tCFC.currentIndex (../..CFC.sol#491) can be used in cross function reentrancies:\n\t- CFC.process(uint256) (../..CFC.sol#814-842)\n",
            "name": "reentrancy-no-eth"
        },
        {
            "confidence": "Medium",
            "contract": "/sb/CFC.sol",
            "filename": "/home/kaixuan/sast_study/solidity/smartbugs/samples/poc_shift/source_code_vuln/skim_transfer/CFC_exp/CFC.sol",
            "function": "_transfer",
            "impact": "Medium",
            "line": 697,
            "line_end": 753,
            "message": "Reentrancy in CFC._transfer(address,address,uint256) (../..CFC.sol#697-753):\n\tExternal calls:\n\t- swapTokensForTokens(balanceOf(address(this))) (../..CFC.sol#707)\n\t\t- uniswapV2Router.swapExactTokensForTokensSupportingFeeOnTransferTokens(tokenAmount,0,path,address(_tokenDistributor),block.timestamp) (../..CFC.sol#793-799)\n\t- sync() (../..CFC.sol#718)\n\t\t- IUniswapV2Pair(uniswapV2Pair).sync() (../..CFC.sol#767)\n\t- process(distributorGas) (../..CFC.sol#750)\n\t\t- IERC20(_token).transferFrom(address(_tokenDistributor),shareholder,amount) (../..CFC.sol#859)\n\tState variables written after the call(s):\n\t- _lpDiv = block.timestamp (../..CFC.sol#751)\n\tCFC._lpDiv (../..CFC.sol#496) can be used in cross function reentrancies:\n\t- CFC._lpDiv (../..CFC.sol#496)\n\t- CFC._transfer(address,address,uint256) (../..CFC.sol#697-753)\n",
            "name": "reentrancy-no-eth"
        },
        {
            "confidence": "Medium",
            "contract": "/sb/CFC.sol",
            "filename": "/home/kaixuan/sast_study/solidity/smartbugs/samples/poc_shift/source_code_vuln/skim_transfer/CFC_exp/CFC.sol",
            "function": "_transfer",
            "impact": "Medium",
            "line": 697,
            "line_end": 753,
            "message": "Reentrancy in CFC._transfer(address,address,uint256) (../..CFC.sol#697-753):\n\tExternal calls:\n\t- swapTokensForTokens(balanceOf(address(this))) (../..CFC.sol#707)\n\t\t- uniswapV2Router.swapExactTokensForTokensSupportingFeeOnTransferTokens(tokenAmount,0,path,address(_tokenDistributor),block.timestamp) (../..CFC.sol#793-799)\n\t- sync() (../..CFC.sol#718)\n\t\t- IUniswapV2Pair(uniswapV2Pair).sync() (../..CFC.sol#767)\n\tState variables written after the call(s):\n\t- sync() (../..CFC.sol#718)\n\t\t- _tOwned[uniswapV2Pair] -= sellAmount (../..CFC.sol#761)\n\t\t- _tOwned[mineAdd] += sellAmount.div(2) (../..CFC.sol#762)\n\t\t- _tOwned[address(0xdead)] += sellAmount.div(2) (../..CFC.sol#763)\n\tCFC._tOwned (../..CFC.sol#483) can be used in cross function reentrancies:\n\t- CFC._basicTransfer(address,address,uint256) (../..CFC.sol#851-856)\n\t- CFC._transfer(address,address,uint256) (../..CFC.sol#697-753)\n\t- CFC.balanceOf(address) (../..CFC.sol#581-583)\n\t- CFC.constructor() (../..CFC.sol#519-562)\n\t- CFC.sync() (../..CFC.sol#756-769)\n\t- _basicTransfer(from,address(this),amount.mul(1).div(100)) (../..CFC.sol#720)\n\t\t- _tOwned[sender] = _tOwned[sender].sub(amount,Insufficient Balance) (../..CFC.sol#852)\n\t\t- _tOwned[recipient] = _tOwned[recipient].add(amount) (../..CFC.sol#853)\n\tCFC._tOwned (../..CFC.sol#483) can be used in cross function reentrancies:\n\t- CFC._basicTransfer(address,address,uint256) (../..CFC.sol#851-856)\n\t- CFC._transfer(address,address,uint256) (../..CFC.sol#697-753)\n\t- CFC.balanceOf(address) (../..CFC.sol#581-583)\n\t- CFC.constructor() (../..CFC.sol#519-562)\n\t- CFC.sync() (../..CFC.sol#756-769)\n\t- _basicTransfer(from,mineAdd,amount.mul(1).div(100)) (../..CFC.sol#721)\n\t\t- _tOwned[sender] = _tOwned[sender].sub(amount,Insufficient Balance) (../..CFC.sol#852)\n\t\t- _tOwned[recipient] = _tOwned[recipient].add(amount) (../..CFC.sol#853)\n\tCFC._tOwned (../..CFC.sol#483) can be used in cross function reentrancies:\n\t- CFC._basicTransfer(address,address,uint256) (../..CFC.sol#851-856)\n\t- CFC._transfer(address,address,uint256) (../..CFC.sol#697-753)\n\t- CFC.balanceOf(address) (../..CFC.sol#581-583)\n\t- CFC.constructor() (../..CFC.sol#519-562)\n\t- CFC.sync() (../..CFC.sol#756-769)\n\t- _basicTransfer(from,nodeAdd,amount.mul(1).div(100)) (../..CFC.sol#722)\n\t\t- _tOwned[sender] = _tOwned[sender].sub(amount,Insufficient Balance) (../..CFC.sol#852)\n\t\t- _tOwned[recipient] = _tOwned[recipient].add(amount) (../..CFC.sol#853)\n\tCFC._tOwned (../..CFC.sol#483) can be used in cross function reentrancies:\n\t- CFC._basicTransfer(address,address,uint256) (../..CFC.sol#851-856)\n\t- CFC._transfer(address,address,uint256) (../..CFC.sol#697-753)\n\t- CFC.balanceOf(address) (../..CFC.sol#581-583)\n\t- CFC.constructor() (../..CFC.sol#519-562)\n\t- CFC.sync() (../..CFC.sol#756-769)\n\t- _basicTransfer(from,address(0xdead),_burnAmount) (../..CFC.sol#729)\n\t\t- _tOwned[sender] = _tOwned[sender].sub(amount,Insufficient Balance) (../..CFC.sol#852)\n\t\t- _tOwned[recipient] = _tOwned[recipient].add(amount) (../..CFC.sol#853)\n\tCFC._tOwned (../..CFC.sol#483) can be used in cross function reentrancies:\n\t- CFC._basicTransfer(address,address,uint256) (../..CFC.sol#851-856)\n\t- CFC._transfer(address,address,uint256) (../..CFC.sol#697-753)\n\t- CFC.balanceOf(address) (../..CFC.sol#581-583)\n\t- CFC.constructor() (../..CFC.sol#519-562)\n\t- CFC.sync() (../..CFC.sol#756-769)\n\t- _basicTransfer(from,to,amount) (../..CFC.sol#736)\n\t\t- _tOwned[sender] = _tOwned[sender].sub(amount,Insufficient Balance) (../..CFC.sol#852)\n\t\t- _tOwned[recipient] = _tOwned[recipient].add(amount) (../..CFC.sol#853)\n\tCFC._tOwned (../..CFC.sol#483) can be used in cross function reentrancies:\n\t- CFC._basicTransfer(address,address,uint256) (../..CFC.sol#851-856)\n\t- CFC._transfer(address,address,uint256) (../..CFC.sol#697-753)\n\t- CFC.balanceOf(address) (../..CFC.sol#581-583)\n\t- CFC.constructor() (../..CFC.sol#519-562)\n\t- CFC.sync() (../..CFC.sol#756-769)\n",
            "name": "reentrancy-no-eth"
        },
        {
            "confidence": "Medium",
            "contract": "/sb/CFC.sol",
            "filename": "/home/kaixuan/sast_study/solidity/smartbugs/samples/poc_shift/source_code_vuln/skim_transfer/CFC_exp/CFC.sol",
            "function": "_isRemoveLiquidity",
            "impact": "Medium",
            "line": 926,
            "line_end": 940,
            "message": "CFC._isRemoveLiquidity() (../..CFC.sol#926-940) ignores return value by (r0,r1) = mainPair.getReserves() (../..CFC.sol#928)\n",
            "name": "unused-return"
        },
        {
            "confidence": "Medium",
            "contract": "/sb/CFC.sol",
            "filename": "/home/kaixuan/sast_study/solidity/smartbugs/samples/poc_shift/source_code_vuln/skim_transfer/CFC_exp/CFC.sol",
            "function": "_isAddLiquidity",
            "impact": "Medium",
            "line": 908,
            "line_end": 922,
            "message": "CFC._isAddLiquidity() (../..CFC.sol#908-922) ignores return value by (r0,r1) = mainPair.getReserves() (../..CFC.sol#910)\n",
            "name": "unused-return"
        },
        {
            "confidence": "Medium",
            "contract": "/sb/CFC.sol",
            "filename": "/home/kaixuan/sast_study/solidity/smartbugs/samples/poc_shift/source_code_vuln/skim_transfer/CFC_exp/CFC.sol",
            "function": "constructor",
            "impact": "Medium",
            "line": 519,
            "line_end": 562,
            "message": "CFC.constructor() (../..CFC.sol#519-562) ignores return value by IERC20(_token).approve(address(uniswapV2Router),~ uint256(0)) (../..CFC.sol#555)\n",
            "name": "unused-return"
        },
        {
            "confidence": "Medium",
            "contract": "/sb/CFC.sol",
            "filename": "/home/kaixuan/sast_study/solidity/smartbugs/samples/poc_shift/source_code_vuln/skim_transfer/CFC_exp/CFC.sol",
            "function": "constructor",
            "impact": "Medium",
            "line": 475,
            "line_end": 477,
            "message": "TokenDistributor.constructor(address) (../..CFC.sol#475-477) ignores return value by IERC20(token).approve(msg.sender,uint256(~ uint256(0))) (../..CFC.sol#476)\n",
            "name": "unused-return"
        },
        {
            "confidence": "High",
            "contract": "/sb/CFC.sol",
            "filename": "/home/kaixuan/sast_study/solidity/smartbugs/samples/poc_shift/source_code_vuln/skim_transfer/CFC_exp/CFC.sol",
            "function": "owner",
            "impact": "Low",
            "line": 594,
            "message": "CFC.allowance(address,address).owner (../..CFC.sol#594) shadows:\n\t- Ownable.owner() (../..CFC.sol#106-108) (function)\n",
            "name": "shadowing-local"
        },
        {
            "confidence": "High",
            "contract": "/sb/CFC.sol",
            "filename": "/home/kaixuan/sast_study/solidity/smartbugs/samples/poc_shift/source_code_vuln/skim_transfer/CFC_exp/CFC.sol",
            "function": "owner",
            "impact": "Low",
            "line": 683,
            "message": "CFC._approve(address,address,uint256).owner (../..CFC.sol#683) shadows:\n\t- Ownable.owner() (../..CFC.sol#106-108) (function)\n",
            "name": "shadowing-local"
        },
        {
            "confidence": "Medium",
            "contract": "/sb/CFC.sol",
            "filename": "/home/kaixuan/sast_study/solidity/smartbugs/samples/poc_shift/source_code_vuln/skim_transfer/CFC_exp/CFC.sol",
            "function": "setSwapTokensAtAmount",
            "impact": "Low",
            "line": 776,
            "line_end": 778,
            "message": "CFC.setSwapTokensAtAmount(uint256) (../..CFC.sol#776-778) should emit an event for: \n\t- swapTokensAtAmount = value (../..CFC.sol#777) \n",
            "name": "events-maths"
        },
        {
            "confidence": "Medium",
            "contract": "/sb/CFC.sol",
            "filename": "/home/kaixuan/sast_study/solidity/smartbugs/samples/poc_shift/source_code_vuln/skim_transfer/CFC_exp/CFC.sol",
            "function": "setMinPeriod",
            "impact": "Low",
            "line": 892,
            "line_end": 894,
            "message": "CFC.setMinPeriod(uint256) (../..CFC.sol#892-894) should emit an event for: \n\t- minPeriod = value (../..CFC.sol#893) \n",
            "name": "events-maths"
        },
        {
            "confidence": "Medium",
            "contract": "/sb/CFC.sol",
            "filename": "/home/kaixuan/sast_study/solidity/smartbugs/samples/poc_shift/source_code_vuln/skim_transfer/CFC_exp/CFC.sol",
            "function": "setStartTimeForSwap",
            "impact": "Low",
            "line": 896,
            "line_end": 898,
            "message": "CFC.setStartTimeForSwap(uint256) (../..CFC.sol#896-898) should emit an event for: \n\t- _startTimeForSwap = value (../..CFC.sol#897) \n",
            "name": "events-maths"
        },
        {
            "confidence": "Medium",
            "contract": "/sb/CFC.sol",
            "filename": "/home/kaixuan/sast_study/solidity/smartbugs/samples/poc_shift/source_code_vuln/skim_transfer/CFC_exp/CFC.sol",
            "function": "transferFrom",
            "impact": "Low",
            "line": 612,
            "line_end": 627,
            "message": "Reentrancy in CFC.transferFrom(address,address,uint256) (../..CFC.sol#612-627):\n\tExternal calls:\n\t- _transfer(sender,recipient,amount) (../..CFC.sol#617)\n\t\t- IERC20(_token).transferFrom(address(_tokenDistributor),shareholder,amount) (../..CFC.sol#859)\n\t\t- uniswapV2Router.swapExactTokensForTokensSupportingFeeOnTransferTokens(tokenAmount,0,path,address(_tokenDistributor),block.timestamp) (../..CFC.sol#793-799)\n\t\t- IUniswapV2Pair(uniswapV2Pair).sync() (../..CFC.sol#767)\n\tState variables written after the call(s):\n\t- _approve(sender,msg.sender,_allowances[sender][msg.sender].sub(amount,ERC20: transfer amount exceeds allowance)) (../..CFC.sol#618-625)\n\t\t- _allowances[owner][spender] = amount (../..CFC.sol#690)\n",
            "name": "reentrancy-benign"
        },
        {
            "confidence": "Medium",
            "contract": "/sb/CFC.sol",
            "filename": "/home/kaixuan/sast_study/solidity/smartbugs/samples/poc_shift/source_code_vuln/skim_transfer/CFC_exp/CFC.sol",
            "function": "_transfer",
            "impact": "Low",
            "line": 697,
            "line_end": 753,
            "message": "Reentrancy in CFC._transfer(address,address,uint256) (../..CFC.sol#697-753):\n\tExternal calls:\n\t- swapTokensForTokens(balanceOf(address(this))) (../..CFC.sol#707)\n\t\t- uniswapV2Router.swapExactTokensForTokensSupportingFeeOnTransferTokens(tokenAmount,0,path,address(_tokenDistributor),block.timestamp) (../..CFC.sol#793-799)\n\t- sync() (../..CFC.sol#718)\n\t\t- IUniswapV2Pair(uniswapV2Pair).sync() (../..CFC.sol#767)\n\tState variables written after the call(s):\n\t- setShare(fromAddress) (../..CFC.sol#741)\n\t\t- _updated[shareholder] = false (../..CFC.sol#878)\n\t\t- _updated[shareholder] = true (../..CFC.sol#869)\n\t- setShare(toAddress) (../..CFC.sol#742)\n\t\t- _updated[shareholder] = false (../..CFC.sol#878)\n\t\t- _updated[shareholder] = true (../..CFC.sol#869)\n\t- fromAddress = from (../..CFC.sol#739)\n\t- fromAddress = from (../..CFC.sol#744)\n\t- setShare(fromAddress) (../..CFC.sol#741)\n\t\t- shareholderIndexes[shareholder] = shareholders.length (../..CFC.sol#873)\n\t\t- shareholderIndexes[shareholders[shareholders.length - 1]] = shareholderIndexes[shareholder] (../..CFC.sol#882)\n\t- setShare(toAddress) (../..CFC.sol#742)\n\t\t- shareholderIndexes[shareholder] = shareholders.length (../..CFC.sol#873)\n\t\t- shareholderIndexes[shareholders[shareholders.length - 1]] = shareholderIndexes[shareholder] (../..CFC.sol#882)\n\t- setShare(fromAddress) (../..CFC.sol#741)\n\t\t- shareholders[shareholderIndexes[shareholder]] = shareholders[shareholders.length - 1] (../..CFC.sol#881)\n\t\t- shareholders.push(shareholder) (../..CFC.sol#874)\n\t\t- shareholders.pop() (../..CFC.sol#883)\n\t- setShare(toAddress) (../..CFC.sol#742)\n\t\t- shareholders[shareholderIndexes[shareholder]] = shareholders[shareholders.length - 1] (../..CFC.sol#881)\n\t\t- shareholders.push(shareholder) (../..CFC.sol#874)\n\t\t- shareholders.pop() (../..CFC.sol#883)\n\t- toAddress = to (../..CFC.sol#740)\n\t- toAddress = to (../..CFC.sol#745)\n",
            "name": "reentrancy-benign"
        },
        {
            "confidence": "Medium",
            "contract": "/sb/CFC.sol",
            "filename": "/home/kaixuan/sast_study/solidity/smartbugs/samples/poc_shift/source_code_vuln/skim_transfer/CFC_exp/CFC.sol",
            "function": "_transfer",
            "impact": "Low",
            "line": 697,
            "line_end": 753,
            "message": "Reentrancy in CFC._transfer(address,address,uint256) (../..CFC.sol#697-753):\n\tExternal calls:\n\t- swapTokensForTokens(balanceOf(address(this))) (../..CFC.sol#707)\n\t\t- uniswapV2Router.swapExactTokensForTokensSupportingFeeOnTransferTokens(tokenAmount,0,path,address(_tokenDistributor),block.timestamp) (../..CFC.sol#793-799)\n\tState variables written after the call(s):\n\t- sellAmount = amount.mul(95).div(100) (../..CFC.sol#717)\n",
            "name": "reentrancy-benign"
        },
        {
            "confidence": "Medium",
            "contract": "/sb/CFC.sol",
            "filename": "/home/kaixuan/sast_study/solidity/smartbugs/samples/poc_shift/source_code_vuln/skim_transfer/CFC_exp/CFC.sol",
            "function": "_transfer",
            "impact": "Low",
            "line": 697,
            "line_end": 753,
            "message": "Reentrancy in CFC._transfer(address,address,uint256) (../..CFC.sol#697-753):\n\tExternal calls:\n\t- swapTokensForTokens(balanceOf(address(this))) (../..CFC.sol#707)\n\t\t- uniswapV2Router.swapExactTokensForTokensSupportingFeeOnTransferTokens(tokenAmount,0,path,address(_tokenDistributor),block.timestamp) (../..CFC.sol#793-799)\n\t- sync() (../..CFC.sol#718)\n\t\t- IUniswapV2Pair(uniswapV2Pair).sync() (../..CFC.sol#767)\n\tEvent emitted after the call(s):\n\t- Transfer(sender,recipient,amount) (../..CFC.sol#854)\n\t\t- _basicTransfer(from,mineAdd,amount.mul(1).div(100)) (../..CFC.sol#721)\n\t- Transfer(sender,recipient,amount) (../..CFC.sol#854)\n\t\t- _basicTransfer(from,nodeAdd,amount.mul(1).div(100)) (../..CFC.sol#722)\n\t- Transfer(sender,recipient,amount) (../..CFC.sol#854)\n\t\t- _basicTransfer(from,address(0xdead),_burnAmount) (../..CFC.sol#729)\n\t- Transfer(sender,recipient,amount) (../..CFC.sol#854)\n\t\t- _basicTransfer(from,to,amount) (../..CFC.sol#736)\n\t- Transfer(sender,recipient,amount) (../..CFC.sol#854)\n\t\t- _basicTransfer(from,address(this),amount.mul(1).div(100)) (../..CFC.sol#720)\n\t- Transfer(uniswapV2Pair,mineAdd,sellAmount.div(2)) (../..CFC.sol#764)\n\t\t- sync() (../..CFC.sol#718)\n\t- Transfer(uniswapV2Pair,address(0xdead),sellAmount.div(2)) (../..CFC.sol#765)\n\t\t- sync() (../..CFC.sol#718)\n",
            "name": "reentrancy-events"
        },
        {
            "confidence": "Medium",
            "contract": "/sb/CFC.sol",
            "filename": "/home/kaixuan/sast_study/solidity/smartbugs/samples/poc_shift/source_code_vuln/skim_transfer/CFC_exp/CFC.sol",
            "function": "transferFrom",
            "impact": "Low",
            "line": 612,
            "line_end": 627,
            "message": "Reentrancy in CFC.transferFrom(address,address,uint256) (../..CFC.sol#612-627):\n\tExternal calls:\n\t- _transfer(sender,recipient,amount) (../..CFC.sol#617)\n\t\t- IERC20(_token).transferFrom(address(_tokenDistributor),shareholder,amount) (../..CFC.sol#859)\n\t\t- uniswapV2Router.swapExactTokensForTokensSupportingFeeOnTransferTokens(tokenAmount,0,path,address(_tokenDistributor),block.timestamp) (../..CFC.sol#793-799)\n\t\t- IUniswapV2Pair(uniswapV2Pair).sync() (../..CFC.sol#767)\n\tEvent emitted after the call(s):\n\t- Approval(owner,spender,amount) (../..CFC.sol#691)\n\t\t- _approve(sender,msg.sender,_allowances[sender][msg.sender].sub(amount,ERC20: transfer amount exceeds allowance)) (../..CFC.sol#618-625)\n",
            "name": "reentrancy-events"
        },
        {
            "confidence": "Medium",
            "contract": "/sb/CFC.sol",
            "filename": "/home/kaixuan/sast_study/solidity/smartbugs/samples/poc_shift/source_code_vuln/skim_transfer/CFC_exp/CFC.sol",
            "function": "_transfer",
            "impact": "Low",
            "line": 697,
            "line_end": 753,
            "message": "CFC._transfer(address,address,uint256) (../..CFC.sol#697-753) uses timestamp for comparisons\n\tDangerous comparisons:\n\t- require(bool,string)(block.timestamp > _startTimeForSwap,Not start) (../..CFC.sol#714)\n\t- lpBal >= 1e18 && from != address(this) && _lpDiv.add(minPeriod) <= block.timestamp (../..CFC.sol#749)\n",
            "name": "timestamp"
        },
        {
            "confidence": "High",
            "contract": "/sb/CFC.sol",
            "filename": "/home/kaixuan/sast_study/solidity/smartbugs/samples/poc_shift/source_code_vuln/skim_transfer/CFC_exp/CFC.sol",
            "function": "_transfer",
            "impact": "Informational",
            "line": 697,
            "line_end": 753,
            "message": "CFC._transfer(address,address,uint256) (../..CFC.sol#697-753) has a high cyclomatic complexity (13).\n",
            "name": "cyclomatic-complexity"
        },
        {
            "confidence": "High",
            "filename": "/home/kaixuan/sast_study/solidity/smartbugs/samples/poc_shift/source_code_vuln/skim_transfer/CFC_exp/CFC.sol",
            "impact": "Informational",
            "message": "solc-0.8.25 is not recommended for deployment\n",
            "name": "solc-version"
        },
        {
            "confidence": "High",
            "filename": "/home/kaixuan/sast_study/solidity/smartbugs/samples/poc_shift/source_code_vuln/skim_transfer/CFC_exp/CFC.sol",
            "impact": "Informational",
            "line": 8,
            "message": "Pragma version^0.8.6 (../..CFC.sol#8) allows old versions\n",
            "name": "solc-version"
        },
        {
            "confidence": "High",
            "filename": "/home/kaixuan/sast_study/solidity/smartbugs/samples/poc_shift/source_code_vuln/skim_transfer/CFC_exp/CFC.sol",
            "impact": "Informational",
            "line": 503,
            "message": "Variable CFC._startTimeForSwap (../..CFC.sol#503) is not in mixedCase\n",
            "name": "naming-convention"
        },
        {
            "confidence": "High",
            "filename": "/home/kaixuan/sast_study/solidity/smartbugs/samples/poc_shift/source_code_vuln/skim_transfer/CFC_exp/CFC.sol",
            "impact": "Informational",
            "line": 513,
            "message": "Variable CFC._intervalSecondsForSwap (../..CFC.sol#513) is not in mixedCase\n",
            "name": "naming-convention"
        },
        {
            "confidence": "High",
            "filename": "/home/kaixuan/sast_study/solidity/smartbugs/samples/poc_shift/source_code_vuln/skim_transfer/CFC_exp/CFC.sol",
            "impact": "Informational",
            "line": 809,
            "message": "Parameter CFC.setDividendExempt(address,bool)._value (../..CFC.sol#809) is not in mixedCase\n",
            "name": "naming-convention"
        },
        {
            "confidence": "High",
            "filename": "/home/kaixuan/sast_study/solidity/smartbugs/samples/poc_shift/source_code_vuln/skim_transfer/CFC_exp/CFC.sol",
            "impact": "Informational",
            "line": 509,
            "message": "Variable CFC._tokenDistributor (../..CFC.sol#509) is not in mixedCase\n",
            "name": "naming-convention"
        },
        {
            "confidence": "High",
            "filename": "/home/kaixuan/sast_study/solidity/smartbugs/samples/poc_shift/source_code_vuln/skim_transfer/CFC_exp/CFC.sol",
            "impact": "Informational",
            "line": 804,
            "message": "Parameter CFC.setMinLPDividendToken(uint256)._minLPDividendToken (../..CFC.sol#804) is not in mixedCase\n",
            "name": "naming-convention"
        },
        {
            "confidence": "High",
            "filename": "/home/kaixuan/sast_study/solidity/smartbugs/samples/poc_shift/source_code_vuln/skim_transfer/CFC_exp/CFC.sol",
            "impact": "Informational",
            "line": 489,
            "message": "Variable CFC._symbol (../..CFC.sol#489) is not in mixedCase\n",
            "name": "naming-convention"
        },
        {
            "confidence": "High",
            "filename": "/home/kaixuan/sast_study/solidity/smartbugs/samples/poc_shift/source_code_vuln/skim_transfer/CFC_exp/CFC.sol",
            "impact": "Informational",
            "line": 511,
            "message": "Variable CFC._token (../..CFC.sol#511) is not in mixedCase\n",
            "name": "naming-convention"
        },
        {
            "confidence": "High",
            "filename": "/home/kaixuan/sast_study/solidity/smartbugs/samples/poc_shift/source_code_vuln/skim_transfer/CFC_exp/CFC.sol",
            "impact": "Informational",
            "line": 512,
            "message": "Variable CFC._setGas (../..CFC.sol#512) is not in mixedCase\n",
            "name": "naming-convention"
        },
        {
            "confidence": "High",
            "filename": "/home/kaixuan/sast_study/solidity/smartbugs/samples/poc_shift/source_code_vuln/skim_transfer/CFC_exp/CFC.sol",
            "impact": "Informational",
            "line": 490,
            "message": "Variable CFC._decimals (../..CFC.sol#490) is not in mixedCase\n",
            "name": "naming-convention"
        },
        {
            "confidence": "High",
            "filename": "/home/kaixuan/sast_study/solidity/smartbugs/samples/poc_shift/source_code_vuln/skim_transfer/CFC_exp/CFC.sol",
            "impact": "Informational",
            "line": 488,
            "message": "Variable CFC._name (../..CFC.sol#488) is not in mixedCase\n",
            "name": "naming-convention"
        },
        {
            "confidence": "High",
            "filename": "/home/kaixuan/sast_study/solidity/smartbugs/samples/poc_shift/source_code_vuln/skim_transfer/CFC_exp/CFC.sol",
            "impact": "Informational",
            "line": 496,
            "message": "Variable CFC._lpDiv (../..CFC.sol#496) is not in mixedCase\n",
            "name": "naming-convention"
        },
        {
            "confidence": "High",
            "contract": "/sb/CFC.sol",
            "filename": "/home/kaixuan/sast_study/solidity/smartbugs/samples/poc_shift/source_code_vuln/skim_transfer/CFC_exp/CFC.sol",
            "function": "WETH",
            "impact": "Informational",
            "line": 271,
            "message": "Function IUniswapV2Router01.WETH() (../..CFC.sol#271) is not in mixedCase\n",
            "name": "naming-convention"
        },
        {
            "confidence": "Medium",
            "filename": "/home/kaixuan/sast_study/solidity/smartbugs/samples/poc_shift/source_code_vuln/skim_transfer/CFC_exp/CFC.sol",
            "impact": "Informational",
            "line": 276,
            "message": "Variable IUniswapV2Router01.addLiquidity(address,address,uint256,uint256,uint256,uint256,address,uint256).amountADesired (../..CFC.sol#276) is too similar to IUniswapV2Router01.addLiquidity(address,address,uint256,uint256,uint256,uint256,address,uint256).amountBDesired (../..CFC.sol#277)\n",
            "name": "similar-names"
        },
        {
            "confidence": "Medium",
            "contract": "/sb/CFC.sol",
            "filename": "/home/kaixuan/sast_study/solidity/smartbugs/samples/poc_shift/source_code_vuln/skim_transfer/CFC_exp/CFC.sol",
            "function": "constructor",
            "impact": "Informational",
            "line": 519,
            "line_end": 562,
            "message": "CFC.constructor() (../..CFC.sol#519-562) uses literals with too many digits:\n\t- _setGas = 3000000000 (../..CFC.sol#530)\n",
            "name": "too-many-digits"
        },
        {
            "confidence": "Medium",
            "contract": "/sb/CFC.sol",
            "filename": "/home/kaixuan/sast_study/solidity/smartbugs/samples/poc_shift/source_code_vuln/skim_transfer/CFC_exp/CFC.sol",
            "function": "constructor",
            "impact": "Informational",
            "line": 519,
            "line_end": 562,
            "message": "CFC.constructor() (../..CFC.sol#519-562) uses literals with too many digits:\n\t- _tTotal = 3100000 * (10 ** uint256(_decimals)) (../..CFC.sol#525)\n",
            "name": "too-many-digits"
        },
        {
            "confidence": "Medium",
            "contract": "/sb/CFC.sol",
            "filename": "/home/kaixuan/sast_study/solidity/smartbugs/samples/poc_shift/source_code_vuln/skim_transfer/CFC_exp/CFC.sol",
            "function": "slitherConstructorVariables",
            "impact": "Informational",
            "line": 480,
            "line_end": 952,
            "message": "CFC.slitherConstructorVariables() (../..CFC.sol#480-952) uses literals with too many digits:\n\t- distributorGas = 500000 (../..CFC.sol#493)\n",
            "name": "too-many-digits"
        },
        {
            "confidence": "Medium",
            "contract": "/sb/CFC.sol",
            "filename": "/home/kaixuan/sast_study/solidity/smartbugs/samples/poc_shift/source_code_vuln/skim_transfer/CFC_exp/CFC.sol",
            "function": "setMaxGas",
            "impact": "Informational",
            "line": 900,
            "line_end": 903,
            "message": "CFC.setMaxGas(uint256) (../..CFC.sol#900-903) uses literals with too many digits:\n\t- require(bool,string)(value > 3000000000,already gas min) (../..CFC.sol#901)\n",
            "name": "too-many-digits"
        },
        {
            "confidence": "High",
            "filename": "/home/kaixuan/sast_study/solidity/smartbugs/samples/poc_shift/source_code_vuln/skim_transfer/CFC_exp/CFC.sol",
            "impact": "Optimization",
            "line": 493,
            "message": "CFC.distributorGas (../..CFC.sol#493) should be constant \n",
            "name": "constable-states"
        },
        {
            "confidence": "High",
            "filename": "/home/kaixuan/sast_study/solidity/smartbugs/samples/poc_shift/source_code_vuln/skim_transfer/CFC_exp/CFC.sol",
            "impact": "Optimization",
            "line": 497,
            "message": "CFC.uniswapV2Router (../..CFC.sol#497) should be immutable \n",
            "name": "immutable-states"
        },
        {
            "confidence": "High",
            "filename": "/home/kaixuan/sast_study/solidity/smartbugs/samples/poc_shift/source_code_vuln/skim_transfer/CFC_exp/CFC.sol",
            "impact": "Optimization",
            "line": 490,
            "message": "CFC._decimals (../..CFC.sol#490) should be immutable \n",
            "name": "immutable-states"
        },
        {
            "confidence": "High",
            "filename": "/home/kaixuan/sast_study/solidity/smartbugs/samples/poc_shift/source_code_vuln/skim_transfer/CFC_exp/CFC.sol",
            "impact": "Optimization",
            "line": 492,
            "message": "CFC._tTotal (../..CFC.sol#492) should be immutable \n",
            "name": "immutable-states"
        },
        {
            "confidence": "High",
            "filename": "/home/kaixuan/sast_study/solidity/smartbugs/samples/poc_shift/source_code_vuln/skim_transfer/CFC_exp/CFC.sol",
            "impact": "Optimization",
            "line": 513,
            "message": "CFC._intervalSecondsForSwap (../..CFC.sol#513) should be immutable \n",
            "name": "immutable-states"
        },
        {
            "confidence": "High",
            "filename": "/home/kaixuan/sast_study/solidity/smartbugs/samples/poc_shift/source_code_vuln/skim_transfer/CFC_exp/CFC.sol",
            "impact": "Optimization",
            "line": 509,
            "message": "CFC._tokenDistributor (../..CFC.sol#509) should be immutable \n",
            "name": "immutable-states"
        },
        {
            "confidence": "High",
            "filename": "/home/kaixuan/sast_study/solidity/smartbugs/samples/poc_shift/source_code_vuln/skim_transfer/CFC_exp/CFC.sol",
            "impact": "Optimization",
            "line": 511,
            "message": "CFC._token (../..CFC.sol#511) should be immutable \n",
            "name": "immutable-states"
        },
        {
            "confidence": "High",
            "filename": "/home/kaixuan/sast_study/solidity/smartbugs/samples/poc_shift/source_code_vuln/skim_transfer/CFC_exp/CFC.sol",
            "impact": "Optimization",
            "line": 495,
            "message": "CFC.minSwap (../..CFC.sol#495) should be immutable \n",
            "name": "immutable-states"
        },
        {
            "confidence": "High",
            "filename": "/home/kaixuan/sast_study/solidity/smartbugs/samples/poc_shift/source_code_vuln/skim_transfer/CFC_exp/CFC.sol",
            "impact": "Optimization",
            "line": 498,
            "message": "CFC.uniswapV2Pair (../..CFC.sol#498) should be immutable \n",
            "name": "immutable-states"
        }
    ],
    "infos": [],
    "parser": {
        "id": "slither",
        "mode": "solidity",
        "version": "2022/11/14"
    }
}
