{
    "errors": [
        "EXIT_CODE_255"
    ],
    "fails": [],
    "findings": [
        {
            "confidence": "Medium",
            "contract": "/sb/GAIN.sol",
            "filename": "/home/kaixuan/sast_study/solidity/smartbugs/samples/poc_shift/source_code_vuln/skim_transfer/GAIN_exp/GAIN.sol",
            "function": "_rand",
            "impact": "High",
            "line": 687,
            "line_end": 690,
            "message": "GAIN._rand() (../..GAIN.sol#687-690) uses a weak PRNG: \"uint256(keccak256(bytes)(abi.encodePacked(block.difficulty,tx.origin,block.timestamp))) % 2 (../..GAIN.sol#689)\" \n",
            "name": "weak-prng"
        },
        {
            "confidence": "Medium",
            "contract": "/sb/GAIN.sol",
            "filename": "/home/kaixuan/sast_study/solidity/smartbugs/samples/poc_shift/source_code_vuln/skim_transfer/GAIN_exp/GAIN.sol",
            "function": "_transferFrom",
            "impact": "High",
            "line": 852,
            "line_end": 912,
            "message": "Reentrancy in GAIN._transferFrom(address,address,uint256) (../..GAIN.sol#852-912):\n\tExternal calls:\n\t- _snap() (../..GAIN.sol#880)\n\t\t- pairContract.sync() (../..GAIN.sol#724)\n\t- addLiquidity() (../..GAIN.sol#884)\n\t\t- router.swapExactTokensForETHSupportingFeeOnTransferTokens(amountToSwap,0,path,address(this),block.timestamp) (../..GAIN.sol#954-960)\n\t\t- router.addLiquidityETH{value: amountETHLiquidity}(address(this),amountToLiquify,0,0,autoLiquidityReceiver,block.timestamp) (../..GAIN.sol#965-972)\n\t- swapBack() (../..GAIN.sol#888)\n\t\t- router.swapExactTokensForETHSupportingFeeOnTransferTokens(amountToSwap,0,path,address(this),block.timestamp) (../..GAIN.sol#989-995)\n\t\t- (success) = address(treasuryReceiver).call{gas: 30000,value: amountETHToTreasuryAndGIF.mul(treasuryFee).div(treasuryFee.add(gainosInsuranceFund))}() (../..GAIN.sol#999-1002)\n\t\t- (success,None) = address(gainosInsuranceFundReceiver).call{gas: 30000,value: amountETHToTreasuryAndGIF.mul(gainosInsuranceFund).div(treasuryFee.add(gainosInsuranceFund))}() (../..GAIN.sol#1003-1006)\n\tExternal calls sending eth:\n\t- addLiquidity() (../..GAIN.sol#884)\n\t\t- router.addLiquidityETH{value: amountETHLiquidity}(address(this),amountToLiquify,0,0,autoLiquidityReceiver,block.timestamp) (../..GAIN.sol#965-972)\n\t- swapBack() (../..GAIN.sol#888)\n\t\t- (success) = address(treasuryReceiver).call{gas: 30000,value: amountETHToTreasuryAndGIF.mul(treasuryFee).div(treasuryFee.add(gainosInsuranceFund))}() (../..GAIN.sol#999-1002)\n\t\t- (success,None) = address(gainosInsuranceFundReceiver).call{gas: 30000,value: amountETHToTreasuryAndGIF.mul(gainosInsuranceFund).div(treasuryFee.add(gainosInsuranceFund))}() (../..GAIN.sol#1003-1006)\n\tState variables written after the call(s):\n\t- _children_of_gainos[recipient] = sideA (../..GAIN.sol#902)\n\tGAIN._children_of_gainos (../..GAIN.sol#617) can be used in cross function reentrancies:\n\t- GAIN._children_of_gainos (../..GAIN.sol#617)\n\t- GAIN._transferFrom(address,address,uint256) (../..GAIN.sol#852-912)\n\t- GAIN.balanceOf(address) (../..GAIN.sol#758-768)\n\t- GAIN.getDivineWisdom(address) (../..GAIN.sol#776-796)\n\t- GAIN.getUniversalSalvation(address) (../..GAIN.sol#770-773)\n\t- _children_of_gainos[recipient] = sideB (../..GAIN.sol#905)\n\tGAIN._children_of_gainos (../..GAIN.sol#617) can be used in cross function reentrancies:\n\t- GAIN._children_of_gainos (../..GAIN.sol#617)\n\t- GAIN._transferFrom(address,address,uint256) (../..GAIN.sol#852-912)\n\t- GAIN.balanceOf(address) (../..GAIN.sol#758-768)\n\t- GAIN.getDivineWisdom(address) (../..GAIN.sol#776-796)\n\t- GAIN.getUniversalSalvation(address) (../..GAIN.sol#770-773)\n\t- _gonBalances[sender] = _gonBalances[sender].sub(gonAmount) (../..GAIN.sol#892)\n\tGAIN._gonBalances (../..GAIN.sol#611) can be used in cross function reentrancies:\n\t- GAIN._basicTransfer(address,address,uint256) (../..GAIN.sol#845-850)\n\t- GAIN._transferFrom(address,address,uint256) (../..GAIN.sol#852-912)\n\t- GAIN.addLiquidity() (../..GAIN.sol#938-975)\n\t- GAIN.balanceOf(address) (../..GAIN.sol#758-768)\n\t- GAIN.constructor() (../..GAIN.sol#648-684)\n\t- GAIN.getCirculatingSupply() (../..GAIN.sol#1084-1086)\n\t- GAIN.getDivineWisdom(address) (../..GAIN.sol#776-796)\n\t- GAIN.getLiquidityBacking(uint256) (../..GAIN.sol#1092-1096)\n\t- GAIN.snap(uint256,int256) (../..GAIN.sol#692-729)\n\t- GAIN.swapBack() (../..GAIN.sol#977-1007)\n\t- GAIN.takeFee(address,address,uint256) (../..GAIN.sol#919-936)\n\t- _gonBalances[recipient] = _gonBalances[recipient].add(gonAmountReceived) (../..GAIN.sol#896)\n\tGAIN._gonBalances (../..GAIN.sol#611) can be used in cross function reentrancies:\n\t- GAIN._basicTransfer(address,address,uint256) (../..GAIN.sol#845-850)\n\t- GAIN._transferFrom(address,address,uint256) (../..GAIN.sol#852-912)\n\t- GAIN.addLiquidity() (../..GAIN.sol#938-975)\n\t- GAIN.balanceOf(address) (../..GAIN.sol#758-768)\n\t- GAIN.constructor() (../..GAIN.sol#648-684)\n\t- GAIN.getCirculatingSupply() (../..GAIN.sol#1084-1086)\n\t- GAIN.getDivineWisdom(address) (../..GAIN.sol#776-796)\n\t- GAIN.getLiquidityBacking(uint256) (../..GAIN.sol#1092-1096)\n\t- GAIN.snap(uint256,int256) (../..GAIN.sol#692-729)\n\t- GAIN.swapBack() (../..GAIN.sol#977-1007)\n\t- GAIN.takeFee(address,address,uint256) (../..GAIN.sol#919-936)\n\t- gonAmountReceived = takeFee(sender,recipient,gonAmount) (../..GAIN.sol#894)\n\t\t- _gonBalances[soulGraveyard] = _gonBalances[soulGraveyard].add(gonAmount.div(feeDenominator).mul(soulGraveyardFee)) (../..GAIN.sol#930)\n\t\t- _gonBalances[address(this)] = _gonBalances[address(this)].add(gonAmount.div(feeDenominator).mul(_treasuryFee.add(gainosInsuranceFund))) (../..GAIN.sol#931)\n\t\t- _gonBalances[autoLiquidityReceiver] = _gonBalances[autoLiquidityReceiver].add(gonAmount.div(feeDenominator).mul(liquidityFee)) (../..GAIN.sol#932)\n\tGAIN._gonBalances (../..GAIN.sol#611) can be used in cross function reentrancies:\n\t- GAIN._basicTransfer(address,address,uint256) (../..GAIN.sol#845-850)\n\t- GAIN._transferFrom(address,address,uint256) (../..GAIN.sol#852-912)\n\t- GAIN.addLiquidity() (../..GAIN.sol#938-975)\n\t- GAIN.balanceOf(address) (../..GAIN.sol#758-768)\n\t- GAIN.constructor() (../..GAIN.sol#648-684)\n\t- GAIN.getCirculatingSupply() (../..GAIN.sol#1084-1086)\n\t- GAIN.getDivineWisdom(address) (../..GAIN.sol#776-796)\n\t- GAIN.getLiquidityBacking(uint256) (../..GAIN.sol#1092-1096)\n\t- GAIN.snap(uint256,int256) (../..GAIN.sol#692-729)\n\t- GAIN.swapBack() (../..GAIN.sol#977-1007)\n\t- GAIN.takeFee(address,address,uint256) (../..GAIN.sol#919-936)\n\t- swapBack() (../..GAIN.sol#888)\n\t\t- inSwap = true (../..GAIN.sol#595)\n\t\t- inSwap = false (../..GAIN.sol#597)\n\tGAIN.inSwap (../..GAIN.sol#593) can be used in cross function reentrancies:\n\t- GAIN._snap() (../..GAIN.sol#731-740)\n\t- GAIN._transferFrom(address,address,uint256) (../..GAIN.sol#852-912)\n\t- GAIN.shouldAddLiquidity() (../..GAIN.sol#1014-1016)\n\t- GAIN.shouldSnap() (../..GAIN.sol#1010-1012)\n\t- GAIN.shouldSwapBack() (../..GAIN.sol#1018-1020)\n\t- GAIN.snap(uint256,int256) (../..GAIN.sol#692-729)\n\t- GAIN.swapping() (../..GAIN.sol#594-598)\n",
            "name": "reentrancy-eth"
        },
        {
            "confidence": "High",
            "filename": "/home/kaixuan/sast_study/solidity/smartbugs/samples/poc_shift/source_code_vuln/skim_transfer/GAIN_exp/GAIN.sol",
            "impact": "High",
            "line": 554,
            "message": "GAIN._decimals (../..GAIN.sol#554) shadows:\n\t- ERC20Detailed._decimals (../..GAIN.sol#522)\n",
            "name": "shadowing-state"
        },
        {
            "confidence": "High",
            "filename": "/home/kaixuan/sast_study/solidity/smartbugs/samples/poc_shift/source_code_vuln/skim_transfer/GAIN_exp/GAIN.sol",
            "impact": "High",
            "line": 553,
            "message": "GAIN._symbol (../..GAIN.sol#553) shadows:\n\t- ERC20Detailed._symbol (../..GAIN.sol#521)\n",
            "name": "shadowing-state"
        },
        {
            "confidence": "High",
            "filename": "/home/kaixuan/sast_study/solidity/smartbugs/samples/poc_shift/source_code_vuln/skim_transfer/GAIN_exp/GAIN.sol",
            "impact": "High",
            "line": 552,
            "message": "GAIN._name (../..GAIN.sol#552) shadows:\n\t- ERC20Detailed._name (../..GAIN.sol#520)\n",
            "name": "shadowing-state"
        },
        {
            "confidence": "Medium",
            "contract": "/sb/GAIN.sol",
            "filename": "/home/kaixuan/sast_study/solidity/smartbugs/samples/poc_shift/source_code_vuln/skim_transfer/GAIN_exp/GAIN.sol",
            "function": "takeFee",
            "impact": "Medium",
            "line": 919,
            "line_end": 936,
            "message": "GAIN.takeFee(address,address,uint256) (../..GAIN.sol#919-936) performs a multiplication on the result of a division:\n\t- feeAmount = gonAmount.div(feeDenominator).mul(_totalFee) (../..GAIN.sol#928)\n",
            "name": "divide-before-multiply"
        },
        {
            "confidence": "Medium",
            "contract": "/sb/GAIN.sol",
            "filename": "/home/kaixuan/sast_study/solidity/smartbugs/samples/poc_shift/source_code_vuln/skim_transfer/GAIN_exp/GAIN.sol",
            "function": "takeFee",
            "impact": "Medium",
            "line": 919,
            "line_end": 936,
            "message": "GAIN.takeFee(address,address,uint256) (../..GAIN.sol#919-936) performs a multiplication on the result of a division:\n\t- _gonBalances[soulGraveyard] = _gonBalances[soulGraveyard].add(gonAmount.div(feeDenominator).mul(soulGraveyardFee)) (../..GAIN.sol#930)\n",
            "name": "divide-before-multiply"
        },
        {
            "confidence": "Medium",
            "contract": "/sb/GAIN.sol",
            "filename": "/home/kaixuan/sast_study/solidity/smartbugs/samples/poc_shift/source_code_vuln/skim_transfer/GAIN_exp/GAIN.sol",
            "function": "snap",
            "impact": "Medium",
            "line": 692,
            "line_end": 729,
            "message": "GAIN.snap(uint256,int256) (../..GAIN.sol#692-729) performs a multiplication on the result of a division:\n\t- r_CirculatingSupply = (TOTAL_GONS.sub(_gonBalances[DEAD]).sub(_gonBalances[ZERO])).div(TOTAL_GONS.div(_sideA)) (../..GAIN.sol#712)\n\t- _sideA = _sideA.add(uint256(int256(r_CirculatingSupply.mul(rewardYield).div(rewardYieldDenominator)))) (../..GAIN.sol#713)\n",
            "name": "divide-before-multiply"
        },
        {
            "confidence": "Medium",
            "contract": "/sb/GAIN.sol",
            "filename": "/home/kaixuan/sast_study/solidity/smartbugs/samples/poc_shift/source_code_vuln/skim_transfer/GAIN_exp/GAIN.sol",
            "function": "getLiquidityBacking",
            "impact": "Medium",
            "line": 1092,
            "line_end": 1096,
            "message": "GAIN.getLiquidityBacking(uint256) (../..GAIN.sol#1092-1096) performs a multiplication on the result of a division:\n\t- liquidityBalance = _gonBalances[pair].div(_gonsPerFragment) (../..GAIN.sol#1094)\n\t- accuracy.mul(liquidityBalance.mul(2)).div(getCirculatingSupply()) (../..GAIN.sol#1095)\n",
            "name": "divide-before-multiply"
        },
        {
            "confidence": "Medium",
            "contract": "/sb/GAIN.sol",
            "filename": "/home/kaixuan/sast_study/solidity/smartbugs/samples/poc_shift/source_code_vuln/skim_transfer/GAIN_exp/GAIN.sol",
            "function": "snap",
            "impact": "Medium",
            "line": 692,
            "line_end": 729,
            "message": "GAIN.snap(uint256,int256) (../..GAIN.sol#692-729) performs a multiplication on the result of a division:\n\t- h_CirculatingSupply = (TOTAL_GONS.sub(_gonBalances[DEAD]).sub(_gonBalances[ZERO])).div(TOTAL_GONS.div(_sideB)) (../..GAIN.sol#717)\n\t- _sideB = _sideB.add(uint256(int256(h_CirculatingSupply.mul(rewardYield).div(rewardYieldDenominator)))) (../..GAIN.sol#718)\n",
            "name": "divide-before-multiply"
        },
        {
            "confidence": "Medium",
            "contract": "/sb/GAIN.sol",
            "filename": "/home/kaixuan/sast_study/solidity/smartbugs/samples/poc_shift/source_code_vuln/skim_transfer/GAIN_exp/GAIN.sol",
            "function": "takeFee",
            "impact": "Medium",
            "line": 919,
            "line_end": 936,
            "message": "GAIN.takeFee(address,address,uint256) (../..GAIN.sol#919-936) performs a multiplication on the result of a division:\n\t- _gonBalances[autoLiquidityReceiver] = _gonBalances[autoLiquidityReceiver].add(gonAmount.div(feeDenominator).mul(liquidityFee)) (../..GAIN.sol#932)\n",
            "name": "divide-before-multiply"
        },
        {
            "confidence": "Medium",
            "contract": "/sb/GAIN.sol",
            "filename": "/home/kaixuan/sast_study/solidity/smartbugs/samples/poc_shift/source_code_vuln/skim_transfer/GAIN_exp/GAIN.sol",
            "function": "takeFee",
            "impact": "Medium",
            "line": 919,
            "line_end": 936,
            "message": "GAIN.takeFee(address,address,uint256) (../..GAIN.sol#919-936) performs a multiplication on the result of a division:\n\t- _gonBalances[address(this)] = _gonBalances[address(this)].add(gonAmount.div(feeDenominator).mul(_treasuryFee.add(gainosInsuranceFund))) (../..GAIN.sol#931)\n",
            "name": "divide-before-multiply"
        },
        {
            "confidence": "High",
            "contract": "/sb/GAIN.sol",
            "filename": "/home/kaixuan/sast_study/solidity/smartbugs/samples/poc_shift/source_code_vuln/skim_transfer/GAIN_exp/GAIN.sol",
            "function": "snap",
            "impact": "Medium",
            "line": 692,
            "line_end": 729,
            "message": "GAIN.snap(uint256,int256) (../..GAIN.sol#692-729) uses a dangerous strict equality:\n\t- chosenNumber == 1 (../..GAIN.sol#711)\n",
            "name": "incorrect-equality"
        },
        {
            "confidence": "Medium",
            "contract": "/sb/GAIN.sol",
            "filename": "/home/kaixuan/sast_study/solidity/smartbugs/samples/poc_shift/source_code_vuln/skim_transfer/GAIN_exp/GAIN.sol",
            "function": "addLiquidity",
            "impact": "Medium",
            "line": 938,
            "line_end": 975,
            "message": "GAIN.addLiquidity() (../..GAIN.sol#938-975) ignores return value by router.addLiquidityETH{value: amountETHLiquidity}(address(this),amountToLiquify,0,0,autoLiquidityReceiver,block.timestamp) (../..GAIN.sol#965-972)\n",
            "name": "unused-return"
        },
        {
            "confidence": "High",
            "filename": "/home/kaixuan/sast_study/solidity/smartbugs/samples/poc_shift/source_code_vuln/skim_transfer/GAIN_exp/GAIN.sol",
            "impact": "Medium",
            "line": 999,
            "message": "GAIN.swapBack().success (../..GAIN.sol#999) is written in both\n\t(success) = address(treasuryReceiver).call{gas: 30000,value: amountETHToTreasuryAndGIF.mul(treasuryFee).div(treasuryFee.add(gainosInsuranceFund))}() (../..GAIN.sol#999-1002)\n\t(success,None) = address(gainosInsuranceFundReceiver).call{gas: 30000,value: amountETHToTreasuryAndGIF.mul(gainosInsuranceFund).div(treasuryFee.add(gainosInsuranceFund))}() (../..GAIN.sol#1003-1006)\n",
            "name": "write-after-write"
        },
        {
            "confidence": "Medium",
            "contract": "/sb/GAIN.sol",
            "filename": "/home/kaixuan/sast_study/solidity/smartbugs/samples/poc_shift/source_code_vuln/skim_transfer/GAIN_exp/GAIN.sol",
            "function": "setSnapFrequency",
            "impact": "Low",
            "line": 754,
            "line_end": 756,
            "message": "GAIN.setSnapFrequency(uint256) (../..GAIN.sol#754-756) should emit an event for: \n\t- snapFrequency = _snapFrequency (../..GAIN.sol#755) \n",
            "name": "events-maths"
        },
        {
            "confidence": "Medium",
            "filename": "/home/kaixuan/sast_study/solidity/smartbugs/samples/poc_shift/source_code_vuln/skim_transfer/GAIN_exp/GAIN.sol",
            "impact": "Low",
            "line": 1120,
            "message": "GAIN.setPairAddress(address)._pairAddress (../..GAIN.sol#1120) lacks a zero-check on :\n\t\t- pairAddress = _pairAddress (../..GAIN.sol#1121)\n",
            "name": "missing-zero-check"
        },
        {
            "confidence": "Medium",
            "contract": "/sb/GAIN.sol",
            "filename": "/home/kaixuan/sast_study/solidity/smartbugs/samples/poc_shift/source_code_vuln/skim_transfer/GAIN_exp/GAIN.sol",
            "function": "addLiquidity",
            "impact": "Low",
            "line": 938,
            "line_end": 975,
            "message": "Reentrancy in GAIN.addLiquidity() (../..GAIN.sol#938-975):\n\tExternal calls:\n\t- router.swapExactTokensForETHSupportingFeeOnTransferTokens(amountToSwap,0,path,address(this),block.timestamp) (../..GAIN.sol#954-960)\n\t- router.addLiquidityETH{value: amountETHLiquidity}(address(this),amountToLiquify,0,0,autoLiquidityReceiver,block.timestamp) (../..GAIN.sol#965-972)\n\tExternal calls sending eth:\n\t- router.addLiquidityETH{value: amountETHLiquidity}(address(this),amountToLiquify,0,0,autoLiquidityReceiver,block.timestamp) (../..GAIN.sol#965-972)\n\tState variables written after the call(s):\n\t- _lastAddLiquidityTime = block.timestamp (../..GAIN.sol#974)\n",
            "name": "reentrancy-benign"
        },
        {
            "confidence": "Medium",
            "contract": "/sb/GAIN.sol",
            "filename": "/home/kaixuan/sast_study/solidity/smartbugs/samples/poc_shift/source_code_vuln/skim_transfer/GAIN_exp/GAIN.sol",
            "function": "_transferFrom",
            "impact": "Low",
            "line": 852,
            "line_end": 912,
            "message": "Reentrancy in GAIN._transferFrom(address,address,uint256) (../..GAIN.sol#852-912):\n\tExternal calls:\n\t- _snap() (../..GAIN.sol#880)\n\t\t- pairContract.sync() (../..GAIN.sol#724)\n\t- addLiquidity() (../..GAIN.sol#884)\n\t\t- router.swapExactTokensForETHSupportingFeeOnTransferTokens(amountToSwap,0,path,address(this),block.timestamp) (../..GAIN.sol#954-960)\n\t\t- router.addLiquidityETH{value: amountETHLiquidity}(address(this),amountToLiquify,0,0,autoLiquidityReceiver,block.timestamp) (../..GAIN.sol#965-972)\n\t- swapBack() (../..GAIN.sol#888)\n\t\t- router.swapExactTokensForETHSupportingFeeOnTransferTokens(amountToSwap,0,path,address(this),block.timestamp) (../..GAIN.sol#989-995)\n\t\t- (success) = address(treasuryReceiver).call{gas: 30000,value: amountETHToTreasuryAndGIF.mul(treasuryFee).div(treasuryFee.add(gainosInsuranceFund))}() (../..GAIN.sol#999-1002)\n\t\t- (success,None) = address(gainosInsuranceFundReceiver).call{gas: 30000,value: amountETHToTreasuryAndGIF.mul(gainosInsuranceFund).div(treasuryFee.add(gainosInsuranceFund))}() (../..GAIN.sol#1003-1006)\n\tExternal calls sending eth:\n\t- addLiquidity() (../..GAIN.sol#884)\n\t\t- router.addLiquidityETH{value: amountETHLiquidity}(address(this),amountToLiquify,0,0,autoLiquidityReceiver,block.timestamp) (../..GAIN.sol#965-972)\n\t- swapBack() (../..GAIN.sol#888)\n\t\t- (success) = address(treasuryReceiver).call{gas: 30000,value: amountETHToTreasuryAndGIF.mul(treasuryFee).div(treasuryFee.add(gainosInsuranceFund))}() (../..GAIN.sol#999-1002)\n\t\t- (success,None) = address(gainosInsuranceFundReceiver).call{gas: 30000,value: amountETHToTreasuryAndGIF.mul(gainosInsuranceFund).div(treasuryFee.add(gainosInsuranceFund))}() (../..GAIN.sol#1003-1006)\n\tState variables written after the call(s):\n\t- _rejoice = false (../..GAIN.sol#903)\n\t- _rejoice = true (../..GAIN.sol#906)\n",
            "name": "reentrancy-benign"
        },
        {
            "confidence": "Medium",
            "contract": "/sb/GAIN.sol",
            "filename": "/home/kaixuan/sast_study/solidity/smartbugs/samples/poc_shift/source_code_vuln/skim_transfer/GAIN_exp/GAIN.sol",
            "function": "_snap",
            "impact": "Low",
            "line": 731,
            "line_end": 740,
            "message": "Reentrancy in GAIN._snap() (../..GAIN.sol#731-740):\n\tExternal calls:\n\t- snap(epoch,supplyDelta) (../..GAIN.sol#737)\n\t\t- pairContract.sync() (../..GAIN.sol#724)\n\tState variables written after the call(s):\n\t- nextSnap = epoch + snapFrequency (../..GAIN.sol#738)\n",
            "name": "reentrancy-benign"
        },
        {
            "confidence": "Medium",
            "contract": "/sb/GAIN.sol",
            "filename": "/home/kaixuan/sast_study/solidity/smartbugs/samples/poc_shift/source_code_vuln/skim_transfer/GAIN_exp/GAIN.sol",
            "function": "snap",
            "impact": "Low",
            "line": 692,
            "line_end": 729,
            "message": "Reentrancy in GAIN.snap(uint256,int256) (../..GAIN.sol#692-729):\n\tExternal calls:\n\t- pairContract.sync() (../..GAIN.sol#724)\n\tState variables written after the call(s):\n\t- _lastSnappedTime = epoch (../..GAIN.sol#725)\n\t- snapCounter ++ (../..GAIN.sol#726)\n",
            "name": "reentrancy-benign"
        },
        {
            "confidence": "Medium",
            "contract": "/sb/GAIN.sol",
            "filename": "/home/kaixuan/sast_study/solidity/smartbugs/samples/poc_shift/source_code_vuln/skim_transfer/GAIN_exp/GAIN.sol",
            "function": "snap",
            "impact": "Low",
            "line": 692,
            "line_end": 729,
            "message": "Reentrancy in GAIN.snap(uint256,int256) (../..GAIN.sol#692-729):\n\tExternal calls:\n\t- pairContract.sync() (../..GAIN.sol#724)\n\tEvent emitted after the call(s):\n\t- Snap(getCirculatingSupply(),_sideA,_sideB,snapCounter,lastSideChosen,snapFrequency,_lastSnappedTime) (../..GAIN.sol#728)\n",
            "name": "reentrancy-events"
        },
        {
            "confidence": "Medium",
            "contract": "/sb/GAIN.sol",
            "filename": "/home/kaixuan/sast_study/solidity/smartbugs/samples/poc_shift/source_code_vuln/skim_transfer/GAIN_exp/GAIN.sol",
            "function": "_transferFrom",
            "impact": "Low",
            "line": 852,
            "line_end": 912,
            "message": "Reentrancy in GAIN._transferFrom(address,address,uint256) (../..GAIN.sol#852-912):\n\tExternal calls:\n\t- _snap() (../..GAIN.sol#880)\n\t\t- pairContract.sync() (../..GAIN.sol#724)\n\t- addLiquidity() (../..GAIN.sol#884)\n\t\t- router.swapExactTokensForETHSupportingFeeOnTransferTokens(amountToSwap,0,path,address(this),block.timestamp) (../..GAIN.sol#954-960)\n\t\t- router.addLiquidityETH{value: amountETHLiquidity}(address(this),amountToLiquify,0,0,autoLiquidityReceiver,block.timestamp) (../..GAIN.sol#965-972)\n\t- swapBack() (../..GAIN.sol#888)\n\t\t- router.swapExactTokensForETHSupportingFeeOnTransferTokens(amountToSwap,0,path,address(this),block.timestamp) (../..GAIN.sol#989-995)\n\t\t- (success) = address(treasuryReceiver).call{gas: 30000,value: amountETHToTreasuryAndGIF.mul(treasuryFee).div(treasuryFee.add(gainosInsuranceFund))}() (../..GAIN.sol#999-1002)\n\t\t- (success,None) = address(gainosInsuranceFundReceiver).call{gas: 30000,value: amountETHToTreasuryAndGIF.mul(gainosInsuranceFund).div(treasuryFee.add(gainosInsuranceFund))}() (../..GAIN.sol#1003-1006)\n\tExternal calls sending eth:\n\t- addLiquidity() (../..GAIN.sol#884)\n\t\t- router.addLiquidityETH{value: amountETHLiquidity}(address(this),amountToLiquify,0,0,autoLiquidityReceiver,block.timestamp) (../..GAIN.sol#965-972)\n\t- swapBack() (../..GAIN.sol#888)\n\t\t- (success) = address(treasuryReceiver).call{gas: 30000,value: amountETHToTreasuryAndGIF.mul(treasuryFee).div(treasuryFee.add(gainosInsuranceFund))}() (../..GAIN.sol#999-1002)\n\t\t- (success,None) = address(gainosInsuranceFundReceiver).call{gas: 30000,value: amountETHToTreasuryAndGIF.mul(gainosInsuranceFund).div(treasuryFee.add(gainosInsuranceFund))}() (../..GAIN.sol#1003-1006)\n\tEvent emitted after the call(s):\n\t- Transfer(sender,address(this),feeAmount.div(_gonsPerFragment)) (../..GAIN.sol#934)\n\t\t- gonAmountReceived = takeFee(sender,recipient,gonAmount) (../..GAIN.sol#894)\n\t- Transfer(sender,recipient,gonAmountReceived.div(_gonsPerFragment)) (../..GAIN.sol#910)\n",
            "name": "reentrancy-events"
        },
        {
            "confidence": "Medium",
            "contract": "/sb/GAIN.sol",
            "filename": "/home/kaixuan/sast_study/solidity/smartbugs/samples/poc_shift/source_code_vuln/skim_transfer/GAIN_exp/GAIN.sol",
            "function": "shouldSnap",
            "impact": "Low",
            "line": 1010,
            "line_end": 1012,
            "message": "GAIN.shouldSnap() (../..GAIN.sol#1010-1012) uses timestamp for comparisons\n\tDangerous comparisons:\n\t- _autoSnap && (_totalSupply < MAX_SUPPLY) && msg.sender != pair && ! inSwap && nextSnap < block.timestamp (../..GAIN.sol#1011)\n",
            "name": "timestamp"
        },
        {
            "confidence": "Medium",
            "contract": "/sb/GAIN.sol",
            "filename": "/home/kaixuan/sast_study/solidity/smartbugs/samples/poc_shift/source_code_vuln/skim_transfer/GAIN_exp/GAIN.sol",
            "function": "Gainos_Snaps",
            "impact": "Low",
            "line": 742,
            "line_end": 745,
            "message": "GAIN.Gainos_Snaps() (../..GAIN.sol#742-745) uses timestamp for comparisons\n\tDangerous comparisons:\n\t- require(bool,string)(block.timestamp - _lastSnappedTime > snapFrequency,A snap already occurred recently. Wait for the next snap timeframe) (../..GAIN.sol#743)\n",
            "name": "timestamp"
        },
        {
            "confidence": "Medium",
            "contract": "/sb/GAIN.sol",
            "filename": "/home/kaixuan/sast_study/solidity/smartbugs/samples/poc_shift/source_code_vuln/skim_transfer/GAIN_exp/GAIN.sol",
            "function": "snap",
            "impact": "Low",
            "line": 692,
            "line_end": 729,
            "message": "GAIN.snap(uint256,int256) (../..GAIN.sol#692-729) uses timestamp for comparisons\n\tDangerous comparisons:\n\t- chosenNumber == 1 (../..GAIN.sol#711)\n",
            "name": "timestamp"
        },
        {
            "confidence": "Medium",
            "contract": "/sb/GAIN.sol",
            "filename": "/home/kaixuan/sast_study/solidity/smartbugs/samples/poc_shift/source_code_vuln/skim_transfer/GAIN_exp/GAIN.sol",
            "function": "shouldAddLiquidity",
            "impact": "Low",
            "line": 1014,
            "line_end": 1016,
            "message": "GAIN.shouldAddLiquidity() (../..GAIN.sol#1014-1016) uses timestamp for comparisons\n\tDangerous comparisons:\n\t- _autoAddLiquidity && ! inSwap && msg.sender != pair && block.timestamp >= (_lastAddLiquidityTime + 172800) (../..GAIN.sol#1015)\n",
            "name": "timestamp"
        },
        {
            "confidence": "Medium",
            "contract": "/sb/GAIN.sol",
            "filename": "/home/kaixuan/sast_study/solidity/smartbugs/samples/poc_shift/source_code_vuln/skim_transfer/GAIN_exp/GAIN.sol",
            "function": "_transferFrom",
            "impact": "Low",
            "line": 852,
            "line_end": 912,
            "message": "GAIN._transferFrom(address,address,uint256) (../..GAIN.sol#852-912) uses timestamp for comparisons\n\tDangerous comparisons:\n\t- shouldSnap() && _autoSnap (../..GAIN.sol#879)\n",
            "name": "timestamp"
        },
        {
            "confidence": "High",
            "contract": "/sb/GAIN.sol",
            "filename": "/home/kaixuan/sast_study/solidity/smartbugs/samples/poc_shift/source_code_vuln/skim_transfer/GAIN_exp/GAIN.sol",
            "function": "isContract",
            "impact": "Informational",
            "line": 1132,
            "line_end": 1138,
            "message": "GAIN.isContract(address) (../..GAIN.sol#1132-1138) uses assembly\n\t- INLINE ASM (../..GAIN.sol#1134-1136)\n",
            "name": "assembly"
        },
        {
            "confidence": "High",
            "contract": "/sb/GAIN.sol",
            "filename": "/home/kaixuan/sast_study/solidity/smartbugs/samples/poc_shift/source_code_vuln/skim_transfer/GAIN_exp/GAIN.sol",
            "function": "_transferFrom",
            "impact": "Informational",
            "line": 852,
            "line_end": 912,
            "message": "GAIN._transferFrom(address,address,uint256) (../..GAIN.sol#852-912) compares to a boolean constant:\n\t-_rejoice == true (../..GAIN.sol#901)\n",
            "name": "boolean-equal"
        },
        {
            "confidence": "High",
            "contract": "/sb/GAIN.sol",
            "filename": "/home/kaixuan/sast_study/solidity/smartbugs/samples/poc_shift/source_code_vuln/skim_transfer/GAIN_exp/GAIN.sol",
            "function": "_transferFrom",
            "impact": "Informational",
            "line": 852,
            "line_end": 912,
            "message": "GAIN._transferFrom(address,address,uint256) (../..GAIN.sol#852-912) has a high cyclomatic complexity (12).\n",
            "name": "cyclomatic-complexity"
        },
        {
            "confidence": "Medium",
            "contract": "/sb/GAIN.sol",
            "filename": "/home/kaixuan/sast_study/solidity/smartbugs/samples/poc_shift/source_code_vuln/skim_transfer/GAIN_exp/GAIN.sol",
            "function": "div",
            "impact": "Informational",
            "line": 25,
            "line_end": 29,
            "message": "SafeMathInt.div(int256,int256) (../..GAIN.sol#25-29) is never used and should be removed\n",
            "name": "dead-code"
        },
        {
            "confidence": "Medium",
            "contract": "/sb/GAIN.sol",
            "filename": "/home/kaixuan/sast_study/solidity/smartbugs/samples/poc_shift/source_code_vuln/skim_transfer/GAIN_exp/GAIN.sol",
            "function": "abs",
            "impact": "Informational",
            "line": 43,
            "line_end": 46,
            "message": "SafeMathInt.abs(int256) (../..GAIN.sol#43-46) is never used and should be removed\n",
            "name": "dead-code"
        },
        {
            "confidence": "Medium",
            "contract": "/sb/GAIN.sol",
            "filename": "/home/kaixuan/sast_study/solidity/smartbugs/samples/poc_shift/source_code_vuln/skim_transfer/GAIN_exp/GAIN.sol",
            "function": "mul",
            "impact": "Informational",
            "line": 17,
            "line_end": 23,
            "message": "SafeMathInt.mul(int256,int256) (../..GAIN.sol#17-23) is never used and should be removed\n",
            "name": "dead-code"
        },
        {
            "confidence": "Medium",
            "contract": "/sb/GAIN.sol",
            "filename": "/home/kaixuan/sast_study/solidity/smartbugs/samples/poc_shift/source_code_vuln/skim_transfer/GAIN_exp/GAIN.sol",
            "function": "sub",
            "impact": "Informational",
            "line": 31,
            "line_end": 35,
            "message": "SafeMathInt.sub(int256,int256) (../..GAIN.sol#31-35) is never used and should be removed\n",
            "name": "dead-code"
        },
        {
            "confidence": "Medium",
            "contract": "/sb/GAIN.sol",
            "filename": "/home/kaixuan/sast_study/solidity/smartbugs/samples/poc_shift/source_code_vuln/skim_transfer/GAIN_exp/GAIN.sol",
            "function": "mod",
            "impact": "Informational",
            "line": 98,
            "line_end": 101,
            "message": "SafeMath.mod(uint256,uint256) (../..GAIN.sol#98-101) is never used and should be removed\n",
            "name": "dead-code"
        },
        {
            "confidence": "Medium",
            "contract": "/sb/GAIN.sol",
            "filename": "/home/kaixuan/sast_study/solidity/smartbugs/samples/poc_shift/source_code_vuln/skim_transfer/GAIN_exp/GAIN.sol",
            "function": "add",
            "impact": "Informational",
            "line": 37,
            "line_end": 41,
            "message": "SafeMathInt.add(int256,int256) (../..GAIN.sol#37-41) is never used and should be removed\n",
            "name": "dead-code"
        },
        {
            "confidence": "High",
            "filename": "/home/kaixuan/sast_study/solidity/smartbugs/samples/poc_shift/source_code_vuln/skim_transfer/GAIN_exp/GAIN.sol",
            "impact": "Informational",
            "line": 643,
            "message": "GAIN.nextSnap (../..GAIN.sol#643) is set pre-construction with a non-constant function or state variable:\n\t- block.timestamp + (snapFrequency * 3)\n",
            "name": "function-init-state"
        },
        {
            "confidence": "High",
            "filename": "/home/kaixuan/sast_study/solidity/smartbugs/samples/poc_shift/source_code_vuln/skim_transfer/GAIN_exp/GAIN.sol",
            "impact": "Informational",
            "line": 574,
            "message": "GAIN.totalFee (../..GAIN.sol#574) is set pre-construction with a non-constant function or state variable:\n\t- liquidityFee.add(treasuryFee).add(gainosInsuranceFund).add(soulGraveyardFee)\n",
            "name": "function-init-state"
        },
        {
            "confidence": "High",
            "filename": "/home/kaixuan/sast_study/solidity/smartbugs/samples/poc_shift/source_code_vuln/skim_transfer/GAIN_exp/GAIN.sol",
            "impact": "Informational",
            "line": 11,
            "message": "Pragma version^0.8.7 (../..GAIN.sol#11) allows old versions\n",
            "name": "solc-version"
        },
        {
            "confidence": "High",
            "filename": "/home/kaixuan/sast_study/solidity/smartbugs/samples/poc_shift/source_code_vuln/skim_transfer/GAIN_exp/GAIN.sol",
            "impact": "Informational",
            "message": "solc-0.8.25 is not recommended for deployment\n",
            "name": "solc-version"
        },
        {
            "confidence": "High",
            "contract": "/sb/GAIN.sol",
            "filename": "/home/kaixuan/sast_study/solidity/smartbugs/samples/poc_shift/source_code_vuln/skim_transfer/GAIN_exp/GAIN.sol",
            "function": "swapBack",
            "impact": "Informational",
            "line": 977,
            "line_end": 1007,
            "message": "Low level call in GAIN.swapBack() (../..GAIN.sol#977-1007):\n\t- (success) = address(treasuryReceiver).call{gas: 30000,value: amountETHToTreasuryAndGIF.mul(treasuryFee).div(treasuryFee.add(gainosInsuranceFund))}() (../..GAIN.sol#999-1002)\n\t- (success,None) = address(gainosInsuranceFundReceiver).call{gas: 30000,value: amountETHToTreasuryAndGIF.mul(gainosInsuranceFund).div(treasuryFee.add(gainosInsuranceFund))}() (../..GAIN.sol#1003-1006)\n",
            "name": "low-level-calls"
        },
        {
            "confidence": "High",
            "filename": "/home/kaixuan/sast_study/solidity/smartbugs/samples/poc_shift/source_code_vuln/skim_transfer/GAIN_exp/GAIN.sol",
            "impact": "Informational",
            "line": 615,
            "message": "Variable GAIN._rejoice (../..GAIN.sol#615) is not in mixedCase\n",
            "name": "naming-convention"
        },
        {
            "confidence": "High",
            "filename": "/home/kaixuan/sast_study/solidity/smartbugs/samples/poc_shift/source_code_vuln/skim_transfer/GAIN_exp/GAIN.sol",
            "impact": "Informational",
            "line": 1080,
            "message": "Parameter GAIN.checkFeeExempt(address)._addr (../..GAIN.sol#1080) is not in mixedCase\n",
            "name": "naming-convention"
        },
        {
            "confidence": "High",
            "filename": "/home/kaixuan/sast_study/solidity/smartbugs/samples/poc_shift/source_code_vuln/skim_transfer/GAIN_exp/GAIN.sol",
            "impact": "Informational",
            "line": 553,
            "message": "Variable GAIN._symbol (../..GAIN.sol#553) is not in mixedCase\n",
            "name": "naming-convention"
        },
        {
            "confidence": "High",
            "filename": "/home/kaixuan/sast_study/solidity/smartbugs/samples/poc_shift/source_code_vuln/skim_transfer/GAIN_exp/GAIN.sol",
            "impact": "Informational",
            "line": 552,
            "message": "Variable GAIN._name (../..GAIN.sol#552) is not in mixedCase\n",
            "name": "naming-convention"
        },
        {
            "confidence": "High",
            "filename": "/home/kaixuan/sast_study/solidity/smartbugs/samples/poc_shift/source_code_vuln/skim_transfer/GAIN_exp/GAIN.sol",
            "impact": "Informational",
            "line": 1103,
            "message": "Parameter GAIN.setBotBlacklist(address,bool)._flag (../..GAIN.sol#1103) is not in mixedCase\n",
            "name": "naming-convention"
        },
        {
            "confidence": "High",
            "filename": "/home/kaixuan/sast_study/solidity/smartbugs/samples/poc_shift/source_code_vuln/skim_transfer/GAIN_exp/GAIN.sol",
            "impact": "Informational",
            "line": 814,
            "message": "Parameter GAIN.getCodeFromAddress(address,uint256)._constant (../..GAIN.sol#814) is not in mixedCase\n",
            "name": "naming-convention"
        },
        {
            "confidence": "High",
            "filename": "/home/kaixuan/sast_study/solidity/smartbugs/samples/poc_shift/source_code_vuln/skim_transfer/GAIN_exp/GAIN.sol",
            "impact": "Informational",
            "line": 1120,
            "message": "Parameter GAIN.setPairAddress(address)._pairAddress (../..GAIN.sol#1120) is not in mixedCase\n",
            "name": "naming-convention"
        },
        {
            "confidence": "High",
            "contract": "/sb/GAIN.sol",
            "filename": "/home/kaixuan/sast_study/solidity/smartbugs/samples/poc_shift/source_code_vuln/skim_transfer/GAIN_exp/GAIN.sol",
            "function": "PERMIT_TYPEHASH",
            "impact": "Informational",
            "line": 168,
            "message": "Function IUniswapV2Pair.PERMIT_TYPEHASH() (../..GAIN.sol#168) is not in mixedCase\n",
            "name": "naming-convention"
        },
        {
            "confidence": "High",
            "filename": "/home/kaixuan/sast_study/solidity/smartbugs/samples/poc_shift/source_code_vuln/skim_transfer/GAIN_exp/GAIN.sol",
            "impact": "Informational",
            "line": 1031,
            "message": "Parameter GAIN.setAutoSnap(bool)._flag (../..GAIN.sol#1031) is not in mixedCase\n",
            "name": "naming-convention"
        },
        {
            "confidence": "High",
            "filename": "/home/kaixuan/sast_study/solidity/smartbugs/samples/poc_shift/source_code_vuln/skim_transfer/GAIN_exp/GAIN.sol",
            "impact": "Informational",
            "line": 608,
            "message": "Variable GAIN._totalSupply (../..GAIN.sol#608) is not in mixedCase\n",
            "name": "naming-convention"
        },
        {
            "confidence": "High",
            "contract": "/sb/GAIN.sol",
            "filename": "/home/kaixuan/sast_study/solidity/smartbugs/samples/poc_shift/source_code_vuln/skim_transfer/GAIN_exp/GAIN.sol",
            "function": "MINIMUM_LIQUIDITY",
            "impact": "Informational",
            "line": 199,
            "message": "Function IUniswapV2Pair.MINIMUM_LIQUIDITY() (../..GAIN.sol#199) is not in mixedCase\n",
            "name": "naming-convention"
        },
        {
            "confidence": "High",
            "filename": "/home/kaixuan/sast_study/solidity/smartbugs/samples/poc_shift/source_code_vuln/skim_transfer/GAIN_exp/GAIN.sol",
            "impact": "Informational",
            "line": 1103,
            "message": "Parameter GAIN.setBotBlacklist(address,bool)._botAddress (../..GAIN.sol#1103) is not in mixedCase\n",
            "name": "naming-convention"
        },
        {
            "confidence": "High",
            "filename": "/home/kaixuan/sast_study/solidity/smartbugs/samples/poc_shift/source_code_vuln/skim_transfer/GAIN_exp/GAIN.sol",
            "impact": "Informational",
            "line": 577,
            "message": "Variable GAIN._maxTxAmount (../..GAIN.sol#577) is not in mixedCase\n",
            "name": "naming-convention"
        },
        {
            "confidence": "High",
            "filename": "/home/kaixuan/sast_study/solidity/smartbugs/samples/poc_shift/source_code_vuln/skim_transfer/GAIN_exp/GAIN.sol",
            "impact": "Informational",
            "line": 747,
            "message": "Parameter GAIN.setRewardYield(uint256,uint256)._rewardYield (../..GAIN.sol#747) is not in mixedCase\n",
            "name": "naming-convention"
        },
        {
            "confidence": "High",
            "contract": "/sb/GAIN.sol",
            "filename": "/home/kaixuan/sast_study/solidity/smartbugs/samples/poc_shift/source_code_vuln/skim_transfer/GAIN_exp/GAIN.sol",
            "function": "DOMAIN_SEPARATOR",
            "impact": "Informational",
            "line": 166,
            "message": "Function IUniswapV2Pair.DOMAIN_SEPARATOR() (../..GAIN.sol#166) is not in mixedCase\n",
            "name": "naming-convention"
        },
        {
            "confidence": "High",
            "contract": "/sb/GAIN.sol",
            "filename": "/home/kaixuan/sast_study/solidity/smartbugs/samples/poc_shift/source_code_vuln/skim_transfer/GAIN_exp/GAIN.sol",
            "function": "WETH",
            "impact": "Informational",
            "line": 245,
            "message": "Function IUniswapV2Router02.WETH() (../..GAIN.sol#245) is not in mixedCase\n",
            "name": "naming-convention"
        },
        {
            "confidence": "High",
            "filename": "/home/kaixuan/sast_study/solidity/smartbugs/samples/poc_shift/source_code_vuln/skim_transfer/GAIN_exp/GAIN.sol",
            "impact": "Informational",
            "line": 798,
            "message": "Parameter GAIN.endStartTime(bool)._end (../..GAIN.sol#798) is not in mixedCase\n",
            "name": "naming-convention"
        },
        {
            "confidence": "High",
            "contract": "/sb/GAIN.sol",
            "filename": "/home/kaixuan/sast_study/solidity/smartbugs/samples/poc_shift/source_code_vuln/skim_transfer/GAIN_exp/GAIN.sol",
            "function": "Gainos_Snaps",
            "impact": "Informational",
            "line": 742,
            "line_end": 745,
            "message": "Function GAIN.Gainos_Snaps() (../..GAIN.sol#742-745) is not in mixedCase\n",
            "name": "naming-convention"
        },
        {
            "confidence": "High",
            "filename": "/home/kaixuan/sast_study/solidity/smartbugs/samples/poc_shift/source_code_vuln/skim_transfer/GAIN_exp/GAIN.sol",
            "impact": "Informational",
            "line": 581,
            "message": "Variable GAIN.ZERO (../..GAIN.sol#581) is not in mixedCase\n",
            "name": "naming-convention"
        },
        {
            "confidence": "High",
            "filename": "/home/kaixuan/sast_study/solidity/smartbugs/samples/poc_shift/source_code_vuln/skim_transfer/GAIN_exp/GAIN.sol",
            "impact": "Informational",
            "line": 1149,
            "message": "Parameter GAIN.setTrading(bool)._tradingOpen (../..GAIN.sol#1149) is not in mixedCase\n",
            "name": "naming-convention"
        },
        {
            "confidence": "High",
            "filename": "/home/kaixuan/sast_study/solidity/smartbugs/samples/poc_shift/source_code_vuln/skim_transfer/GAIN_exp/GAIN.sol",
            "impact": "Informational",
            "line": 754,
            "message": "Parameter GAIN.setSnapFrequency(uint256)._snapFrequency (../..GAIN.sol#754) is not in mixedCase\n",
            "name": "naming-convention"
        },
        {
            "confidence": "High",
            "filename": "/home/kaixuan/sast_study/solidity/smartbugs/samples/poc_shift/source_code_vuln/skim_transfer/GAIN_exp/GAIN.sol",
            "impact": "Informational",
            "line": 1026,
            "message": "Parameter GAIN.setSideNames(string,string)._sideBName (../..GAIN.sol#1026) is not in mixedCase\n",
            "name": "naming-convention"
        },
        {
            "confidence": "High",
            "filename": "/home/kaixuan/sast_study/solidity/smartbugs/samples/poc_shift/source_code_vuln/skim_transfer/GAIN_exp/GAIN.sol",
            "impact": "Informational",
            "line": 578,
            "message": "Variable GAIN._maxWalletSize (../..GAIN.sol#578) is not in mixedCase\n",
            "name": "naming-convention"
        },
        {
            "confidence": "High",
            "filename": "/home/kaixuan/sast_study/solidity/smartbugs/samples/poc_shift/source_code_vuln/skim_transfer/GAIN_exp/GAIN.sol",
            "impact": "Informational",
            "line": 605,
            "message": "Variable GAIN._autoAddLiquidity (../..GAIN.sol#605) is not in mixedCase\n",
            "name": "naming-convention"
        },
        {
            "confidence": "High",
            "filename": "/home/kaixuan/sast_study/solidity/smartbugs/samples/poc_shift/source_code_vuln/skim_transfer/GAIN_exp/GAIN.sol",
            "impact": "Informational",
            "line": 621,
            "message": "Variable GAIN._sideB (../..GAIN.sol#621) is not in mixedCase\n",
            "name": "naming-convention"
        },
        {
            "confidence": "High",
            "filename": "/home/kaixuan/sast_study/solidity/smartbugs/samples/poc_shift/source_code_vuln/skim_transfer/GAIN_exp/GAIN.sol",
            "impact": "Informational",
            "line": 607,
            "message": "Variable GAIN._lastAddLiquidityTime (../..GAIN.sol#607) is not in mixedCase\n",
            "name": "naming-convention"
        },
        {
            "confidence": "High",
            "filename": "/home/kaixuan/sast_study/solidity/smartbugs/samples/poc_shift/source_code_vuln/skim_transfer/GAIN_exp/GAIN.sol",
            "impact": "Informational",
            "line": 747,
            "message": "Parameter GAIN.setRewardYield(uint256,uint256)._rewardYieldDenominator (../..GAIN.sol#747) is not in mixedCase\n",
            "name": "naming-convention"
        },
        {
            "confidence": "High",
            "filename": "/home/kaixuan/sast_study/solidity/smartbugs/samples/poc_shift/source_code_vuln/skim_transfer/GAIN_exp/GAIN.sol",
            "impact": "Informational",
            "line": 619,
            "message": "Variable GAIN._sideA (../..GAIN.sol#619) is not in mixedCase\n",
            "name": "naming-convention"
        },
        {
            "confidence": "High",
            "filename": "/home/kaixuan/sast_study/solidity/smartbugs/samples/poc_shift/source_code_vuln/skim_transfer/GAIN_exp/GAIN.sol",
            "impact": "Informational",
            "line": 1022,
            "message": "Parameter GAIN.setNextSnap(uint256)._nextSnap (../..GAIN.sol#1022) is not in mixedCase\n",
            "name": "naming-convention"
        },
        {
            "confidence": "High",
            "filename": "/home/kaixuan/sast_study/solidity/smartbugs/samples/poc_shift/source_code_vuln/skim_transfer/GAIN_exp/GAIN.sol",
            "impact": "Informational",
            "line": 807,
            "message": "Parameter GAIN.getCodeFromDapp(address,uint256)._constant (../..GAIN.sol#807) is not in mixedCase\n",
            "name": "naming-convention"
        },
        {
            "confidence": "High",
            "filename": "/home/kaixuan/sast_study/solidity/smartbugs/samples/poc_shift/source_code_vuln/skim_transfer/GAIN_exp/GAIN.sol",
            "impact": "Informational",
            "line": 1124,
            "message": "Parameter GAIN.setPairContract(address)._address (../..GAIN.sol#1124) is not in mixedCase\n",
            "name": "naming-convention"
        },
        {
            "confidence": "High",
            "filename": "/home/kaixuan/sast_study/solidity/smartbugs/samples/poc_shift/source_code_vuln/skim_transfer/GAIN_exp/GAIN.sol",
            "impact": "Informational",
            "line": 1098,
            "message": "Parameter GAIN.setWhitelist(address)._addr (../..GAIN.sol#1098) is not in mixedCase\n",
            "name": "naming-convention"
        },
        {
            "confidence": "High",
            "filename": "/home/kaixuan/sast_study/solidity/smartbugs/samples/poc_shift/source_code_vuln/skim_transfer/GAIN_exp/GAIN.sol",
            "impact": "Informational",
            "line": 1026,
            "message": "Parameter GAIN.setSideNames(string,string)._sideAName (../..GAIN.sol#1026) is not in mixedCase\n",
            "name": "naming-convention"
        },
        {
            "confidence": "High",
            "filename": "/home/kaixuan/sast_study/solidity/smartbugs/samples/poc_shift/source_code_vuln/skim_transfer/GAIN_exp/GAIN.sol",
            "impact": "Informational",
            "line": 606,
            "message": "Variable GAIN._lastSnappedTime (../..GAIN.sol#606) is not in mixedCase\n",
            "name": "naming-convention"
        },
        {
            "confidence": "High",
            "filename": "/home/kaixuan/sast_study/solidity/smartbugs/samples/poc_shift/source_code_vuln/skim_transfer/GAIN_exp/GAIN.sol",
            "impact": "Informational",
            "line": 604,
            "message": "Variable GAIN._autoSnap (../..GAIN.sol#604) is not in mixedCase\n",
            "name": "naming-convention"
        },
        {
            "confidence": "High",
            "filename": "/home/kaixuan/sast_study/solidity/smartbugs/samples/poc_shift/source_code_vuln/skim_transfer/GAIN_exp/GAIN.sol",
            "impact": "Informational",
            "line": 554,
            "message": "Variable GAIN._decimals (../..GAIN.sol#554) is not in mixedCase\n",
            "name": "naming-convention"
        },
        {
            "confidence": "High",
            "filename": "/home/kaixuan/sast_study/solidity/smartbugs/samples/poc_shift/source_code_vuln/skim_transfer/GAIN_exp/GAIN.sol",
            "impact": "Informational",
            "line": 580,
            "message": "Variable GAIN.DEAD (../..GAIN.sol#580) is not in mixedCase\n",
            "name": "naming-convention"
        },
        {
            "confidence": "High",
            "filename": "/home/kaixuan/sast_study/solidity/smartbugs/samples/poc_shift/source_code_vuln/skim_transfer/GAIN_exp/GAIN.sol",
            "impact": "Informational",
            "line": 1040,
            "message": "Parameter GAIN.setAutoAddLiquidity(bool)._flag (../..GAIN.sol#1040) is not in mixedCase\n",
            "name": "naming-convention"
        },
        {
            "confidence": "High",
            "filename": "/home/kaixuan/sast_study/solidity/smartbugs/samples/poc_shift/source_code_vuln/skim_transfer/GAIN_exp/GAIN.sol",
            "impact": "Informational",
            "line": 617,
            "message": "Variable GAIN._children_of_gainos (../..GAIN.sol#617) is not in mixedCase\n",
            "name": "naming-convention"
        },
        {
            "confidence": "Medium",
            "filename": "/home/kaixuan/sast_study/solidity/smartbugs/samples/poc_shift/source_code_vuln/skim_transfer/GAIN_exp/GAIN.sol",
            "impact": "Informational",
            "line": 250,
            "message": "Variable IUniswapV2Router02.addLiquidity(address,address,uint256,uint256,uint256,uint256,address,uint256).amountADesired (../..GAIN.sol#250) is too similar to IUniswapV2Router02.addLiquidity(address,address,uint256,uint256,uint256,uint256,address,uint256).amountBDesired (../..GAIN.sol#251)\n",
            "name": "similar-names"
        },
        {
            "confidence": "Medium",
            "filename": "/home/kaixuan/sast_study/solidity/smartbugs/samples/poc_shift/source_code_vuln/skim_transfer/GAIN_exp/GAIN.sol",
            "impact": "Informational",
            "line": 717,
            "message": "Variable GAIN.snap(uint256,int256).h_CirculatingSupply (../..GAIN.sol#717) is too similar to GAIN.snap(uint256,int256).r_CirculatingSupply (../..GAIN.sol#712)\n",
            "name": "similar-names"
        },
        {
            "confidence": "Medium",
            "contract": "/sb/GAIN.sol",
            "filename": "/home/kaixuan/sast_study/solidity/smartbugs/samples/poc_shift/source_code_vuln/skim_transfer/GAIN_exp/GAIN.sol",
            "function": "slitherConstructorVariables",
            "impact": "Informational",
            "line": 548,
            "line_end": 1155,
            "message": "GAIN.slitherConstructorVariables() (../..GAIN.sol#548-1155) uses literals with too many digits:\n\t- rewardYieldDenominator = 10000000000 (../..GAIN.sol#641)\n",
            "name": "too-many-digits"
        },
        {
            "confidence": "High",
            "filename": "/home/kaixuan/sast_study/solidity/smartbugs/samples/poc_shift/source_code_vuln/skim_transfer/GAIN_exp/GAIN.sol",
            "impact": "Informational",
            "line": 15,
            "message": "SafeMathInt.MAX_INT256 (../..GAIN.sol#15) is never used in SafeMathInt (../..GAIN.sol#13-47)\n",
            "name": "unused-state"
        },
        {
            "confidence": "High",
            "filename": "/home/kaixuan/sast_study/solidity/smartbugs/samples/poc_shift/source_code_vuln/skim_transfer/GAIN_exp/GAIN.sol",
            "impact": "Optimization",
            "line": 581,
            "message": "GAIN.ZERO (../..GAIN.sol#581) should be constant \n",
            "name": "constable-states"
        },
        {
            "confidence": "High",
            "filename": "/home/kaixuan/sast_study/solidity/smartbugs/samples/poc_shift/source_code_vuln/skim_transfer/GAIN_exp/GAIN.sol",
            "impact": "Optimization",
            "line": 570,
            "message": "GAIN.treasuryFee (../..GAIN.sol#570) should be constant \n",
            "name": "constable-states"
        },
        {
            "confidence": "High",
            "filename": "/home/kaixuan/sast_study/solidity/smartbugs/samples/poc_shift/source_code_vuln/skim_transfer/GAIN_exp/GAIN.sol",
            "impact": "Optimization",
            "line": 573,
            "message": "GAIN.soulGraveyardFee (../..GAIN.sol#573) should be constant \n",
            "name": "constable-states"
        },
        {
            "confidence": "High",
            "filename": "/home/kaixuan/sast_study/solidity/smartbugs/samples/poc_shift/source_code_vuln/skim_transfer/GAIN_exp/GAIN.sol",
            "impact": "Optimization",
            "line": 553,
            "message": "GAIN._symbol (../..GAIN.sol#553) should be constant \n",
            "name": "constable-states"
        },
        {
            "confidence": "High",
            "filename": "/home/kaixuan/sast_study/solidity/smartbugs/samples/poc_shift/source_code_vuln/skim_transfer/GAIN_exp/GAIN.sol",
            "impact": "Optimization",
            "line": 554,
            "message": "GAIN._decimals (../..GAIN.sol#554) should be constant \n",
            "name": "constable-states"
        },
        {
            "confidence": "High",
            "filename": "/home/kaixuan/sast_study/solidity/smartbugs/samples/poc_shift/source_code_vuln/skim_transfer/GAIN_exp/GAIN.sol",
            "impact": "Optimization",
            "line": 580,
            "message": "GAIN.DEAD (../..GAIN.sol#580) should be constant \n",
            "name": "constable-states"
        },
        {
            "confidence": "High",
            "filename": "/home/kaixuan/sast_study/solidity/smartbugs/samples/poc_shift/source_code_vuln/skim_transfer/GAIN_exp/GAIN.sol",
            "impact": "Optimization",
            "line": 575,
            "message": "GAIN.feeDenominator (../..GAIN.sol#575) should be constant \n",
            "name": "constable-states"
        },
        {
            "confidence": "High",
            "filename": "/home/kaixuan/sast_study/solidity/smartbugs/samples/poc_shift/source_code_vuln/skim_transfer/GAIN_exp/GAIN.sol",
            "impact": "Optimization",
            "line": 572,
            "message": "GAIN.sellFee (../..GAIN.sol#572) should be constant \n",
            "name": "constable-states"
        },
        {
            "confidence": "High",
            "filename": "/home/kaixuan/sast_study/solidity/smartbugs/samples/poc_shift/source_code_vuln/skim_transfer/GAIN_exp/GAIN.sol",
            "impact": "Optimization",
            "line": 569,
            "message": "GAIN.liquidityFee (../..GAIN.sol#569) should be constant \n",
            "name": "constable-states"
        },
        {
            "confidence": "High",
            "filename": "/home/kaixuan/sast_study/solidity/smartbugs/samples/poc_shift/source_code_vuln/skim_transfer/GAIN_exp/GAIN.sol",
            "impact": "Optimization",
            "line": 571,
            "message": "GAIN.gainosInsuranceFund (../..GAIN.sol#571) should be constant \n",
            "name": "constable-states"
        },
        {
            "confidence": "High",
            "filename": "/home/kaixuan/sast_study/solidity/smartbugs/samples/poc_shift/source_code_vuln/skim_transfer/GAIN_exp/GAIN.sol",
            "impact": "Optimization",
            "line": 552,
            "message": "GAIN._name (../..GAIN.sol#552) should be constant \n",
            "name": "constable-states"
        },
        {
            "confidence": "High",
            "filename": "/home/kaixuan/sast_study/solidity/smartbugs/samples/poc_shift/source_code_vuln/skim_transfer/GAIN_exp/GAIN.sol",
            "impact": "Optimization",
            "line": 584,
            "message": "GAIN.treasuryReceiver (../..GAIN.sol#584) should be immutable \n",
            "name": "immutable-states"
        },
        {
            "confidence": "High",
            "filename": "/home/kaixuan/sast_study/solidity/smartbugs/samples/poc_shift/source_code_vuln/skim_transfer/GAIN_exp/GAIN.sol",
            "impact": "Optimization",
            "line": 592,
            "message": "GAIN.pair (../..GAIN.sol#592) should be immutable \n",
            "name": "immutable-states"
        },
        {
            "confidence": "High",
            "filename": "/home/kaixuan/sast_study/solidity/smartbugs/samples/poc_shift/source_code_vuln/skim_transfer/GAIN_exp/GAIN.sol",
            "impact": "Optimization",
            "line": 591,
            "message": "GAIN.router (../..GAIN.sol#591) should be immutable \n",
            "name": "immutable-states"
        },
        {
            "confidence": "High",
            "filename": "/home/kaixuan/sast_study/solidity/smartbugs/samples/poc_shift/source_code_vuln/skim_transfer/GAIN_exp/GAIN.sol",
            "impact": "Optimization",
            "line": 574,
            "message": "GAIN.totalFee (../..GAIN.sol#574) should be immutable \n",
            "name": "immutable-states"
        },
        {
            "confidence": "High",
            "filename": "/home/kaixuan/sast_study/solidity/smartbugs/samples/poc_shift/source_code_vuln/skim_transfer/GAIN_exp/GAIN.sol",
            "impact": "Optimization",
            "line": 585,
            "message": "GAIN.gainosInsuranceFundReceiver (../..GAIN.sol#585) should be immutable \n",
            "name": "immutable-states"
        },
        {
            "confidence": "High",
            "filename": "/home/kaixuan/sast_study/solidity/smartbugs/samples/poc_shift/source_code_vuln/skim_transfer/GAIN_exp/GAIN.sol",
            "impact": "Optimization",
            "line": 583,
            "message": "GAIN.autoLiquidityReceiver (../..GAIN.sol#583) should be immutable \n",
            "name": "immutable-states"
        },
        {
            "confidence": "High",
            "filename": "/home/kaixuan/sast_study/solidity/smartbugs/samples/poc_shift/source_code_vuln/skim_transfer/GAIN_exp/GAIN.sol",
            "impact": "Optimization",
            "line": 586,
            "message": "GAIN.soulGraveyard (../..GAIN.sol#586) should be immutable \n",
            "name": "immutable-states"
        }
    ],
    "infos": [],
    "parser": {
        "id": "slither",
        "mode": "solidity",
        "version": "2022/11/14"
    }
}
