{
    "errors": [
        "EXIT_CODE_255"
    ],
    "fails": [],
    "findings": [
        {
            "confidence": "Medium",
            "contract": "/sb/Utopia.sol",
            "filename": "/home/kaixuan/sast_study/solidity/smartbugs/samples/poc_shift/source_code_vuln/predictable_airdrop_address/Utopia_exp/Utopia.sol",
            "function": "claimToken",
            "impact": "High",
            "line": 484,
            "line_end": 488,
            "message": "AbsToken.claimToken(address,uint256) (../..Utopia.sol#484-488) ignores return value by IERC20(token).transfer(fundAddress,amount) (../..Utopia.sol#486)\n",
            "name": "unchecked-transfer"
        },
        {
            "confidence": "Medium",
            "contract": "/sb/Utopia.sol",
            "filename": "/home/kaixuan/sast_study/solidity/smartbugs/samples/poc_shift/source_code_vuln/predictable_airdrop_address/Utopia_exp/Utopia.sol",
            "function": "claimToken",
            "impact": "High",
            "line": 85,
            "line_end": 88,
            "message": "TokenDistributor.claimToken(address,address,uint256) (../..Utopia.sol#85-88) ignores return value by IERC20(token).transfer(to,amount) (../..Utopia.sol#87)\n",
            "name": "unchecked-transfer"
        },
        {
            "confidence": "Medium",
            "contract": "/sb/Utopia.sol",
            "filename": "/home/kaixuan/sast_study/solidity/smartbugs/samples/poc_shift/source_code_vuln/predictable_airdrop_address/Utopia_exp/Utopia.sol",
            "function": "processLPRewardUsdt",
            "impact": "High",
            "line": 604,
            "line_end": 665,
            "message": "AbsToken.processLPRewardUsdt(uint256) (../..Utopia.sol#604-665) ignores return value by USDT.transfer(shareHolder,amount) (../..Utopia.sol#653)\n",
            "name": "unchecked-transfer"
        },
        {
            "confidence": "High",
            "contract": "/sb/Utopia.sol",
            "filename": "/home/kaixuan/sast_study/solidity/smartbugs/samples/poc_shift/source_code_vuln/predictable_airdrop_address/Utopia_exp/Utopia.sol",
            "function": "swapTokenForFund",
            "impact": "Medium",
            "line": 425,
            "line_end": 442,
            "message": "AbsToken.swapTokenForFund(uint256) (../..Utopia.sol#425-442) uses a dangerous strict equality:\n\t- tokenAmount == 0 (../..Utopia.sol#426)\n",
            "name": "incorrect-equality"
        },
        {
            "confidence": "Medium",
            "contract": "/sb/Utopia.sol",
            "filename": "/home/kaixuan/sast_study/solidity/smartbugs/samples/poc_shift/source_code_vuln/predictable_airdrop_address/Utopia_exp/Utopia.sol",
            "function": "_transfer",
            "impact": "Medium",
            "line": 242,
            "line_end": 323,
            "message": "Reentrancy in AbsToken._transfer(address,address,uint256) (../..Utopia.sol#242-323):\n\tExternal calls:\n\t- _tokenTransfer(from,to,amount,takeFee,isAddLP) (../..Utopia.sol#309)\n\t\t- _swapRouter.swapExactTokensForTokensSupportingFeeOnTransferTokens(tokenAmount,0,path,address(this),block.timestamp) (../..Utopia.sol#435-441)\n\t- processLPRewardUsdt(rewardGas) (../..Utopia.sol#318)\n\t\t- USDT.transfer(shareHolder,amount) (../..Utopia.sol#653)\n\t- processLP(rewardGas) (../..Utopia.sol#320)\n\t\t- _swapRouter.swapExactTokensForTokensSupportingFeeOnTransferTokens(tokenAmount,0,path,address(this),block.timestamp) (../..Utopia.sol#435-441)\n\tState variables written after the call(s):\n\t- processLP(rewardGas) (../..Utopia.sol#320)\n\t\t- _balances[sender] = _balances[sender] - tAmount (../..Utopia.sol#389)\n\t\t- _balances[to] = _balances[to] + tAmount (../..Utopia.sol#449)\n\tAbsToken._balances (../..Utopia.sol#100) can be used in cross function reentrancies:\n\t- AbsToken._airdrop(address,address,uint256) (../..Utopia.sol#327-342)\n\t- AbsToken._funTransfer(address,address,uint256) (../..Utopia.sol#367-380)\n\t- AbsToken._takeTransfer(address,address,uint256) (../..Utopia.sol#444-451)\n\t- AbsToken._tokenTransfer(address,address,uint256,bool,bool) (../..Utopia.sol#382-423)\n\t- AbsToken.balanceOf(address) (../..Utopia.sol#207-209)\n\t- processLP(rewardGas) (../..Utopia.sol#320)\n\t\t- _userLPAmount[shareHolder] = pairBalance (../..Utopia.sol#565)\n\tAbsToken._userLPAmount (../..Utopia.sol#238) can be used in cross function reentrancies:\n\t- AbsToken._transfer(address,address,uint256) (../..Utopia.sol#242-323)\n\t- AbsToken.getUserInfo(address) (../..Utopia.sol#704-710)\n\t- AbsToken.processLP(uint256) (../..Utopia.sol#525-581)\n\t- AbsToken.processLPRewardUsdt(uint256) (../..Utopia.sol#604-665)\n\t- AbsToken.updateLPAmount(address,uint256) (../..Utopia.sol#696-698)\n\t- processLP(rewardGas) (../..Utopia.sol#320)\n\t\t- inSwap = true (../..Utopia.sol#136)\n\t\t- inSwap = false (../..Utopia.sol#138)\n\tAbsToken.inSwap (../..Utopia.sol#117) can be used in cross function reentrancies:\n\t- AbsToken._tokenTransfer(address,address,uint256,bool,bool) (../..Utopia.sol#382-423)\n\t- AbsToken.lockTheSwap() (../..Utopia.sol#135-139)\n",
            "name": "reentrancy-no-eth"
        },
        {
            "confidence": "Medium",
            "contract": "/sb/Utopia.sol",
            "filename": "/home/kaixuan/sast_study/solidity/smartbugs/samples/poc_shift/source_code_vuln/predictable_airdrop_address/Utopia_exp/Utopia.sol",
            "function": "_transfer",
            "impact": "Medium",
            "line": 242,
            "line_end": 323,
            "message": "Reentrancy in AbsToken._transfer(address,address,uint256) (../..Utopia.sol#242-323):\n\tExternal calls:\n\t- _tokenTransfer(from,to,amount,takeFee,isAddLP) (../..Utopia.sol#309)\n\t\t- _swapRouter.swapExactTokensForTokensSupportingFeeOnTransferTokens(tokenAmount,0,path,address(this),block.timestamp) (../..Utopia.sol#435-441)\n\tState variables written after the call(s):\n\t- _lastMaybeAddLPAddress = from (../..Utopia.sol#313)\n\tAbsToken._lastMaybeAddLPAddress (../..Utopia.sol#239) can be used in cross function reentrancies:\n\t- AbsToken._lastMaybeAddLPAddress (../..Utopia.sol#239)\n\t- AbsToken._transfer(address,address,uint256) (../..Utopia.sol#242-323)\n\t- _lastMaybeAddLPAmount = amount (../..Utopia.sol#314)\n\tAbsToken._lastMaybeAddLPAmount (../..Utopia.sol#240) can be used in cross function reentrancies:\n\t- AbsToken._lastMaybeAddLPAmount (../..Utopia.sol#240)\n\t- AbsToken._transfer(address,address,uint256) (../..Utopia.sol#242-323)\n",
            "name": "reentrancy-no-eth"
        },
        {
            "confidence": "Medium",
            "contract": "/sb/Utopia.sol",
            "filename": "/home/kaixuan/sast_study/solidity/smartbugs/samples/poc_shift/source_code_vuln/predictable_airdrop_address/Utopia_exp/Utopia.sol",
            "function": "processLPRewardUsdt",
            "impact": "Medium",
            "line": 604,
            "line_end": 665,
            "message": "Reentrancy in AbsToken.processLPRewardUsdt(uint256) (../..Utopia.sol#604-665):\n\tExternal calls:\n\t- USDT.transfer(shareHolder,amount) (../..Utopia.sol#653)\n\tState variables written after the call(s):\n\t- _userLPAmount[shareHolder] = pairBalance (../..Utopia.sol#648)\n\tAbsToken._userLPAmount (../..Utopia.sol#238) can be used in cross function reentrancies:\n\t- AbsToken._transfer(address,address,uint256) (../..Utopia.sol#242-323)\n\t- AbsToken.getUserInfo(address) (../..Utopia.sol#704-710)\n\t- AbsToken.processLP(uint256) (../..Utopia.sol#525-581)\n\t- AbsToken.processLPRewardUsdt(uint256) (../..Utopia.sol#604-665)\n\t- AbsToken.updateLPAmount(address,uint256) (../..Utopia.sol#696-698)\n\t- currentLPRewardUsdtIndex = 0 (../..Utopia.sol#637)\n\tAbsToken.currentLPRewardUsdtIndex (../..Utopia.sol#599) can be used in cross function reentrancies:\n\t- AbsToken.currentLPRewardUsdtIndex (../..Utopia.sol#599)\n\t- AbsToken.processLPRewardUsdt(uint256) (../..Utopia.sol#604-665)\n\t- currentLPRewardUsdtIndex ++ (../..Utopia.sol#660)\n\tAbsToken.currentLPRewardUsdtIndex (../..Utopia.sol#599) can be used in cross function reentrancies:\n\t- AbsToken.currentLPRewardUsdtIndex (../..Utopia.sol#599)\n\t- AbsToken.processLPRewardUsdt(uint256) (../..Utopia.sol#604-665)\n\t- progressLPRewardUsdtBlock = block.number (../..Utopia.sol#664)\n\tAbsToken.progressLPRewardUsdtBlock (../..Utopia.sol#601) can be used in cross function reentrancies:\n\t- AbsToken._transfer(address,address,uint256) (../..Utopia.sol#242-323)\n\t- AbsToken.processLPRewardUsdt(uint256) (../..Utopia.sol#604-665)\n\t- AbsToken.progressLPRewardUsdtBlock (../..Utopia.sol#601)\n",
            "name": "reentrancy-no-eth"
        },
        {
            "confidence": "Medium",
            "contract": "/sb/Utopia.sol",
            "filename": "/home/kaixuan/sast_study/solidity/smartbugs/samples/poc_shift/source_code_vuln/predictable_airdrop_address/Utopia_exp/Utopia.sol",
            "function": "processLP",
            "impact": "Medium",
            "line": 525,
            "line_end": 581,
            "message": "Reentrancy in AbsToken.processLP(uint256) (../..Utopia.sol#525-581):\n\tExternal calls:\n\t- _tokenTransfer(sender,shareHolder,amount,false,false) (../..Utopia.sol#570)\n\t\t- _swapRouter.swapExactTokensForTokensSupportingFeeOnTransferTokens(tokenAmount,0,path,address(this),block.timestamp) (../..Utopia.sol#435-441)\n\tState variables written after the call(s):\n\t- _userLPAmount[shareHolder] = pairBalance (../..Utopia.sol#565)\n\tAbsToken._userLPAmount (../..Utopia.sol#238) can be used in cross function reentrancies:\n\t- AbsToken._transfer(address,address,uint256) (../..Utopia.sol#242-323)\n\t- AbsToken.getUserInfo(address) (../..Utopia.sol#704-710)\n\t- AbsToken.processLP(uint256) (../..Utopia.sol#525-581)\n\t- AbsToken.processLPRewardUsdt(uint256) (../..Utopia.sol#604-665)\n\t- AbsToken.updateLPAmount(address,uint256) (../..Utopia.sol#696-698)\n\t- currentLPIndex = 0 (../..Utopia.sol#556)\n\tAbsToken.currentLPIndex (../..Utopia.sol#518) can be used in cross function reentrancies:\n\t- AbsToken.currentLPIndex (../..Utopia.sol#518)\n\t- AbsToken.processLP(uint256) (../..Utopia.sol#525-581)\n\t- currentLPIndex ++ (../..Utopia.sol#576)\n\tAbsToken.currentLPIndex (../..Utopia.sol#518) can be used in cross function reentrancies:\n\t- AbsToken.currentLPIndex (../..Utopia.sol#518)\n\t- AbsToken.processLP(uint256) (../..Utopia.sol#525-581)\n\t- progressLPBlock = block.number (../..Utopia.sol#580)\n\tAbsToken.progressLPBlock (../..Utopia.sol#520) can be used in cross function reentrancies:\n\t- AbsToken.processLP(uint256) (../..Utopia.sol#525-581)\n\t- AbsToken.progressLPBlock (../..Utopia.sol#520)\n",
            "name": "reentrancy-no-eth"
        },
        {
            "confidence": "Medium",
            "contract": "/sb/Utopia.sol",
            "filename": "/home/kaixuan/sast_study/solidity/smartbugs/samples/poc_shift/source_code_vuln/predictable_airdrop_address/Utopia_exp/Utopia.sol",
            "function": "_tokenTransfer",
            "impact": "Medium",
            "line": 382,
            "line_end": 423,
            "message": "Reentrancy in AbsToken._tokenTransfer(address,address,uint256,bool,bool) (../..Utopia.sol#382-423):\n\tExternal calls:\n\t- swapTokenForFund(sellAmount) (../..Utopia.sol#417)\n\t\t- _swapRouter.swapExactTokensForTokensSupportingFeeOnTransferTokens(tokenAmount,0,path,address(this),block.timestamp) (../..Utopia.sol#435-441)\n\tState variables written after the call(s):\n\t- _takeTransfer(sender,recipient,tAmount - feeAmount) (../..Utopia.sol#422)\n\t\t- _balances[to] = _balances[to] + tAmount (../..Utopia.sol#449)\n\tAbsToken._balances (../..Utopia.sol#100) can be used in cross function reentrancies:\n\t- AbsToken._airdrop(address,address,uint256) (../..Utopia.sol#327-342)\n\t- AbsToken._funTransfer(address,address,uint256) (../..Utopia.sol#367-380)\n\t- AbsToken._takeTransfer(address,address,uint256) (../..Utopia.sol#444-451)\n\t- AbsToken._tokenTransfer(address,address,uint256,bool,bool) (../..Utopia.sol#382-423)\n\t- AbsToken.balanceOf(address) (../..Utopia.sol#207-209)\n",
            "name": "reentrancy-no-eth"
        },
        {
            "confidence": "Medium",
            "contract": "/sb/Utopia.sol",
            "filename": "/home/kaixuan/sast_study/solidity/smartbugs/samples/poc_shift/source_code_vuln/predictable_airdrop_address/Utopia_exp/Utopia.sol",
            "function": "_transfer",
            "impact": "Medium",
            "line": 242,
            "line_end": 323,
            "message": "Reentrancy in AbsToken._transfer(address,address,uint256) (../..Utopia.sol#242-323):\n\tExternal calls:\n\t- _tokenTransfer(from,to,amount,takeFee,isAddLP) (../..Utopia.sol#309)\n\t\t- _swapRouter.swapExactTokensForTokensSupportingFeeOnTransferTokens(tokenAmount,0,path,address(this),block.timestamp) (../..Utopia.sol#435-441)\n\t- processLPRewardUsdt(rewardGas) (../..Utopia.sol#318)\n\t\t- USDT.transfer(shareHolder,amount) (../..Utopia.sol#653)\n\tState variables written after the call(s):\n\t- processLPRewardUsdt(rewardGas) (../..Utopia.sol#318)\n\t\t- _userLPAmount[shareHolder] = pairBalance (../..Utopia.sol#648)\n\tAbsToken._userLPAmount (../..Utopia.sol#238) can be used in cross function reentrancies:\n\t- AbsToken._transfer(address,address,uint256) (../..Utopia.sol#242-323)\n\t- AbsToken.getUserInfo(address) (../..Utopia.sol#704-710)\n\t- AbsToken.processLP(uint256) (../..Utopia.sol#525-581)\n\t- AbsToken.processLPRewardUsdt(uint256) (../..Utopia.sol#604-665)\n\t- AbsToken.updateLPAmount(address,uint256) (../..Utopia.sol#696-698)\n",
            "name": "reentrancy-no-eth"
        },
        {
            "confidence": "Medium",
            "filename": "/home/kaixuan/sast_study/solidity/smartbugs/samples/poc_shift/source_code_vuln/predictable_airdrop_address/Utopia_exp/Utopia.sol",
            "impact": "Medium",
            "line": 329,
            "message": "AbsToken._airdrop(address,address,uint256).airdropAddress (../..Utopia.sol#329) is a local variable never initialized\n",
            "name": "uninitialized-local"
        },
        {
            "confidence": "Medium",
            "filename": "/home/kaixuan/sast_study/solidity/smartbugs/samples/poc_shift/source_code_vuln/predictable_airdrop_address/Utopia_exp/Utopia.sol",
            "impact": "Medium",
            "line": 281,
            "message": "AbsToken._transfer(address,address,uint256).takeFee (../..Utopia.sol#281) is a local variable never initialized\n",
            "name": "uninitialized-local"
        },
        {
            "confidence": "Medium",
            "filename": "/home/kaixuan/sast_study/solidity/smartbugs/samples/poc_shift/source_code_vuln/predictable_airdrop_address/Utopia_exp/Utopia.sol",
            "impact": "Medium",
            "line": 390,
            "message": "AbsToken._tokenTransfer(address,address,uint256,bool,bool).feeAmount (../..Utopia.sol#390) is a local variable never initialized\n",
            "name": "uninitialized-local"
        },
        {
            "confidence": "Medium",
            "filename": "/home/kaixuan/sast_study/solidity/smartbugs/samples/poc_shift/source_code_vuln/predictable_airdrop_address/Utopia_exp/Utopia.sol",
            "impact": "Medium",
            "line": 271,
            "message": "AbsToken._transfer(address,address,uint256).maxSellAmount (../..Utopia.sol#271) is a local variable never initialized\n",
            "name": "uninitialized-local"
        },
        {
            "confidence": "Medium",
            "filename": "/home/kaixuan/sast_study/solidity/smartbugs/samples/poc_shift/source_code_vuln/predictable_airdrop_address/Utopia_exp/Utopia.sol",
            "impact": "Medium",
            "line": 282,
            "message": "AbsToken._transfer(address,address,uint256).isAddLP (../..Utopia.sol#282) is a local variable never initialized\n",
            "name": "uninitialized-local"
        },
        {
            "confidence": "Medium",
            "contract": "/sb/Utopia.sol",
            "filename": "/home/kaixuan/sast_study/solidity/smartbugs/samples/poc_shift/source_code_vuln/predictable_airdrop_address/Utopia_exp/Utopia.sol",
            "function": "_isAddLiquidity",
            "impact": "Medium",
            "line": 344,
            "line_end": 365,
            "message": "AbsToken._isAddLiquidity(uint256) (../..Utopia.sol#344-365) ignores return value by (r0,r1) = mainPair.getReserves() (../..Utopia.sol#346)\n",
            "name": "unused-return"
        },
        {
            "confidence": "Medium",
            "contract": "/sb/Utopia.sol",
            "filename": "/home/kaixuan/sast_study/solidity/smartbugs/samples/poc_shift/source_code_vuln/predictable_airdrop_address/Utopia_exp/Utopia.sol",
            "function": "constructor",
            "impact": "Medium",
            "line": 80,
            "line_end": 83,
            "message": "TokenDistributor.constructor(address) (../..Utopia.sol#80-83) ignores return value by IERC20(token).approve(msg.sender,~ uint256(0)) (../..Utopia.sol#82)\n",
            "name": "unused-return"
        },
        {
            "confidence": "High",
            "contract": "/sb/Utopia.sol",
            "filename": "/home/kaixuan/sast_study/solidity/smartbugs/samples/poc_shift/source_code_vuln/predictable_airdrop_address/Utopia_exp/Utopia.sol",
            "function": "owner",
            "impact": "Low",
            "line": 233,
            "message": "AbsToken._approve(address,address,uint256).owner (../..Utopia.sol#233) shadows:\n\t- Ownable.owner() (../..Utopia.sol#57-59) (function)\n",
            "name": "shadowing-local"
        },
        {
            "confidence": "High",
            "contract": "/sb/Utopia.sol",
            "filename": "/home/kaixuan/sast_study/solidity/smartbugs/samples/poc_shift/source_code_vuln/predictable_airdrop_address/Utopia_exp/Utopia.sol",
            "function": "owner",
            "impact": "Low",
            "line": 216,
            "message": "AbsToken.allowance(address,address).owner (../..Utopia.sol#216) shadows:\n\t- Ownable.owner() (../..Utopia.sol#57-59) (function)\n",
            "name": "shadowing-local"
        },
        {
            "confidence": "Medium",
            "filename": "/home/kaixuan/sast_study/solidity/smartbugs/samples/poc_shift/source_code_vuln/predictable_airdrop_address/Utopia_exp/Utopia.sol",
            "impact": "Low",
            "line": 459,
            "message": "AbsToken.setFundAddress(address).addr (../..Utopia.sol#459) lacks a zero-check on :\n\t\t- fundAddress = addr (../..Utopia.sol#460)\n",
            "name": "missing-zero-check"
        },
        {
            "confidence": "Medium",
            "contract": "/sb/Utopia.sol",
            "filename": "/home/kaixuan/sast_study/solidity/smartbugs/samples/poc_shift/source_code_vuln/predictable_airdrop_address/Utopia_exp/Utopia.sol",
            "function": "transferFrom",
            "impact": "Low",
            "line": 225,
            "line_end": 231,
            "message": "Reentrancy in AbsToken.transferFrom(address,address,uint256) (../..Utopia.sol#225-231):\n\tExternal calls:\n\t- _transfer(sender,recipient,amount) (../..Utopia.sol#226)\n\t\t- _swapRouter.swapExactTokensForTokensSupportingFeeOnTransferTokens(tokenAmount,0,path,address(this),block.timestamp) (../..Utopia.sol#435-441)\n\t\t- USDT.transfer(shareHolder,amount) (../..Utopia.sol#653)\n\tState variables written after the call(s):\n\t- _allowances[sender][msg.sender] = _allowances[sender][msg.sender] - amount (../..Utopia.sol#228)\n",
            "name": "reentrancy-benign"
        },
        {
            "confidence": "Medium",
            "contract": "/sb/Utopia.sol",
            "filename": "/home/kaixuan/sast_study/solidity/smartbugs/samples/poc_shift/source_code_vuln/predictable_airdrop_address/Utopia_exp/Utopia.sol",
            "function": "_transfer",
            "impact": "Low",
            "line": 242,
            "line_end": 323,
            "message": "Reentrancy in AbsToken._transfer(address,address,uint256) (../..Utopia.sol#242-323):\n\tExternal calls:\n\t- _tokenTransfer(from,to,amount,takeFee,isAddLP) (../..Utopia.sol#309)\n\t\t- _swapRouter.swapExactTokensForTokensSupportingFeeOnTransferTokens(tokenAmount,0,path,address(this),block.timestamp) (../..Utopia.sol#435-441)\n\t- processLPRewardUsdt(rewardGas) (../..Utopia.sol#318)\n\t\t- USDT.transfer(shareHolder,amount) (../..Utopia.sol#653)\n\t- processLP(rewardGas) (../..Utopia.sol#320)\n\t\t- _swapRouter.swapExactTokensForTokensSupportingFeeOnTransferTokens(tokenAmount,0,path,address(this),block.timestamp) (../..Utopia.sol#435-441)\n\tEvent emitted after the call(s):\n\t- Transfer(sender,to,tAmount) (../..Utopia.sol#450)\n\t\t- processLP(rewardGas) (../..Utopia.sol#320)\n",
            "name": "reentrancy-events"
        },
        {
            "confidence": "Medium",
            "contract": "/sb/Utopia.sol",
            "filename": "/home/kaixuan/sast_study/solidity/smartbugs/samples/poc_shift/source_code_vuln/predictable_airdrop_address/Utopia_exp/Utopia.sol",
            "function": "_tokenTransfer",
            "impact": "Low",
            "line": 382,
            "line_end": 423,
            "message": "Reentrancy in AbsToken._tokenTransfer(address,address,uint256,bool,bool) (../..Utopia.sol#382-423):\n\tExternal calls:\n\t- swapTokenForFund(sellAmount) (../..Utopia.sol#417)\n\t\t- _swapRouter.swapExactTokensForTokensSupportingFeeOnTransferTokens(tokenAmount,0,path,address(this),block.timestamp) (../..Utopia.sol#435-441)\n\tEvent emitted after the call(s):\n\t- Transfer(sender,to,tAmount) (../..Utopia.sol#450)\n\t\t- _takeTransfer(sender,recipient,tAmount - feeAmount) (../..Utopia.sol#422)\n",
            "name": "reentrancy-events"
        },
        {
            "confidence": "High",
            "contract": "/sb/Utopia.sol",
            "filename": "/home/kaixuan/sast_study/solidity/smartbugs/samples/poc_shift/source_code_vuln/predictable_airdrop_address/Utopia_exp/Utopia.sol",
            "function": "_addLpProvider",
            "impact": "Informational",
            "line": 504,
            "line_end": 516,
            "message": "AbsToken._addLpProvider(address) (../..Utopia.sol#504-516) uses assembly\n\t- INLINE ASM (../..Utopia.sol#508)\n",
            "name": "assembly"
        },
        {
            "confidence": "High",
            "contract": "/sb/Utopia.sol",
            "filename": "/home/kaixuan/sast_study/solidity/smartbugs/samples/poc_shift/source_code_vuln/predictable_airdrop_address/Utopia_exp/Utopia.sol",
            "function": "_transfer",
            "impact": "Informational",
            "line": 242,
            "line_end": 323,
            "message": "AbsToken._transfer(address,address,uint256) (../..Utopia.sol#242-323) has a high cyclomatic complexity (17).\n",
            "name": "cyclomatic-complexity"
        },
        {
            "confidence": "High",
            "filename": "/home/kaixuan/sast_study/solidity/smartbugs/samples/poc_shift/source_code_vuln/predictable_airdrop_address/Utopia_exp/Utopia.sol",
            "impact": "Informational",
            "message": "solc-0.8.25 is not recommended for deployment\n",
            "name": "solc-version"
        },
        {
            "confidence": "High",
            "filename": "/home/kaixuan/sast_study/solidity/smartbugs/samples/poc_shift/source_code_vuln/predictable_airdrop_address/Utopia_exp/Utopia.sol",
            "impact": "Informational",
            "line": 114,
            "message": "Variable AbsToken._weth (../..Utopia.sol#114) is not in mixedCase\n",
            "name": "naming-convention"
        },
        {
            "confidence": "High",
            "filename": "/home/kaixuan/sast_study/solidity/smartbugs/samples/poc_shift/source_code_vuln/predictable_airdrop_address/Utopia_exp/Utopia.sol",
            "impact": "Informational",
            "line": 79,
            "message": "Variable TokenDistributor._owner (../..Utopia.sol#79) is not in mixedCase\n",
            "name": "naming-convention"
        },
        {
            "confidence": "High",
            "filename": "/home/kaixuan/sast_study/solidity/smartbugs/samples/poc_shift/source_code_vuln/predictable_airdrop_address/Utopia_exp/Utopia.sol",
            "impact": "Informational",
            "line": 128,
            "message": "Variable AbsToken._mainPair (../..Utopia.sol#128) is not in mixedCase\n",
            "name": "naming-convention"
        },
        {
            "confidence": "High",
            "filename": "/home/kaixuan/sast_study/solidity/smartbugs/samples/poc_shift/source_code_vuln/predictable_airdrop_address/Utopia_exp/Utopia.sol",
            "impact": "Informational",
            "line": 130,
            "message": "Variable AbsToken._usdt (../..Utopia.sol#130) is not in mixedCase\n",
            "name": "naming-convention"
        },
        {
            "confidence": "High",
            "contract": "/sb/Utopia.sol",
            "filename": "/home/kaixuan/sast_study/solidity/smartbugs/samples/poc_shift/source_code_vuln/predictable_airdrop_address/Utopia_exp/Utopia.sol",
            "function": "WETH",
            "impact": "Informational",
            "line": 31,
            "message": "Function ISwapRouter.WETH() (../..Utopia.sol#31) is not in mixedCase\n",
            "name": "naming-convention"
        },
        {
            "confidence": "High",
            "filename": "/home/kaixuan/sast_study/solidity/smartbugs/samples/poc_shift/source_code_vuln/predictable_airdrop_address/Utopia_exp/Utopia.sol",
            "impact": "Informational",
            "line": 122,
            "message": "Variable AbsToken._buyDestroyFee (../..Utopia.sol#122) is not in mixedCase\n",
            "name": "naming-convention"
        },
        {
            "confidence": "High",
            "filename": "/home/kaixuan/sast_study/solidity/smartbugs/samples/poc_shift/source_code_vuln/predictable_airdrop_address/Utopia_exp/Utopia.sol",
            "impact": "Informational",
            "line": 113,
            "message": "Variable AbsToken._swapRouter (../..Utopia.sol#113) is not in mixedCase\n",
            "name": "naming-convention"
        },
        {
            "confidence": "High",
            "filename": "/home/kaixuan/sast_study/solidity/smartbugs/samples/poc_shift/source_code_vuln/predictable_airdrop_address/Utopia_exp/Utopia.sol",
            "impact": "Informational",
            "line": 124,
            "message": "Variable AbsToken._sellLPDividendFee (../..Utopia.sol#124) is not in mixedCase\n",
            "name": "naming-convention"
        },
        {
            "confidence": "High",
            "filename": "/home/kaixuan/sast_study/solidity/smartbugs/samples/poc_shift/source_code_vuln/predictable_airdrop_address/Utopia_exp/Utopia.sol",
            "impact": "Informational",
            "line": 133,
            "message": "Variable AbsToken._dividendTokenMax (../..Utopia.sol#133) is not in mixedCase\n",
            "name": "naming-convention"
        },
        {
            "confidence": "High",
            "filename": "/home/kaixuan/sast_study/solidity/smartbugs/samples/poc_shift/source_code_vuln/predictable_airdrop_address/Utopia_exp/Utopia.sol",
            "impact": "Informational",
            "line": 523,
            "message": "Variable AbsToken._rewardGas (../..Utopia.sol#523) is not in mixedCase\n",
            "name": "naming-convention"
        },
        {
            "confidence": "High",
            "filename": "/home/kaixuan/sast_study/solidity/smartbugs/samples/poc_shift/source_code_vuln/predictable_airdrop_address/Utopia_exp/Utopia.sol",
            "impact": "Informational",
            "line": 240,
            "message": "Variable AbsToken._lastMaybeAddLPAmount (../..Utopia.sol#240) is not in mixedCase\n",
            "name": "naming-convention"
        },
        {
            "confidence": "High",
            "filename": "/home/kaixuan/sast_study/solidity/smartbugs/samples/poc_shift/source_code_vuln/predictable_airdrop_address/Utopia_exp/Utopia.sol",
            "impact": "Informational",
            "line": 131,
            "message": "Variable AbsToken._dividendToken (../..Utopia.sol#131) is not in mixedCase\n",
            "name": "naming-convention"
        },
        {
            "confidence": "High",
            "filename": "/home/kaixuan/sast_study/solidity/smartbugs/samples/poc_shift/source_code_vuln/predictable_airdrop_address/Utopia_exp/Utopia.sol",
            "impact": "Informational",
            "line": 109,
            "message": "Variable AbsToken._feeWhiteList (../..Utopia.sol#109) is not in mixedCase\n",
            "name": "naming-convention"
        },
        {
            "confidence": "High",
            "filename": "/home/kaixuan/sast_study/solidity/smartbugs/samples/poc_shift/source_code_vuln/predictable_airdrop_address/Utopia_exp/Utopia.sol",
            "impact": "Informational",
            "line": 132,
            "message": "Variable AbsToken._tokenDistributor (../..Utopia.sol#132) is not in mixedCase\n",
            "name": "naming-convention"
        },
        {
            "confidence": "High",
            "filename": "/home/kaixuan/sast_study/solidity/smartbugs/samples/poc_shift/source_code_vuln/predictable_airdrop_address/Utopia_exp/Utopia.sol",
            "impact": "Informational",
            "line": 121,
            "message": "Variable AbsToken._buyLPDividendFee (../..Utopia.sol#121) is not in mixedCase\n",
            "name": "naming-convention"
        },
        {
            "confidence": "High",
            "filename": "/home/kaixuan/sast_study/solidity/smartbugs/samples/poc_shift/source_code_vuln/predictable_airdrop_address/Utopia_exp/Utopia.sol",
            "impact": "Informational",
            "line": 239,
            "message": "Variable AbsToken._lastMaybeAddLPAddress (../..Utopia.sol#239) is not in mixedCase\n",
            "name": "naming-convention"
        },
        {
            "confidence": "High",
            "filename": "/home/kaixuan/sast_study/solidity/smartbugs/samples/poc_shift/source_code_vuln/predictable_airdrop_address/Utopia_exp/Utopia.sol",
            "impact": "Informational",
            "line": 115,
            "message": "Variable AbsToken._swapPairList (../..Utopia.sol#115) is not in mixedCase\n",
            "name": "naming-convention"
        },
        {
            "confidence": "Medium",
            "contract": "/sb/Utopia.sol",
            "filename": "/home/kaixuan/sast_study/solidity/smartbugs/samples/poc_shift/source_code_vuln/predictable_airdrop_address/Utopia_exp/Utopia.sol",
            "function": "setRewardGas",
            "impact": "Informational",
            "line": 677,
            "line_end": 680,
            "message": "AbsToken.setRewardGas(uint256) (../..Utopia.sol#677-680) uses literals with too many digits:\n\t- require(bool,string)(rewardGas >= 200000 && rewardGas <= 2000000,20-200w) (../..Utopia.sol#678)\n",
            "name": "too-many-digits"
        },
        {
            "confidence": "Medium",
            "contract": "/sb/Utopia.sol",
            "filename": "/home/kaixuan/sast_study/solidity/smartbugs/samples/poc_shift/source_code_vuln/predictable_airdrop_address/Utopia_exp/Utopia.sol",
            "function": "slitherConstructorVariables",
            "impact": "Informational",
            "line": 713,
            "line_end": 733,
            "message": "Utopia.slitherConstructorVariables() (../..Utopia.sol#713-733) uses literals with too many digits:\n\t- _rewardGas = 500000 (../..Utopia.sol#523)\n",
            "name": "too-many-digits"
        },
        {
            "confidence": "High",
            "filename": "/home/kaixuan/sast_study/solidity/smartbugs/samples/poc_shift/source_code_vuln/predictable_airdrop_address/Utopia_exp/Utopia.sol",
            "impact": "Optimization",
            "line": 79,
            "message": "TokenDistributor._owner (../..Utopia.sol#79) should be immutable \n",
            "name": "immutable-states"
        },
        {
            "confidence": "High",
            "filename": "/home/kaixuan/sast_study/solidity/smartbugs/samples/poc_shift/source_code_vuln/predictable_airdrop_address/Utopia_exp/Utopia.sol",
            "impact": "Optimization",
            "line": 131,
            "message": "AbsToken._dividendToken (../..Utopia.sol#131) should be immutable \n",
            "name": "immutable-states"
        },
        {
            "confidence": "High",
            "filename": "/home/kaixuan/sast_study/solidity/smartbugs/samples/poc_shift/source_code_vuln/predictable_airdrop_address/Utopia_exp/Utopia.sol",
            "impact": "Optimization",
            "line": 128,
            "message": "AbsToken._mainPair (../..Utopia.sol#128) should be immutable \n",
            "name": "immutable-states"
        },
        {
            "confidence": "High",
            "filename": "/home/kaixuan/sast_study/solidity/smartbugs/samples/poc_shift/source_code_vuln/predictable_airdrop_address/Utopia_exp/Utopia.sol",
            "impact": "Optimization",
            "line": 130,
            "message": "AbsToken._usdt (../..Utopia.sol#130) should be immutable \n",
            "name": "immutable-states"
        }
    ],
    "infos": [],
    "parser": {
        "id": "slither",
        "mode": "solidity",
        "version": "2022/11/14"
    }
}
