{
    "errors": [
        "EXIT_CODE_1"
    ],
    "fails": [],
    "findings": [
        {
            "column": 1,
            "filename": "/home/kaixuan/sast_study/solidity/smartbugs/samples/poc_shift/source_code_vuln/inconsistent value in balance calculation/Uranium_exp/home/camille/Project/swap/uranium/swap-core/contracts/interfaces/IUraniumCallee.sol.sol",
            "level": "error",
            "line": 1,
            "message": "Compiler version >=0.5.0 does not satisfy the ^0.5.8 semver requirement",
            "name": "compiler-version"
        }
    ],
    "infos": [],
    "parser": {
        "id": "solhint-3.3.8",
        "mode": "solidity",
        "version": "2023/02/12"
    }
}
