{
    "errors": [
        "EXIT_CODE_255"
    ],
    "fails": [],
    "findings": [
        {
            "confidence": "High",
            "contract": "/sb/CoinToken.sol",
            "filename": "/home/kaixuan/sast_study/solidity/smartbugs/samples/poc_shift/source_code_vuln/deliver/BEVO_exp/CoinToken.sol",
            "function": "owner",
            "impact": "Low",
            "line": 529,
            "message": "CoinToken.allowance(address,address).owner (../..CoinToken.sol#529) shadows:\n\t- Ownable.owner() (../..CoinToken.sol#410-412) (function)\n",
            "name": "shadowing-local"
        },
        {
            "confidence": "High",
            "contract": "/sb/CoinToken.sol",
            "filename": "/home/kaixuan/sast_study/solidity/smartbugs/samples/poc_shift/source_code_vuln/deliver/BEVO_exp/CoinToken.sol",
            "function": "owner",
            "impact": "Low",
            "line": 658,
            "message": "CoinToken._approve(address,address,uint256).owner (../..CoinToken.sol#658) shadows:\n\t- Ownable.owner() (../..CoinToken.sol#410-412) (function)\n",
            "name": "shadowing-local"
        },
        {
            "confidence": "Medium",
            "contract": "/sb/CoinToken.sol",
            "filename": "/home/kaixuan/sast_study/solidity/smartbugs/samples/poc_shift/source_code_vuln/deliver/BEVO_exp/CoinToken.sol",
            "function": "updateFee",
            "impact": "Low",
            "line": 632,
            "line_end": 639,
            "message": "CoinToken.updateFee(uint256,uint256,uint256) (../..CoinToken.sol#632-639) should emit an event for: \n\t- _TAX_FEE = _txFee (../..CoinToken.sol#633) \n\t- _BURN_FEE = _burnFee (../..CoinToken.sol#634) \n\t- _CHARITY_FEE = _charityFee (../..CoinToken.sol#635) \n\t- ORIG_TAX_FEE = _TAX_FEE (../..CoinToken.sol#636) \n\t- ORIG_BURN_FEE = _BURN_FEE (../..CoinToken.sol#637) \n\t- ORIG_CHARITY_FEE = _CHARITY_FEE (../..CoinToken.sol#638) \n",
            "name": "events-maths"
        },
        {
            "confidence": "Medium",
            "filename": "/home/kaixuan/sast_study/solidity/smartbugs/samples/poc_shift/source_code_vuln/deliver/BEVO_exp/CoinToken.sol",
            "impact": "Low",
            "line": 482,
            "message": "CoinToken.constructor(string,string,uint256,uint256,uint256,uint256,uint256,address,address).tokenOwner (../..CoinToken.sol#482) lacks a zero-check on :\n\t\t- _owner = tokenOwner (../..CoinToken.sol#497)\n",
            "name": "missing-zero-check"
        },
        {
            "confidence": "Medium",
            "filename": "/home/kaixuan/sast_study/solidity/smartbugs/samples/poc_shift/source_code_vuln/deliver/BEVO_exp/CoinToken.sol",
            "impact": "Low",
            "line": 482,
            "message": "CoinToken.constructor(string,string,uint256,uint256,uint256,uint256,uint256,address,address)._FeeAddress (../..CoinToken.sol#482) lacks a zero-check on :\n\t\t- FeeAddress = _FeeAddress (../..CoinToken.sol#496)\n",
            "name": "missing-zero-check"
        },
        {
            "confidence": "High",
            "contract": "/sb/CoinToken.sol",
            "filename": "/home/kaixuan/sast_study/solidity/smartbugs/samples/poc_shift/source_code_vuln/deliver/BEVO_exp/CoinToken.sol",
            "function": "_functionCallWithValue",
            "impact": "Informational",
            "line": 365,
            "line_end": 386,
            "message": "Address._functionCallWithValue(address,bytes,uint256,string) (../..CoinToken.sol#365-386) uses assembly\n\t- INLINE ASM (../..CoinToken.sol#378-381)\n",
            "name": "assembly"
        },
        {
            "confidence": "High",
            "contract": "/sb/CoinToken.sol",
            "filename": "/home/kaixuan/sast_study/solidity/smartbugs/samples/poc_shift/source_code_vuln/deliver/BEVO_exp/CoinToken.sol",
            "function": "isContract",
            "impact": "Informational",
            "line": 272,
            "line_end": 281,
            "message": "Address.isContract(address) (../..CoinToken.sol#272-281) uses assembly\n\t- INLINE ASM (../..CoinToken.sol#279)\n",
            "name": "assembly"
        },
        {
            "confidence": "Medium",
            "contract": "/sb/CoinToken.sol",
            "filename": "/home/kaixuan/sast_study/solidity/smartbugs/samples/poc_shift/source_code_vuln/deliver/BEVO_exp/CoinToken.sol",
            "function": "includeAccount",
            "impact": "Informational",
            "line": 609,
            "line_end": 620,
            "message": "CoinToken.includeAccount(address) (../..CoinToken.sol#609-620) has costly operations inside a loop:\n\t- _excluded.pop() (../..CoinToken.sol#616)\n",
            "name": "costly-loop"
        },
        {
            "confidence": "Medium",
            "contract": "/sb/CoinToken.sol",
            "filename": "/home/kaixuan/sast_study/solidity/smartbugs/samples/poc_shift/source_code_vuln/deliver/BEVO_exp/CoinToken.sol",
            "function": "_getTaxFee",
            "impact": "Informational",
            "line": 850,
            "line_end": 852,
            "message": "CoinToken._getTaxFee() (../..CoinToken.sol#850-852) is never used and should be removed\n",
            "name": "dead-code"
        },
        {
            "confidence": "Medium",
            "contract": "/sb/CoinToken.sol",
            "filename": "/home/kaixuan/sast_study/solidity/smartbugs/samples/poc_shift/source_code_vuln/deliver/BEVO_exp/CoinToken.sol",
            "function": "sendValue",
            "impact": "Informational",
            "line": 299,
            "line_end": 305,
            "message": "Address.sendValue(address,uint256) (../..CoinToken.sol#299-305) is never used and should be removed\n",
            "name": "dead-code"
        },
        {
            "confidence": "Medium",
            "contract": "/sb/CoinToken.sol",
            "filename": "/home/kaixuan/sast_study/solidity/smartbugs/samples/poc_shift/source_code_vuln/deliver/BEVO_exp/CoinToken.sol",
            "function": "functionCallWithValue",
            "impact": "Informational",
            "line": 350,
            "line_end": 352,
            "message": "Address.functionCallWithValue(address,bytes,uint256) (../..CoinToken.sol#350-352) is never used and should be removed\n",
            "name": "dead-code"
        },
        {
            "confidence": "Medium",
            "contract": "/sb/CoinToken.sol",
            "filename": "/home/kaixuan/sast_study/solidity/smartbugs/samples/poc_shift/source_code_vuln/deliver/BEVO_exp/CoinToken.sol",
            "function": "mod",
            "impact": "Informational",
            "line": 245,
            "line_end": 248,
            "message": "SafeMath.mod(uint256,uint256,string) (../..CoinToken.sol#245-248) is never used and should be removed\n",
            "name": "dead-code"
        },
        {
            "confidence": "Medium",
            "contract": "/sb/CoinToken.sol",
            "filename": "/home/kaixuan/sast_study/solidity/smartbugs/samples/poc_shift/source_code_vuln/deliver/BEVO_exp/CoinToken.sol",
            "function": "functionCallWithValue",
            "impact": "Informational",
            "line": 360,
            "line_end": 363,
            "message": "Address.functionCallWithValue(address,bytes,uint256,string) (../..CoinToken.sol#360-363) is never used and should be removed\n",
            "name": "dead-code"
        },
        {
            "confidence": "Medium",
            "contract": "/sb/CoinToken.sol",
            "filename": "/home/kaixuan/sast_study/solidity/smartbugs/samples/poc_shift/source_code_vuln/deliver/BEVO_exp/CoinToken.sol",
            "function": "_msgData",
            "impact": "Informational",
            "line": 15,
            "line_end": 18,
            "message": "Context._msgData() (../..CoinToken.sol#15-18) is never used and should be removed\n",
            "name": "dead-code"
        },
        {
            "confidence": "Medium",
            "contract": "/sb/CoinToken.sol",
            "filename": "/home/kaixuan/sast_study/solidity/smartbugs/samples/poc_shift/source_code_vuln/deliver/BEVO_exp/CoinToken.sol",
            "function": "mod",
            "impact": "Informational",
            "line": 229,
            "line_end": 231,
            "message": "SafeMath.mod(uint256,uint256) (../..CoinToken.sol#229-231) is never used and should be removed\n",
            "name": "dead-code"
        },
        {
            "confidence": "Medium",
            "contract": "/sb/CoinToken.sol",
            "filename": "/home/kaixuan/sast_study/solidity/smartbugs/samples/poc_shift/source_code_vuln/deliver/BEVO_exp/CoinToken.sol",
            "function": "_functionCallWithValue",
            "impact": "Informational",
            "line": 365,
            "line_end": 386,
            "message": "Address._functionCallWithValue(address,bytes,uint256,string) (../..CoinToken.sol#365-386) is never used and should be removed\n",
            "name": "dead-code"
        },
        {
            "confidence": "Medium",
            "contract": "/sb/CoinToken.sol",
            "filename": "/home/kaixuan/sast_study/solidity/smartbugs/samples/poc_shift/source_code_vuln/deliver/BEVO_exp/CoinToken.sol",
            "function": "isContract",
            "impact": "Informational",
            "line": 272,
            "line_end": 281,
            "message": "Address.isContract(address) (../..CoinToken.sol#272-281) is never used and should be removed\n",
            "name": "dead-code"
        },
        {
            "confidence": "Medium",
            "contract": "/sb/CoinToken.sol",
            "filename": "/home/kaixuan/sast_study/solidity/smartbugs/samples/poc_shift/source_code_vuln/deliver/BEVO_exp/CoinToken.sol",
            "function": "functionCall",
            "impact": "Informational",
            "line": 335,
            "line_end": 337,
            "message": "Address.functionCall(address,bytes,string) (../..CoinToken.sol#335-337) is never used and should be removed\n",
            "name": "dead-code"
        },
        {
            "confidence": "Medium",
            "contract": "/sb/CoinToken.sol",
            "filename": "/home/kaixuan/sast_study/solidity/smartbugs/samples/poc_shift/source_code_vuln/deliver/BEVO_exp/CoinToken.sol",
            "function": "functionCall",
            "impact": "Informational",
            "line": 325,
            "line_end": 327,
            "message": "Address.functionCall(address,bytes) (../..CoinToken.sol#325-327) is never used and should be removed\n",
            "name": "dead-code"
        },
        {
            "confidence": "High",
            "filename": "/home/kaixuan/sast_study/solidity/smartbugs/samples/poc_shift/source_code_vuln/deliver/BEVO_exp/CoinToken.sol",
            "impact": "Informational",
            "message": "solc-0.8.25 is not recommended for deployment\n",
            "name": "solc-version"
        },
        {
            "confidence": "High",
            "filename": "/home/kaixuan/sast_study/solidity/smartbugs/samples/poc_shift/source_code_vuln/deliver/BEVO_exp/CoinToken.sol",
            "impact": "Informational",
            "line": 7,
            "message": "Pragma version^0.8.2 (../..CoinToken.sol#7) allows old versions\n",
            "name": "solc-version"
        },
        {
            "confidence": "High",
            "contract": "/sb/CoinToken.sol",
            "filename": "/home/kaixuan/sast_study/solidity/smartbugs/samples/poc_shift/source_code_vuln/deliver/BEVO_exp/CoinToken.sol",
            "function": "_functionCallWithValue",
            "impact": "Informational",
            "line": 365,
            "line_end": 386,
            "message": "Low level call in Address._functionCallWithValue(address,bytes,uint256,string) (../..CoinToken.sol#365-386):\n\t- (success,returndata) = target.call{value: weiValue}(data) (../..CoinToken.sol#369)\n",
            "name": "low-level-calls"
        },
        {
            "confidence": "High",
            "contract": "/sb/CoinToken.sol",
            "filename": "/home/kaixuan/sast_study/solidity/smartbugs/samples/poc_shift/source_code_vuln/deliver/BEVO_exp/CoinToken.sol",
            "function": "sendValue",
            "impact": "Informational",
            "line": 299,
            "line_end": 305,
            "message": "Low level call in Address.sendValue(address,uint256) (../..CoinToken.sol#299-305):\n\t- (success) = recipient.call{value: amount}() (../..CoinToken.sol#303)\n",
            "name": "low-level-calls"
        },
        {
            "confidence": "High",
            "filename": "/home/kaixuan/sast_study/solidity/smartbugs/samples/poc_shift/source_code_vuln/deliver/BEVO_exp/CoinToken.sol",
            "impact": "Informational",
            "line": 632,
            "message": "Parameter CoinToken.updateFee(uint256,uint256,uint256)._txFee (../..CoinToken.sol#632) is not in mixedCase\n",
            "name": "naming-convention"
        },
        {
            "confidence": "High",
            "filename": "/home/kaixuan/sast_study/solidity/smartbugs/samples/poc_shift/source_code_vuln/deliver/BEVO_exp/CoinToken.sol",
            "impact": "Informational",
            "line": 628,
            "message": "Parameter CoinToken.burn(uint256)._value (../..CoinToken.sol#628) is not in mixedCase\n",
            "name": "naming-convention"
        },
        {
            "confidence": "High",
            "filename": "/home/kaixuan/sast_study/solidity/smartbugs/samples/poc_shift/source_code_vuln/deliver/BEVO_exp/CoinToken.sol",
            "impact": "Informational",
            "line": 632,
            "message": "Parameter CoinToken.updateFee(uint256,uint256,uint256)._charityFee (../..CoinToken.sol#632) is not in mixedCase\n",
            "name": "naming-convention"
        },
        {
            "confidence": "High",
            "filename": "/home/kaixuan/sast_study/solidity/smartbugs/samples/poc_shift/source_code_vuln/deliver/BEVO_exp/CoinToken.sol",
            "impact": "Informational",
            "line": 474,
            "message": "Variable CoinToken._BURN_FEE (../..CoinToken.sol#474) is not in mixedCase\n",
            "name": "naming-convention"
        },
        {
            "confidence": "High",
            "filename": "/home/kaixuan/sast_study/solidity/smartbugs/samples/poc_shift/source_code_vuln/deliver/BEVO_exp/CoinToken.sol",
            "impact": "Informational",
            "line": 457,
            "message": "Variable CoinToken._NAME (../..CoinToken.sol#457) is not in mixedCase\n",
            "name": "naming-convention"
        },
        {
            "confidence": "High",
            "filename": "/home/kaixuan/sast_study/solidity/smartbugs/samples/poc_shift/source_code_vuln/deliver/BEVO_exp/CoinToken.sol",
            "impact": "Informational",
            "line": 480,
            "message": "Variable CoinToken.ORIG_CHARITY_FEE (../..CoinToken.sol#480) is not in mixedCase\n",
            "name": "naming-convention"
        },
        {
            "confidence": "High",
            "filename": "/home/kaixuan/sast_study/solidity/smartbugs/samples/poc_shift/source_code_vuln/deliver/BEVO_exp/CoinToken.sol",
            "impact": "Informational",
            "line": 473,
            "message": "Variable CoinToken._TAX_FEE (../..CoinToken.sol#473) is not in mixedCase\n",
            "name": "naming-convention"
        },
        {
            "confidence": "High",
            "filename": "/home/kaixuan/sast_study/solidity/smartbugs/samples/poc_shift/source_code_vuln/deliver/BEVO_exp/CoinToken.sol",
            "impact": "Informational",
            "line": 479,
            "message": "Variable CoinToken.ORIG_BURN_FEE (../..CoinToken.sol#479) is not in mixedCase\n",
            "name": "naming-convention"
        },
        {
            "confidence": "High",
            "filename": "/home/kaixuan/sast_study/solidity/smartbugs/samples/poc_shift/source_code_vuln/deliver/BEVO_exp/CoinToken.sol",
            "impact": "Informational",
            "line": 402,
            "message": "Variable Ownable._owner (../..CoinToken.sol#402) is not in mixedCase\n",
            "name": "naming-convention"
        },
        {
            "confidence": "High",
            "filename": "/home/kaixuan/sast_study/solidity/smartbugs/samples/poc_shift/source_code_vuln/deliver/BEVO_exp/CoinToken.sol",
            "impact": "Informational",
            "line": 478,
            "message": "Variable CoinToken.ORIG_TAX_FEE (../..CoinToken.sol#478) is not in mixedCase\n",
            "name": "naming-convention"
        },
        {
            "confidence": "High",
            "filename": "/home/kaixuan/sast_study/solidity/smartbugs/samples/poc_shift/source_code_vuln/deliver/BEVO_exp/CoinToken.sol",
            "impact": "Informational",
            "line": 462,
            "message": "Variable CoinToken._MAX (../..CoinToken.sol#462) is not in mixedCase\n",
            "name": "naming-convention"
        },
        {
            "confidence": "High",
            "filename": "/home/kaixuan/sast_study/solidity/smartbugs/samples/poc_shift/source_code_vuln/deliver/BEVO_exp/CoinToken.sol",
            "impact": "Informational",
            "line": 463,
            "message": "Variable CoinToken._DECIMALFACTOR (../..CoinToken.sol#463) is not in mixedCase\n",
            "name": "naming-convention"
        },
        {
            "confidence": "High",
            "filename": "/home/kaixuan/sast_study/solidity/smartbugs/samples/poc_shift/source_code_vuln/deliver/BEVO_exp/CoinToken.sol",
            "impact": "Informational",
            "line": 459,
            "message": "Variable CoinToken._DECIMALS (../..CoinToken.sol#459) is not in mixedCase\n",
            "name": "naming-convention"
        },
        {
            "confidence": "High",
            "filename": "/home/kaixuan/sast_study/solidity/smartbugs/samples/poc_shift/source_code_vuln/deliver/BEVO_exp/CoinToken.sol",
            "impact": "Informational",
            "line": 458,
            "message": "Variable CoinToken._SYMBOL (../..CoinToken.sol#458) is not in mixedCase\n",
            "name": "naming-convention"
        },
        {
            "confidence": "High",
            "filename": "/home/kaixuan/sast_study/solidity/smartbugs/samples/poc_shift/source_code_vuln/deliver/BEVO_exp/CoinToken.sol",
            "impact": "Informational",
            "line": 460,
            "message": "Variable CoinToken.FeeAddress (../..CoinToken.sol#460) is not in mixedCase\n",
            "name": "naming-convention"
        },
        {
            "confidence": "High",
            "filename": "/home/kaixuan/sast_study/solidity/smartbugs/samples/poc_shift/source_code_vuln/deliver/BEVO_exp/CoinToken.sol",
            "impact": "Informational",
            "line": 464,
            "message": "Variable CoinToken._GRANULARITY (../..CoinToken.sol#464) is not in mixedCase\n",
            "name": "naming-convention"
        },
        {
            "confidence": "High",
            "filename": "/home/kaixuan/sast_study/solidity/smartbugs/samples/poc_shift/source_code_vuln/deliver/BEVO_exp/CoinToken.sol",
            "impact": "Informational",
            "line": 475,
            "message": "Variable CoinToken._CHARITY_FEE (../..CoinToken.sol#475) is not in mixedCase\n",
            "name": "naming-convention"
        },
        {
            "confidence": "High",
            "filename": "/home/kaixuan/sast_study/solidity/smartbugs/samples/poc_shift/source_code_vuln/deliver/BEVO_exp/CoinToken.sol",
            "impact": "Informational",
            "line": 632,
            "message": "Parameter CoinToken.updateFee(uint256,uint256,uint256)._burnFee (../..CoinToken.sol#632) is not in mixedCase\n",
            "name": "naming-convention"
        },
        {
            "confidence": "High",
            "filename": "/home/kaixuan/sast_study/solidity/smartbugs/samples/poc_shift/source_code_vuln/deliver/BEVO_exp/CoinToken.sol",
            "impact": "Informational",
            "line": 16,
            "message": "Redundant expression \"this (../..CoinToken.sol#16)\" inContext (../..CoinToken.sol#10-19)\n",
            "name": "redundant-statements"
        },
        {
            "confidence": "Medium",
            "filename": "/home/kaixuan/sast_study/solidity/smartbugs/samples/poc_shift/source_code_vuln/deliver/BEVO_exp/CoinToken.sol",
            "impact": "Informational",
            "line": 740,
            "message": "Variable CoinToken._excludedToTransferContent(address,address,uint256,uint256,uint256).rTransferAmount (../..CoinToken.sol#740) is too similar to CoinToken._excludedFromTransferContent(address,address,uint256,uint256,uint256).tTransferAmount (../..CoinToken.sol#722)\n",
            "name": "similar-names"
        },
        {
            "confidence": "Medium",
            "filename": "/home/kaixuan/sast_study/solidity/smartbugs/samples/poc_shift/source_code_vuln/deliver/BEVO_exp/CoinToken.sol",
            "impact": "Informational",
            "line": 706,
            "message": "Variable CoinToken._standardTransferContent(address,address,uint256,uint256).rTransferAmount (../..CoinToken.sol#706) is too similar to CoinToken._bothTransferContent(address,address,uint256,uint256,uint256,uint256).tTransferAmount (../..CoinToken.sol#757)\n",
            "name": "similar-names"
        },
        {
            "confidence": "Medium",
            "filename": "/home/kaixuan/sast_study/solidity/smartbugs/samples/poc_shift/source_code_vuln/deliver/BEVO_exp/CoinToken.sol",
            "impact": "Informational",
            "line": 697,
            "message": "Variable CoinToken._transferStandard(address,address,uint256).rTransferAmount (../..CoinToken.sol#697) is too similar to CoinToken._getValues(uint256).tTransferAmount (../..CoinToken.sol#776)\n",
            "name": "similar-names"
        },
        {
            "confidence": "Medium",
            "filename": "/home/kaixuan/sast_study/solidity/smartbugs/samples/poc_shift/source_code_vuln/deliver/BEVO_exp/CoinToken.sol",
            "impact": "Informational",
            "line": 740,
            "message": "Variable CoinToken._excludedToTransferContent(address,address,uint256,uint256,uint256).rTransferAmount (../..CoinToken.sol#740) is too similar to CoinToken._transferBothExcluded(address,address,uint256).tTransferAmount (../..CoinToken.sol#748)\n",
            "name": "similar-names"
        },
        {
            "confidence": "Medium",
            "filename": "/home/kaixuan/sast_study/solidity/smartbugs/samples/poc_shift/source_code_vuln/deliver/BEVO_exp/CoinToken.sol",
            "impact": "Informational",
            "line": 779,
            "message": "Variable CoinToken._getValues(uint256).rTransferAmount (../..CoinToken.sol#779) is too similar to CoinToken._transferStandard(address,address,uint256).tTransferAmount (../..CoinToken.sol#697)\n",
            "name": "similar-names"
        },
        {
            "confidence": "Medium",
            "filename": "/home/kaixuan/sast_study/solidity/smartbugs/samples/poc_shift/source_code_vuln/deliver/BEVO_exp/CoinToken.sol",
            "impact": "Informational",
            "line": 803,
            "message": "Variable CoinToken._getRTransferAmount(uint256,uint256,uint256,uint256,uint256).rTransferAmount (../..CoinToken.sol#803) is too similar to CoinToken._transferBothExcluded(address,address,uint256).tTransferAmount (../..CoinToken.sol#748)\n",
            "name": "similar-names"
        },
        {
            "confidence": "Medium",
            "filename": "/home/kaixuan/sast_study/solidity/smartbugs/samples/poc_shift/source_code_vuln/deliver/BEVO_exp/CoinToken.sol",
            "impact": "Informational",
            "line": 779,
            "message": "Variable CoinToken._getValues(uint256).rTransferAmount (../..CoinToken.sol#779) is too similar to CoinToken._transferBothExcluded(address,address,uint256).tTransferAmount (../..CoinToken.sol#748)\n",
            "name": "similar-names"
        },
        {
            "confidence": "Medium",
            "filename": "/home/kaixuan/sast_study/solidity/smartbugs/samples/poc_shift/source_code_vuln/deliver/BEVO_exp/CoinToken.sol",
            "impact": "Informational",
            "line": 748,
            "message": "Variable CoinToken._transferBothExcluded(address,address,uint256).rTransferAmount (../..CoinToken.sol#748) is too similar to CoinToken._bothTransferContent(address,address,uint256,uint256,uint256,uint256).tTransferAmount (../..CoinToken.sol#757)\n",
            "name": "similar-names"
        },
        {
            "confidence": "Medium",
            "filename": "/home/kaixuan/sast_study/solidity/smartbugs/samples/poc_shift/source_code_vuln/deliver/BEVO_exp/CoinToken.sol",
            "impact": "Informational",
            "line": 713,
            "message": "Variable CoinToken._transferToExcluded(address,address,uint256).rTransferAmount (../..CoinToken.sol#713) is too similar to CoinToken._getValues(uint256).tTransferAmount (../..CoinToken.sol#776)\n",
            "name": "similar-names"
        },
        {
            "confidence": "Medium",
            "filename": "/home/kaixuan/sast_study/solidity/smartbugs/samples/poc_shift/source_code_vuln/deliver/BEVO_exp/CoinToken.sol",
            "impact": "Informational",
            "line": 589,
            "message": "Variable CoinToken.reflectionFromToken(uint256,bool).rTransferAmount (../..CoinToken.sol#589) is too similar to CoinToken._transferToExcluded(address,address,uint256).tTransferAmount (../..CoinToken.sol#713)\n",
            "name": "similar-names"
        },
        {
            "confidence": "Medium",
            "filename": "/home/kaixuan/sast_study/solidity/smartbugs/samples/poc_shift/source_code_vuln/deliver/BEVO_exp/CoinToken.sol",
            "impact": "Informational",
            "line": 779,
            "message": "Variable CoinToken._getValues(uint256).rTransferAmount (../..CoinToken.sol#779) is too similar to CoinToken._transferToExcluded(address,address,uint256).tTransferAmount (../..CoinToken.sol#713)\n",
            "name": "similar-names"
        },
        {
            "confidence": "Medium",
            "filename": "/home/kaixuan/sast_study/solidity/smartbugs/samples/poc_shift/source_code_vuln/deliver/BEVO_exp/CoinToken.sol",
            "impact": "Informational",
            "line": 757,
            "message": "Variable CoinToken._bothTransferContent(address,address,uint256,uint256,uint256,uint256).rTransferAmount (../..CoinToken.sol#757) is too similar to CoinToken._transferStandard(address,address,uint256).tTransferAmount (../..CoinToken.sol#697)\n",
            "name": "similar-names"
        },
        {
            "confidence": "Medium",
            "filename": "/home/kaixuan/sast_study/solidity/smartbugs/samples/poc_shift/source_code_vuln/deliver/BEVO_exp/CoinToken.sol",
            "impact": "Informational",
            "line": 722,
            "message": "Variable CoinToken._excludedFromTransferContent(address,address,uint256,uint256,uint256).rTransferAmount (../..CoinToken.sol#722) is too similar to CoinToken._transferStandard(address,address,uint256).tTransferAmount (../..CoinToken.sol#697)\n",
            "name": "similar-names"
        },
        {
            "confidence": "Medium",
            "filename": "/home/kaixuan/sast_study/solidity/smartbugs/samples/poc_shift/source_code_vuln/deliver/BEVO_exp/CoinToken.sol",
            "impact": "Informational",
            "line": 803,
            "message": "Variable CoinToken._getRTransferAmount(uint256,uint256,uint256,uint256,uint256).rTransferAmount (../..CoinToken.sol#803) is too similar to CoinToken._transferFromExcluded(address,address,uint256).tTransferAmount (../..CoinToken.sol#731)\n",
            "name": "similar-names"
        },
        {
            "confidence": "Medium",
            "filename": "/home/kaixuan/sast_study/solidity/smartbugs/samples/poc_shift/source_code_vuln/deliver/BEVO_exp/CoinToken.sol",
            "impact": "Informational",
            "line": 803,
            "message": "Variable CoinToken._getRTransferAmount(uint256,uint256,uint256,uint256,uint256).rTransferAmount (../..CoinToken.sol#803) is too similar to CoinToken._transferToExcluded(address,address,uint256).tTransferAmount (../..CoinToken.sol#713)\n",
            "name": "similar-names"
        },
        {
            "confidence": "Medium",
            "filename": "/home/kaixuan/sast_study/solidity/smartbugs/samples/poc_shift/source_code_vuln/deliver/BEVO_exp/CoinToken.sol",
            "impact": "Informational",
            "line": 697,
            "message": "Variable CoinToken._transferStandard(address,address,uint256).rTransferAmount (../..CoinToken.sol#697) is too similar to CoinToken._transferFromExcluded(address,address,uint256).tTransferAmount (../..CoinToken.sol#731)\n",
            "name": "similar-names"
        },
        {
            "confidence": "Medium",
            "filename": "/home/kaixuan/sast_study/solidity/smartbugs/samples/poc_shift/source_code_vuln/deliver/BEVO_exp/CoinToken.sol",
            "impact": "Informational",
            "line": 722,
            "message": "Variable CoinToken._excludedFromTransferContent(address,address,uint256,uint256,uint256).rTransferAmount (../..CoinToken.sol#722) is too similar to CoinToken._getValues(uint256).tTransferAmount (../..CoinToken.sol#776)\n",
            "name": "similar-names"
        },
        {
            "confidence": "Medium",
            "filename": "/home/kaixuan/sast_study/solidity/smartbugs/samples/poc_shift/source_code_vuln/deliver/BEVO_exp/CoinToken.sol",
            "impact": "Informational",
            "line": 697,
            "message": "Variable CoinToken._transferStandard(address,address,uint256).rTransferAmount (../..CoinToken.sol#697) is too similar to CoinToken._transferStandard(address,address,uint256).tTransferAmount (../..CoinToken.sol#697)\n",
            "name": "similar-names"
        },
        {
            "confidence": "Medium",
            "filename": "/home/kaixuan/sast_study/solidity/smartbugs/samples/poc_shift/source_code_vuln/deliver/BEVO_exp/CoinToken.sol",
            "impact": "Informational",
            "line": 706,
            "message": "Variable CoinToken._standardTransferContent(address,address,uint256,uint256).rTransferAmount (../..CoinToken.sol#706) is too similar to CoinToken._transferFromExcluded(address,address,uint256).tTransferAmount (../..CoinToken.sol#731)\n",
            "name": "similar-names"
        },
        {
            "confidence": "Medium",
            "filename": "/home/kaixuan/sast_study/solidity/smartbugs/samples/poc_shift/source_code_vuln/deliver/BEVO_exp/CoinToken.sol",
            "impact": "Informational",
            "line": 589,
            "message": "Variable CoinToken.reflectionFromToken(uint256,bool).rTransferAmount (../..CoinToken.sol#589) is too similar to CoinToken._getValues(uint256).tTransferAmount (../..CoinToken.sol#776)\n",
            "name": "similar-names"
        },
        {
            "confidence": "Medium",
            "filename": "/home/kaixuan/sast_study/solidity/smartbugs/samples/poc_shift/source_code_vuln/deliver/BEVO_exp/CoinToken.sol",
            "impact": "Informational",
            "line": 706,
            "message": "Variable CoinToken._standardTransferContent(address,address,uint256,uint256).rTransferAmount (../..CoinToken.sol#706) is too similar to CoinToken._excludedFromTransferContent(address,address,uint256,uint256,uint256).tTransferAmount (../..CoinToken.sol#722)\n",
            "name": "similar-names"
        },
        {
            "confidence": "Medium",
            "filename": "/home/kaixuan/sast_study/solidity/smartbugs/samples/poc_shift/source_code_vuln/deliver/BEVO_exp/CoinToken.sol",
            "impact": "Informational",
            "line": 803,
            "message": "Variable CoinToken._getRTransferAmount(uint256,uint256,uint256,uint256,uint256).rTransferAmount (../..CoinToken.sol#803) is too similar to CoinToken._getValues(uint256).tTransferAmount (../..CoinToken.sol#776)\n",
            "name": "similar-names"
        },
        {
            "confidence": "Medium",
            "filename": "/home/kaixuan/sast_study/solidity/smartbugs/samples/poc_shift/source_code_vuln/deliver/BEVO_exp/CoinToken.sol",
            "impact": "Informational",
            "line": 722,
            "message": "Variable CoinToken._excludedFromTransferContent(address,address,uint256,uint256,uint256).rTransferAmount (../..CoinToken.sol#722) is too similar to CoinToken._excludedFromTransferContent(address,address,uint256,uint256,uint256).tTransferAmount (../..CoinToken.sol#722)\n",
            "name": "similar-names"
        },
        {
            "confidence": "Medium",
            "filename": "/home/kaixuan/sast_study/solidity/smartbugs/samples/poc_shift/source_code_vuln/deliver/BEVO_exp/CoinToken.sol",
            "impact": "Informational",
            "line": 740,
            "message": "Variable CoinToken._excludedToTransferContent(address,address,uint256,uint256,uint256).rTransferAmount (../..CoinToken.sol#740) is too similar to CoinToken._bothTransferContent(address,address,uint256,uint256,uint256,uint256).tTransferAmount (../..CoinToken.sol#757)\n",
            "name": "similar-names"
        },
        {
            "confidence": "Medium",
            "filename": "/home/kaixuan/sast_study/solidity/smartbugs/samples/poc_shift/source_code_vuln/deliver/BEVO_exp/CoinToken.sol",
            "impact": "Informational",
            "line": 731,
            "message": "Variable CoinToken._transferFromExcluded(address,address,uint256).rTransferAmount (../..CoinToken.sol#731) is too similar to CoinToken._transferBothExcluded(address,address,uint256).tTransferAmount (../..CoinToken.sol#748)\n",
            "name": "similar-names"
        },
        {
            "confidence": "Medium",
            "filename": "/home/kaixuan/sast_study/solidity/smartbugs/samples/poc_shift/source_code_vuln/deliver/BEVO_exp/CoinToken.sol",
            "impact": "Informational",
            "line": 748,
            "message": "Variable CoinToken._transferBothExcluded(address,address,uint256).rTransferAmount (../..CoinToken.sol#748) is too similar to CoinToken._transferBothExcluded(address,address,uint256).tTransferAmount (../..CoinToken.sol#748)\n",
            "name": "similar-names"
        },
        {
            "confidence": "Medium",
            "filename": "/home/kaixuan/sast_study/solidity/smartbugs/samples/poc_shift/source_code_vuln/deliver/BEVO_exp/CoinToken.sol",
            "impact": "Informational",
            "line": 697,
            "message": "Variable CoinToken._transferStandard(address,address,uint256).rTransferAmount (../..CoinToken.sol#697) is too similar to CoinToken._excludedFromTransferContent(address,address,uint256,uint256,uint256).tTransferAmount (../..CoinToken.sol#722)\n",
            "name": "similar-names"
        },
        {
            "confidence": "Medium",
            "filename": "/home/kaixuan/sast_study/solidity/smartbugs/samples/poc_shift/source_code_vuln/deliver/BEVO_exp/CoinToken.sol",
            "impact": "Informational",
            "line": 713,
            "message": "Variable CoinToken._transferToExcluded(address,address,uint256).rTransferAmount (../..CoinToken.sol#713) is too similar to CoinToken._transferStandard(address,address,uint256).tTransferAmount (../..CoinToken.sol#697)\n",
            "name": "similar-names"
        },
        {
            "confidence": "Medium",
            "filename": "/home/kaixuan/sast_study/solidity/smartbugs/samples/poc_shift/source_code_vuln/deliver/BEVO_exp/CoinToken.sol",
            "impact": "Informational",
            "line": 697,
            "message": "Variable CoinToken._transferStandard(address,address,uint256).rTransferAmount (../..CoinToken.sol#697) is too similar to CoinToken._transferToExcluded(address,address,uint256).tTransferAmount (../..CoinToken.sol#713)\n",
            "name": "similar-names"
        },
        {
            "confidence": "Medium",
            "filename": "/home/kaixuan/sast_study/solidity/smartbugs/samples/poc_shift/source_code_vuln/deliver/BEVO_exp/CoinToken.sol",
            "impact": "Informational",
            "line": 697,
            "message": "Variable CoinToken._transferStandard(address,address,uint256).rTransferAmount (../..CoinToken.sol#697) is too similar to CoinToken._bothTransferContent(address,address,uint256,uint256,uint256,uint256).tTransferAmount (../..CoinToken.sol#757)\n",
            "name": "similar-names"
        },
        {
            "confidence": "Medium",
            "filename": "/home/kaixuan/sast_study/solidity/smartbugs/samples/poc_shift/source_code_vuln/deliver/BEVO_exp/CoinToken.sol",
            "impact": "Informational",
            "line": 697,
            "message": "Variable CoinToken._transferStandard(address,address,uint256).rTransferAmount (../..CoinToken.sol#697) is too similar to CoinToken._transferBothExcluded(address,address,uint256).tTransferAmount (../..CoinToken.sol#748)\n",
            "name": "similar-names"
        },
        {
            "confidence": "Medium",
            "filename": "/home/kaixuan/sast_study/solidity/smartbugs/samples/poc_shift/source_code_vuln/deliver/BEVO_exp/CoinToken.sol",
            "impact": "Informational",
            "line": 731,
            "message": "Variable CoinToken._transferFromExcluded(address,address,uint256).rTransferAmount (../..CoinToken.sol#731) is too similar to CoinToken._excludedFromTransferContent(address,address,uint256,uint256,uint256).tTransferAmount (../..CoinToken.sol#722)\n",
            "name": "similar-names"
        },
        {
            "confidence": "Medium",
            "filename": "/home/kaixuan/sast_study/solidity/smartbugs/samples/poc_shift/source_code_vuln/deliver/BEVO_exp/CoinToken.sol",
            "impact": "Informational",
            "line": 779,
            "message": "Variable CoinToken._getValues(uint256).rTransferAmount (../..CoinToken.sol#779) is too similar to CoinToken._transferFromExcluded(address,address,uint256).tTransferAmount (../..CoinToken.sol#731)\n",
            "name": "similar-names"
        },
        {
            "confidence": "Medium",
            "filename": "/home/kaixuan/sast_study/solidity/smartbugs/samples/poc_shift/source_code_vuln/deliver/BEVO_exp/CoinToken.sol",
            "impact": "Informational",
            "line": 757,
            "message": "Variable CoinToken._bothTransferContent(address,address,uint256,uint256,uint256,uint256).rTransferAmount (../..CoinToken.sol#757) is too similar to CoinToken._transferBothExcluded(address,address,uint256).tTransferAmount (../..CoinToken.sol#748)\n",
            "name": "similar-names"
        },
        {
            "confidence": "Medium",
            "filename": "/home/kaixuan/sast_study/solidity/smartbugs/samples/poc_shift/source_code_vuln/deliver/BEVO_exp/CoinToken.sol",
            "impact": "Informational",
            "line": 722,
            "message": "Variable CoinToken._excludedFromTransferContent(address,address,uint256,uint256,uint256).rTransferAmount (../..CoinToken.sol#722) is too similar to CoinToken._transferFromExcluded(address,address,uint256).tTransferAmount (../..CoinToken.sol#731)\n",
            "name": "similar-names"
        },
        {
            "confidence": "Medium",
            "filename": "/home/kaixuan/sast_study/solidity/smartbugs/samples/poc_shift/source_code_vuln/deliver/BEVO_exp/CoinToken.sol",
            "impact": "Informational",
            "line": 779,
            "message": "Variable CoinToken._getValues(uint256).rTransferAmount (../..CoinToken.sol#779) is too similar to CoinToken._getValues(uint256).tTransferAmount (../..CoinToken.sol#776)\n",
            "name": "similar-names"
        },
        {
            "confidence": "Medium",
            "filename": "/home/kaixuan/sast_study/solidity/smartbugs/samples/poc_shift/source_code_vuln/deliver/BEVO_exp/CoinToken.sol",
            "impact": "Informational",
            "line": 748,
            "message": "Variable CoinToken._transferBothExcluded(address,address,uint256).rTransferAmount (../..CoinToken.sol#748) is too similar to CoinToken._excludedFromTransferContent(address,address,uint256,uint256,uint256).tTransferAmount (../..CoinToken.sol#722)\n",
            "name": "similar-names"
        },
        {
            "confidence": "Medium",
            "filename": "/home/kaixuan/sast_study/solidity/smartbugs/samples/poc_shift/source_code_vuln/deliver/BEVO_exp/CoinToken.sol",
            "impact": "Informational",
            "line": 740,
            "message": "Variable CoinToken._excludedToTransferContent(address,address,uint256,uint256,uint256).rTransferAmount (../..CoinToken.sol#740) is too similar to CoinToken._transferFromExcluded(address,address,uint256).tTransferAmount (../..CoinToken.sol#731)\n",
            "name": "similar-names"
        },
        {
            "confidence": "Medium",
            "filename": "/home/kaixuan/sast_study/solidity/smartbugs/samples/poc_shift/source_code_vuln/deliver/BEVO_exp/CoinToken.sol",
            "impact": "Informational",
            "line": 706,
            "message": "Variable CoinToken._standardTransferContent(address,address,uint256,uint256).rTransferAmount (../..CoinToken.sol#706) is too similar to CoinToken._getValues(uint256).tTransferAmount (../..CoinToken.sol#776)\n",
            "name": "similar-names"
        },
        {
            "confidence": "Medium",
            "filename": "/home/kaixuan/sast_study/solidity/smartbugs/samples/poc_shift/source_code_vuln/deliver/BEVO_exp/CoinToken.sol",
            "impact": "Informational",
            "line": 589,
            "message": "Variable CoinToken.reflectionFromToken(uint256,bool).rTransferAmount (../..CoinToken.sol#589) is too similar to CoinToken._transferFromExcluded(address,address,uint256).tTransferAmount (../..CoinToken.sol#731)\n",
            "name": "similar-names"
        },
        {
            "confidence": "Medium",
            "filename": "/home/kaixuan/sast_study/solidity/smartbugs/samples/poc_shift/source_code_vuln/deliver/BEVO_exp/CoinToken.sol",
            "impact": "Informational",
            "line": 757,
            "message": "Variable CoinToken._bothTransferContent(address,address,uint256,uint256,uint256,uint256).rTransferAmount (../..CoinToken.sol#757) is too similar to CoinToken._transferFromExcluded(address,address,uint256).tTransferAmount (../..CoinToken.sol#731)\n",
            "name": "similar-names"
        },
        {
            "confidence": "Medium",
            "filename": "/home/kaixuan/sast_study/solidity/smartbugs/samples/poc_shift/source_code_vuln/deliver/BEVO_exp/CoinToken.sol",
            "impact": "Informational",
            "line": 779,
            "message": "Variable CoinToken._getValues(uint256).rTransferAmount (../..CoinToken.sol#779) is too similar to CoinToken._bothTransferContent(address,address,uint256,uint256,uint256,uint256).tTransferAmount (../..CoinToken.sol#757)\n",
            "name": "similar-names"
        },
        {
            "confidence": "Medium",
            "filename": "/home/kaixuan/sast_study/solidity/smartbugs/samples/poc_shift/source_code_vuln/deliver/BEVO_exp/CoinToken.sol",
            "impact": "Informational",
            "line": 722,
            "message": "Variable CoinToken._excludedFromTransferContent(address,address,uint256,uint256,uint256).rTransferAmount (../..CoinToken.sol#722) is too similar to CoinToken._transferToExcluded(address,address,uint256).tTransferAmount (../..CoinToken.sol#713)\n",
            "name": "similar-names"
        },
        {
            "confidence": "Medium",
            "filename": "/home/kaixuan/sast_study/solidity/smartbugs/samples/poc_shift/source_code_vuln/deliver/BEVO_exp/CoinToken.sol",
            "impact": "Informational",
            "line": 713,
            "message": "Variable CoinToken._transferToExcluded(address,address,uint256).rTransferAmount (../..CoinToken.sol#713) is too similar to CoinToken._transferBothExcluded(address,address,uint256).tTransferAmount (../..CoinToken.sol#748)\n",
            "name": "similar-names"
        },
        {
            "confidence": "Medium",
            "filename": "/home/kaixuan/sast_study/solidity/smartbugs/samples/poc_shift/source_code_vuln/deliver/BEVO_exp/CoinToken.sol",
            "impact": "Informational",
            "line": 589,
            "message": "Variable CoinToken.reflectionFromToken(uint256,bool).rTransferAmount (../..CoinToken.sol#589) is too similar to CoinToken._excludedFromTransferContent(address,address,uint256,uint256,uint256).tTransferAmount (../..CoinToken.sol#722)\n",
            "name": "similar-names"
        },
        {
            "confidence": "Medium",
            "filename": "/home/kaixuan/sast_study/solidity/smartbugs/samples/poc_shift/source_code_vuln/deliver/BEVO_exp/CoinToken.sol",
            "impact": "Informational",
            "line": 803,
            "message": "Variable CoinToken._getRTransferAmount(uint256,uint256,uint256,uint256,uint256).rTransferAmount (../..CoinToken.sol#803) is too similar to CoinToken._transferStandard(address,address,uint256).tTransferAmount (../..CoinToken.sol#697)\n",
            "name": "similar-names"
        },
        {
            "confidence": "Medium",
            "filename": "/home/kaixuan/sast_study/solidity/smartbugs/samples/poc_shift/source_code_vuln/deliver/BEVO_exp/CoinToken.sol",
            "impact": "Informational",
            "line": 757,
            "message": "Variable CoinToken._bothTransferContent(address,address,uint256,uint256,uint256,uint256).rTransferAmount (../..CoinToken.sol#757) is too similar to CoinToken._transferToExcluded(address,address,uint256).tTransferAmount (../..CoinToken.sol#713)\n",
            "name": "similar-names"
        },
        {
            "confidence": "Medium",
            "filename": "/home/kaixuan/sast_study/solidity/smartbugs/samples/poc_shift/source_code_vuln/deliver/BEVO_exp/CoinToken.sol",
            "impact": "Informational",
            "line": 748,
            "message": "Variable CoinToken._transferBothExcluded(address,address,uint256).rTransferAmount (../..CoinToken.sol#748) is too similar to CoinToken._transferFromExcluded(address,address,uint256).tTransferAmount (../..CoinToken.sol#731)\n",
            "name": "similar-names"
        },
        {
            "confidence": "Medium",
            "filename": "/home/kaixuan/sast_study/solidity/smartbugs/samples/poc_shift/source_code_vuln/deliver/BEVO_exp/CoinToken.sol",
            "impact": "Informational",
            "line": 589,
            "message": "Variable CoinToken.reflectionFromToken(uint256,bool).rTransferAmount (../..CoinToken.sol#589) is too similar to CoinToken._transferStandard(address,address,uint256).tTransferAmount (../..CoinToken.sol#697)\n",
            "name": "similar-names"
        },
        {
            "confidence": "Medium",
            "filename": "/home/kaixuan/sast_study/solidity/smartbugs/samples/poc_shift/source_code_vuln/deliver/BEVO_exp/CoinToken.sol",
            "impact": "Informational",
            "line": 706,
            "message": "Variable CoinToken._standardTransferContent(address,address,uint256,uint256).rTransferAmount (../..CoinToken.sol#706) is too similar to CoinToken._transferToExcluded(address,address,uint256).tTransferAmount (../..CoinToken.sol#713)\n",
            "name": "similar-names"
        },
        {
            "confidence": "Medium",
            "filename": "/home/kaixuan/sast_study/solidity/smartbugs/samples/poc_shift/source_code_vuln/deliver/BEVO_exp/CoinToken.sol",
            "impact": "Informational",
            "line": 731,
            "message": "Variable CoinToken._transferFromExcluded(address,address,uint256).rTransferAmount (../..CoinToken.sol#731) is too similar to CoinToken._bothTransferContent(address,address,uint256,uint256,uint256,uint256).tTransferAmount (../..CoinToken.sol#757)\n",
            "name": "similar-names"
        },
        {
            "confidence": "Medium",
            "filename": "/home/kaixuan/sast_study/solidity/smartbugs/samples/poc_shift/source_code_vuln/deliver/BEVO_exp/CoinToken.sol",
            "impact": "Informational",
            "line": 713,
            "message": "Variable CoinToken._transferToExcluded(address,address,uint256).rTransferAmount (../..CoinToken.sol#713) is too similar to CoinToken._excludedFromTransferContent(address,address,uint256,uint256,uint256).tTransferAmount (../..CoinToken.sol#722)\n",
            "name": "similar-names"
        },
        {
            "confidence": "Medium",
            "filename": "/home/kaixuan/sast_study/solidity/smartbugs/samples/poc_shift/source_code_vuln/deliver/BEVO_exp/CoinToken.sol",
            "impact": "Informational",
            "line": 731,
            "message": "Variable CoinToken._transferFromExcluded(address,address,uint256).rTransferAmount (../..CoinToken.sol#731) is too similar to CoinToken._getValues(uint256).tTransferAmount (../..CoinToken.sol#776)\n",
            "name": "similar-names"
        },
        {
            "confidence": "Medium",
            "filename": "/home/kaixuan/sast_study/solidity/smartbugs/samples/poc_shift/source_code_vuln/deliver/BEVO_exp/CoinToken.sol",
            "impact": "Informational",
            "line": 731,
            "message": "Variable CoinToken._transferFromExcluded(address,address,uint256).rTransferAmount (../..CoinToken.sol#731) is too similar to CoinToken._transferFromExcluded(address,address,uint256).tTransferAmount (../..CoinToken.sol#731)\n",
            "name": "similar-names"
        },
        {
            "confidence": "Medium",
            "filename": "/home/kaixuan/sast_study/solidity/smartbugs/samples/poc_shift/source_code_vuln/deliver/BEVO_exp/CoinToken.sol",
            "impact": "Informational",
            "line": 757,
            "message": "Variable CoinToken._bothTransferContent(address,address,uint256,uint256,uint256,uint256).rTransferAmount (../..CoinToken.sol#757) is too similar to CoinToken._bothTransferContent(address,address,uint256,uint256,uint256,uint256).tTransferAmount (../..CoinToken.sol#757)\n",
            "name": "similar-names"
        },
        {
            "confidence": "Medium",
            "filename": "/home/kaixuan/sast_study/solidity/smartbugs/samples/poc_shift/source_code_vuln/deliver/BEVO_exp/CoinToken.sol",
            "impact": "Informational",
            "line": 748,
            "message": "Variable CoinToken._transferBothExcluded(address,address,uint256).rTransferAmount (../..CoinToken.sol#748) is too similar to CoinToken._getValues(uint256).tTransferAmount (../..CoinToken.sol#776)\n",
            "name": "similar-names"
        },
        {
            "confidence": "Medium",
            "filename": "/home/kaixuan/sast_study/solidity/smartbugs/samples/poc_shift/source_code_vuln/deliver/BEVO_exp/CoinToken.sol",
            "impact": "Informational",
            "line": 722,
            "message": "Variable CoinToken._excludedFromTransferContent(address,address,uint256,uint256,uint256).rTransferAmount (../..CoinToken.sol#722) is too similar to CoinToken._transferBothExcluded(address,address,uint256).tTransferAmount (../..CoinToken.sol#748)\n",
            "name": "similar-names"
        },
        {
            "confidence": "Medium",
            "filename": "/home/kaixuan/sast_study/solidity/smartbugs/samples/poc_shift/source_code_vuln/deliver/BEVO_exp/CoinToken.sol",
            "impact": "Informational",
            "line": 748,
            "message": "Variable CoinToken._transferBothExcluded(address,address,uint256).rTransferAmount (../..CoinToken.sol#748) is too similar to CoinToken._transferToExcluded(address,address,uint256).tTransferAmount (../..CoinToken.sol#713)\n",
            "name": "similar-names"
        },
        {
            "confidence": "Medium",
            "filename": "/home/kaixuan/sast_study/solidity/smartbugs/samples/poc_shift/source_code_vuln/deliver/BEVO_exp/CoinToken.sol",
            "impact": "Informational",
            "line": 713,
            "message": "Variable CoinToken._transferToExcluded(address,address,uint256).rTransferAmount (../..CoinToken.sol#713) is too similar to CoinToken._transferFromExcluded(address,address,uint256).tTransferAmount (../..CoinToken.sol#731)\n",
            "name": "similar-names"
        },
        {
            "confidence": "Medium",
            "filename": "/home/kaixuan/sast_study/solidity/smartbugs/samples/poc_shift/source_code_vuln/deliver/BEVO_exp/CoinToken.sol",
            "impact": "Informational",
            "line": 713,
            "message": "Variable CoinToken._transferToExcluded(address,address,uint256).rTransferAmount (../..CoinToken.sol#713) is too similar to CoinToken._transferToExcluded(address,address,uint256).tTransferAmount (../..CoinToken.sol#713)\n",
            "name": "similar-names"
        },
        {
            "confidence": "Medium",
            "filename": "/home/kaixuan/sast_study/solidity/smartbugs/samples/poc_shift/source_code_vuln/deliver/BEVO_exp/CoinToken.sol",
            "impact": "Informational",
            "line": 748,
            "message": "Variable CoinToken._transferBothExcluded(address,address,uint256).rTransferAmount (../..CoinToken.sol#748) is too similar to CoinToken._transferStandard(address,address,uint256).tTransferAmount (../..CoinToken.sol#697)\n",
            "name": "similar-names"
        },
        {
            "confidence": "Medium",
            "filename": "/home/kaixuan/sast_study/solidity/smartbugs/samples/poc_shift/source_code_vuln/deliver/BEVO_exp/CoinToken.sol",
            "impact": "Informational",
            "line": 589,
            "message": "Variable CoinToken.reflectionFromToken(uint256,bool).rTransferAmount (../..CoinToken.sol#589) is too similar to CoinToken._bothTransferContent(address,address,uint256,uint256,uint256,uint256).tTransferAmount (../..CoinToken.sol#757)\n",
            "name": "similar-names"
        },
        {
            "confidence": "Medium",
            "filename": "/home/kaixuan/sast_study/solidity/smartbugs/samples/poc_shift/source_code_vuln/deliver/BEVO_exp/CoinToken.sol",
            "impact": "Informational",
            "line": 757,
            "message": "Variable CoinToken._bothTransferContent(address,address,uint256,uint256,uint256,uint256).rTransferAmount (../..CoinToken.sol#757) is too similar to CoinToken._getValues(uint256).tTransferAmount (../..CoinToken.sol#776)\n",
            "name": "similar-names"
        },
        {
            "confidence": "Medium",
            "filename": "/home/kaixuan/sast_study/solidity/smartbugs/samples/poc_shift/source_code_vuln/deliver/BEVO_exp/CoinToken.sol",
            "impact": "Informational",
            "line": 740,
            "message": "Variable CoinToken._excludedToTransferContent(address,address,uint256,uint256,uint256).rTransferAmount (../..CoinToken.sol#740) is too similar to CoinToken._getValues(uint256).tTransferAmount (../..CoinToken.sol#776)\n",
            "name": "similar-names"
        },
        {
            "confidence": "Medium",
            "filename": "/home/kaixuan/sast_study/solidity/smartbugs/samples/poc_shift/source_code_vuln/deliver/BEVO_exp/CoinToken.sol",
            "impact": "Informational",
            "line": 779,
            "message": "Variable CoinToken._getValues(uint256).rTransferAmount (../..CoinToken.sol#779) is too similar to CoinToken._excludedFromTransferContent(address,address,uint256,uint256,uint256).tTransferAmount (../..CoinToken.sol#722)\n",
            "name": "similar-names"
        },
        {
            "confidence": "Medium",
            "filename": "/home/kaixuan/sast_study/solidity/smartbugs/samples/poc_shift/source_code_vuln/deliver/BEVO_exp/CoinToken.sol",
            "impact": "Informational",
            "line": 740,
            "message": "Variable CoinToken._excludedToTransferContent(address,address,uint256,uint256,uint256).rTransferAmount (../..CoinToken.sol#740) is too similar to CoinToken._transferStandard(address,address,uint256).tTransferAmount (../..CoinToken.sol#697)\n",
            "name": "similar-names"
        },
        {
            "confidence": "Medium",
            "filename": "/home/kaixuan/sast_study/solidity/smartbugs/samples/poc_shift/source_code_vuln/deliver/BEVO_exp/CoinToken.sol",
            "impact": "Informational",
            "line": 706,
            "message": "Variable CoinToken._standardTransferContent(address,address,uint256,uint256).rTransferAmount (../..CoinToken.sol#706) is too similar to CoinToken._transferBothExcluded(address,address,uint256).tTransferAmount (../..CoinToken.sol#748)\n",
            "name": "similar-names"
        },
        {
            "confidence": "Medium",
            "filename": "/home/kaixuan/sast_study/solidity/smartbugs/samples/poc_shift/source_code_vuln/deliver/BEVO_exp/CoinToken.sol",
            "impact": "Informational",
            "line": 706,
            "message": "Variable CoinToken._standardTransferContent(address,address,uint256,uint256).rTransferAmount (../..CoinToken.sol#706) is too similar to CoinToken._transferStandard(address,address,uint256).tTransferAmount (../..CoinToken.sol#697)\n",
            "name": "similar-names"
        },
        {
            "confidence": "Medium",
            "filename": "/home/kaixuan/sast_study/solidity/smartbugs/samples/poc_shift/source_code_vuln/deliver/BEVO_exp/CoinToken.sol",
            "impact": "Informational",
            "line": 713,
            "message": "Variable CoinToken._transferToExcluded(address,address,uint256).rTransferAmount (../..CoinToken.sol#713) is too similar to CoinToken._bothTransferContent(address,address,uint256,uint256,uint256,uint256).tTransferAmount (../..CoinToken.sol#757)\n",
            "name": "similar-names"
        },
        {
            "confidence": "Medium",
            "filename": "/home/kaixuan/sast_study/solidity/smartbugs/samples/poc_shift/source_code_vuln/deliver/BEVO_exp/CoinToken.sol",
            "impact": "Informational",
            "line": 589,
            "message": "Variable CoinToken.reflectionFromToken(uint256,bool).rTransferAmount (../..CoinToken.sol#589) is too similar to CoinToken._transferBothExcluded(address,address,uint256).tTransferAmount (../..CoinToken.sol#748)\n",
            "name": "similar-names"
        },
        {
            "confidence": "Medium",
            "filename": "/home/kaixuan/sast_study/solidity/smartbugs/samples/poc_shift/source_code_vuln/deliver/BEVO_exp/CoinToken.sol",
            "impact": "Informational",
            "line": 803,
            "message": "Variable CoinToken._getRTransferAmount(uint256,uint256,uint256,uint256,uint256).rTransferAmount (../..CoinToken.sol#803) is too similar to CoinToken._bothTransferContent(address,address,uint256,uint256,uint256,uint256).tTransferAmount (../..CoinToken.sol#757)\n",
            "name": "similar-names"
        },
        {
            "confidence": "Medium",
            "filename": "/home/kaixuan/sast_study/solidity/smartbugs/samples/poc_shift/source_code_vuln/deliver/BEVO_exp/CoinToken.sol",
            "impact": "Informational",
            "line": 731,
            "message": "Variable CoinToken._transferFromExcluded(address,address,uint256).rTransferAmount (../..CoinToken.sol#731) is too similar to CoinToken._transferToExcluded(address,address,uint256).tTransferAmount (../..CoinToken.sol#713)\n",
            "name": "similar-names"
        },
        {
            "confidence": "Medium",
            "filename": "/home/kaixuan/sast_study/solidity/smartbugs/samples/poc_shift/source_code_vuln/deliver/BEVO_exp/CoinToken.sol",
            "impact": "Informational",
            "line": 731,
            "message": "Variable CoinToken._transferFromExcluded(address,address,uint256).rTransferAmount (../..CoinToken.sol#731) is too similar to CoinToken._transferStandard(address,address,uint256).tTransferAmount (../..CoinToken.sol#697)\n",
            "name": "similar-names"
        },
        {
            "confidence": "Medium",
            "filename": "/home/kaixuan/sast_study/solidity/smartbugs/samples/poc_shift/source_code_vuln/deliver/BEVO_exp/CoinToken.sol",
            "impact": "Informational",
            "line": 757,
            "message": "Variable CoinToken._bothTransferContent(address,address,uint256,uint256,uint256,uint256).rTransferAmount (../..CoinToken.sol#757) is too similar to CoinToken._excludedFromTransferContent(address,address,uint256,uint256,uint256).tTransferAmount (../..CoinToken.sol#722)\n",
            "name": "similar-names"
        },
        {
            "confidence": "Medium",
            "filename": "/home/kaixuan/sast_study/solidity/smartbugs/samples/poc_shift/source_code_vuln/deliver/BEVO_exp/CoinToken.sol",
            "impact": "Informational",
            "line": 740,
            "message": "Variable CoinToken._excludedToTransferContent(address,address,uint256,uint256,uint256).rTransferAmount (../..CoinToken.sol#740) is too similar to CoinToken._transferToExcluded(address,address,uint256).tTransferAmount (../..CoinToken.sol#713)\n",
            "name": "similar-names"
        },
        {
            "confidence": "Medium",
            "filename": "/home/kaixuan/sast_study/solidity/smartbugs/samples/poc_shift/source_code_vuln/deliver/BEVO_exp/CoinToken.sol",
            "impact": "Informational",
            "line": 803,
            "message": "Variable CoinToken._getRTransferAmount(uint256,uint256,uint256,uint256,uint256).rTransferAmount (../..CoinToken.sol#803) is too similar to CoinToken._excludedFromTransferContent(address,address,uint256,uint256,uint256).tTransferAmount (../..CoinToken.sol#722)\n",
            "name": "similar-names"
        },
        {
            "confidence": "Medium",
            "filename": "/home/kaixuan/sast_study/solidity/smartbugs/samples/poc_shift/source_code_vuln/deliver/BEVO_exp/CoinToken.sol",
            "impact": "Informational",
            "line": 722,
            "message": "Variable CoinToken._excludedFromTransferContent(address,address,uint256,uint256,uint256).rTransferAmount (../..CoinToken.sol#722) is too similar to CoinToken._bothTransferContent(address,address,uint256,uint256,uint256,uint256).tTransferAmount (../..CoinToken.sol#757)\n",
            "name": "similar-names"
        },
        {
            "confidence": "High",
            "filename": "/home/kaixuan/sast_study/solidity/smartbugs/samples/poc_shift/source_code_vuln/deliver/BEVO_exp/CoinToken.sol",
            "impact": "Optimization",
            "line": 815,
            "message": "Loop condition i < _excluded.length (../..CoinToken.sol#815) should use cached array length instead of referencing `length` member of the storage array.\n ",
            "name": "cache-array-length"
        },
        {
            "confidence": "High",
            "filename": "/home/kaixuan/sast_study/solidity/smartbugs/samples/poc_shift/source_code_vuln/deliver/BEVO_exp/CoinToken.sol",
            "impact": "Optimization",
            "line": 464,
            "message": "CoinToken._GRANULARITY (../..CoinToken.sol#464) should be constant \n",
            "name": "constable-states"
        },
        {
            "confidence": "High",
            "filename": "/home/kaixuan/sast_study/solidity/smartbugs/samples/poc_shift/source_code_vuln/deliver/BEVO_exp/CoinToken.sol",
            "impact": "Optimization",
            "line": 462,
            "message": "CoinToken._MAX (../..CoinToken.sol#462) should be constant \n",
            "name": "constable-states"
        },
        {
            "confidence": "High",
            "filename": "/home/kaixuan/sast_study/solidity/smartbugs/samples/poc_shift/source_code_vuln/deliver/BEVO_exp/CoinToken.sol",
            "impact": "Optimization",
            "line": 463,
            "message": "CoinToken._DECIMALFACTOR (../..CoinToken.sol#463) should be immutable \n",
            "name": "immutable-states"
        },
        {
            "confidence": "High",
            "filename": "/home/kaixuan/sast_study/solidity/smartbugs/samples/poc_shift/source_code_vuln/deliver/BEVO_exp/CoinToken.sol",
            "impact": "Optimization",
            "line": 459,
            "message": "CoinToken._DECIMALS (../..CoinToken.sol#459) should be immutable \n",
            "name": "immutable-states"
        }
    ],
    "infos": [],
    "parser": {
        "id": "slither",
        "mode": "solidity",
        "version": "2022/11/14"
    }
}
