{
    "errors": [
        "EXIT_CODE_1"
    ],
    "fails": [
        "error parsing results: file could not be opened successfully",
        "exception (crytic_compile.platform.exceptions.InvalidCompilation: Invalid solc compilation Warning: SPDX license identifier not provided in source file. Before publishing, consider adding a comment containing \"SPDX-License-Identifier: <SPDX-License>\" to each source file. Use \"SPDX-License-Identifier: UNLICENSED\" for non-open-source code. Please see https://spdx.org for more information.)",
        "exception (json.decoder.JSONDecodeError: Expecting value: line 1 column 1 (char 0))"
    ],
    "findings": [],
    "infos": [],
    "parser": {
        "id": "slither",
        "mode": "solidity",
        "version": "2022/11/14"
    }
}
