{
    "errors": [
        "EXIT_CODE_255"
    ],
    "fails": [],
    "findings": [
        {
            "confidence": "High",
            "filename": "/home/kaixuan/sast_study/solidity/smartbugs/samples/poc_shift/source_code_vuln/flawed_stake/HeavensGate_exp/contracts/interface/IDistributor.sol.sol",
            "impact": "Informational",
            "line": 2,
            "message": "Pragma version0.8.19 (../..IDistributor.sol.sol#2) necessitates a version too recent to be trusted. Consider deploying with 0.8.18.\n",
            "name": "solc-version"
        },
        {
            "confidence": "High",
            "filename": "/home/kaixuan/sast_study/solidity/smartbugs/samples/poc_shift/source_code_vuln/flawed_stake/HeavensGate_exp/contracts/interface/IDistributor.sol.sol",
            "impact": "Informational",
            "message": "solc-0.8.19 is not recommended for deployment\n",
            "name": "solc-version"
        }
    ],
    "infos": [],
    "parser": {
        "id": "slither",
        "mode": "solidity",
        "version": "2022/11/14"
    }
}
