{
    "errors": [
        "EXIT_CODE_255"
    ],
    "fails": [],
    "findings": [
        {
            "confidence": "High",
            "contract": "/sb/QUATERNION.sol",
            "filename": "/home/kaixuan/sast_study/solidity/smartbugs/samples/poc_shift/source_code_vuln/skim_transfer/QTN_exp/QUATERNION.sol",
            "function": "owner",
            "impact": "Low",
            "line": 246,
            "message": "QUATERNION.allowance(address,address).owner (../..QUATERNION.sol#246) shadows:\n\t- Ownable.owner() (../..QUATERNION.sol#133-135) (function)\n",
            "name": "shadowing-local"
        },
        {
            "confidence": "High",
            "contract": "/sb/QUATERNION.sol",
            "filename": "/home/kaixuan/sast_study/solidity/smartbugs/samples/poc_shift/source_code_vuln/skim_transfer/QTN_exp/QUATERNION.sol",
            "function": "owner",
            "impact": "Low",
            "line": 261,
            "message": "QUATERNION._approve(address,address,uint256).owner (../..QUATERNION.sol#261) shadows:\n\t- Ownable.owner() (../..QUATERNION.sol#133-135) (function)\n",
            "name": "shadowing-local"
        },
        {
            "confidence": "Medium",
            "contract": "/sb/QUATERNION.sol",
            "filename": "/home/kaixuan/sast_study/solidity/smartbugs/samples/poc_shift/source_code_vuln/skim_transfer/QTN_exp/QUATERNION.sol",
            "function": "updatePercentForTxLimit",
            "impact": "Low",
            "line": 344,
            "line_end": 347,
            "message": "QUATERNION.updatePercentForTxLimit(uint256) (../..QUATERNION.sol#344-347) should emit an event for: \n\t- _percentForTxLimit = percentForTxLimit (../..QUATERNION.sol#346) \n",
            "name": "events-maths"
        },
        {
            "confidence": "Medium",
            "contract": "/sb/QUATERNION.sol",
            "filename": "/home/kaixuan/sast_study/solidity/smartbugs/samples/poc_shift/source_code_vuln/skim_transfer/QTN_exp/QUATERNION.sol",
            "function": "_transfer",
            "impact": "Low",
            "line": 273,
            "line_end": 311,
            "message": "QUATERNION._transfer(address,address,uint256) (../..QUATERNION.sol#273-311) uses timestamp for comparisons\n\tDangerous comparisons:\n\t- require(bool,string)(_buyInfo[from] == 0 || _buyInfo[from].add(_timeLimitFromLastBuy) < now,ERC20: Tx not allowed yet.) (../..QUATERNION.sol#285)\n",
            "name": "timestamp"
        },
        {
            "confidence": "High",
            "contract": "/sb/QUATERNION.sol",
            "filename": "/home/kaixuan/sast_study/solidity/smartbugs/samples/poc_shift/source_code_vuln/skim_transfer/QTN_exp/QUATERNION.sol",
            "function": "_functionCallWithValue",
            "impact": "Informational",
            "line": 104,
            "line_end": 119,
            "message": "Address._functionCallWithValue(address,bytes,uint256,string) (../..QUATERNION.sol#104-119) uses assembly\n\t- INLINE ASM (../..QUATERNION.sol#111-114)\n",
            "name": "assembly"
        },
        {
            "confidence": "High",
            "contract": "/sb/QUATERNION.sol",
            "filename": "/home/kaixuan/sast_study/solidity/smartbugs/samples/poc_shift/source_code_vuln/skim_transfer/QTN_exp/QUATERNION.sol",
            "function": "isContract",
            "impact": "Informational",
            "line": 74,
            "line_end": 79,
            "message": "Address.isContract(address) (../..QUATERNION.sol#74-79) uses assembly\n\t- INLINE ASM (../..QUATERNION.sol#77)\n",
            "name": "assembly"
        },
        {
            "confidence": "Medium",
            "contract": "/sb/QUATERNION.sol",
            "filename": "/home/kaixuan/sast_study/solidity/smartbugs/samples/poc_shift/source_code_vuln/skim_transfer/QTN_exp/QUATERNION.sol",
            "function": "sendValue",
            "impact": "Informational",
            "line": 81,
            "line_end": 85,
            "message": "Address.sendValue(address,uint256) (../..QUATERNION.sol#81-85) is never used and should be removed\n",
            "name": "dead-code"
        },
        {
            "confidence": "Medium",
            "contract": "/sb/QUATERNION.sol",
            "filename": "/home/kaixuan/sast_study/solidity/smartbugs/samples/poc_shift/source_code_vuln/skim_transfer/QTN_exp/QUATERNION.sol",
            "function": "functionCallWithValue",
            "impact": "Informational",
            "line": 95,
            "line_end": 97,
            "message": "Address.functionCallWithValue(address,bytes,uint256) (../..QUATERNION.sol#95-97) is never used and should be removed\n",
            "name": "dead-code"
        },
        {
            "confidence": "Medium",
            "contract": "/sb/QUATERNION.sol",
            "filename": "/home/kaixuan/sast_study/solidity/smartbugs/samples/poc_shift/source_code_vuln/skim_transfer/QTN_exp/QUATERNION.sol",
            "function": "mod",
            "impact": "Informational",
            "line": 67,
            "line_end": 70,
            "message": "SafeMath.mod(uint256,uint256,string) (../..QUATERNION.sol#67-70) is never used and should be removed\n",
            "name": "dead-code"
        },
        {
            "confidence": "Medium",
            "contract": "/sb/QUATERNION.sol",
            "filename": "/home/kaixuan/sast_study/solidity/smartbugs/samples/poc_shift/source_code_vuln/skim_transfer/QTN_exp/QUATERNION.sol",
            "function": "functionCallWithValue",
            "impact": "Informational",
            "line": 99,
            "line_end": 102,
            "message": "Address.functionCallWithValue(address,bytes,uint256,string) (../..QUATERNION.sol#99-102) is never used and should be removed\n",
            "name": "dead-code"
        },
        {
            "confidence": "Medium",
            "contract": "/sb/QUATERNION.sol",
            "filename": "/home/kaixuan/sast_study/solidity/smartbugs/samples/poc_shift/source_code_vuln/skim_transfer/QTN_exp/QUATERNION.sol",
            "function": "_msgData",
            "impact": "Informational",
            "line": 10,
            "line_end": 13,
            "message": "Context._msgData() (../..QUATERNION.sol#10-13) is never used and should be removed\n",
            "name": "dead-code"
        },
        {
            "confidence": "Medium",
            "contract": "/sb/QUATERNION.sol",
            "filename": "/home/kaixuan/sast_study/solidity/smartbugs/samples/poc_shift/source_code_vuln/skim_transfer/QTN_exp/QUATERNION.sol",
            "function": "mod",
            "impact": "Informational",
            "line": 63,
            "line_end": 65,
            "message": "SafeMath.mod(uint256,uint256) (../..QUATERNION.sol#63-65) is never used and should be removed\n",
            "name": "dead-code"
        },
        {
            "confidence": "Medium",
            "contract": "/sb/QUATERNION.sol",
            "filename": "/home/kaixuan/sast_study/solidity/smartbugs/samples/poc_shift/source_code_vuln/skim_transfer/QTN_exp/QUATERNION.sol",
            "function": "_functionCallWithValue",
            "impact": "Informational",
            "line": 104,
            "line_end": 119,
            "message": "Address._functionCallWithValue(address,bytes,uint256,string) (../..QUATERNION.sol#104-119) is never used and should be removed\n",
            "name": "dead-code"
        },
        {
            "confidence": "Medium",
            "contract": "/sb/QUATERNION.sol",
            "filename": "/home/kaixuan/sast_study/solidity/smartbugs/samples/poc_shift/source_code_vuln/skim_transfer/QTN_exp/QUATERNION.sol",
            "function": "isContract",
            "impact": "Informational",
            "line": 74,
            "line_end": 79,
            "message": "Address.isContract(address) (../..QUATERNION.sol#74-79) is never used and should be removed\n",
            "name": "dead-code"
        },
        {
            "confidence": "Medium",
            "contract": "/sb/QUATERNION.sol",
            "filename": "/home/kaixuan/sast_study/solidity/smartbugs/samples/poc_shift/source_code_vuln/skim_transfer/QTN_exp/QUATERNION.sol",
            "function": "functionCall",
            "impact": "Informational",
            "line": 91,
            "line_end": 93,
            "message": "Address.functionCall(address,bytes,string) (../..QUATERNION.sol#91-93) is never used and should be removed\n",
            "name": "dead-code"
        },
        {
            "confidence": "Medium",
            "contract": "/sb/QUATERNION.sol",
            "filename": "/home/kaixuan/sast_study/solidity/smartbugs/samples/poc_shift/source_code_vuln/skim_transfer/QTN_exp/QUATERNION.sol",
            "function": "functionCall",
            "impact": "Informational",
            "line": 87,
            "line_end": 89,
            "message": "Address.functionCall(address,bytes) (../..QUATERNION.sol#87-89) is never used and should be removed\n",
            "name": "dead-code"
        },
        {
            "confidence": "High",
            "filename": "/home/kaixuan/sast_study/solidity/smartbugs/samples/poc_shift/source_code_vuln/skim_transfer/QTN_exp/QUATERNION.sol",
            "impact": "Informational",
            "line": 3,
            "message": "Pragma version^0.6.0 (../..QUATERNION.sol#3) allows old versions\n",
            "name": "solc-version"
        },
        {
            "confidence": "High",
            "filename": "/home/kaixuan/sast_study/solidity/smartbugs/samples/poc_shift/source_code_vuln/skim_transfer/QTN_exp/QUATERNION.sol",
            "impact": "Informational",
            "message": "solc-0.6.12 is not recommended for deployment\n",
            "name": "solc-version"
        },
        {
            "confidence": "High",
            "contract": "/sb/QUATERNION.sol",
            "filename": "/home/kaixuan/sast_study/solidity/smartbugs/samples/poc_shift/source_code_vuln/skim_transfer/QTN_exp/QUATERNION.sol",
            "function": "_functionCallWithValue",
            "impact": "Informational",
            "line": 104,
            "line_end": 119,
            "message": "Low level call in Address._functionCallWithValue(address,bytes,uint256,string) (../..QUATERNION.sol#104-119):\n\t- (success,returndata) = target.call{value: weiValue}(data) (../..QUATERNION.sol#106)\n",
            "name": "low-level-calls"
        },
        {
            "confidence": "High",
            "contract": "/sb/QUATERNION.sol",
            "filename": "/home/kaixuan/sast_study/solidity/smartbugs/samples/poc_shift/source_code_vuln/skim_transfer/QTN_exp/QUATERNION.sol",
            "function": "sendValue",
            "impact": "Informational",
            "line": 81,
            "line_end": 85,
            "message": "Low level call in Address.sendValue(address,uint256) (../..QUATERNION.sol#81-85):\n\t- (success) = recipient.call{value: amount}() (../..QUATERNION.sol#83)\n",
            "name": "low-level-calls"
        },
        {
            "confidence": "High",
            "filename": "/home/kaixuan/sast_study/solidity/smartbugs/samples/poc_shift/source_code_vuln/skim_transfer/QTN_exp/QUATERNION.sol",
            "impact": "Informational",
            "line": 200,
            "message": "Variable QUATERNION._percentForRebase (../..QUATERNION.sol#200) is not in mixedCase\n",
            "name": "naming-convention"
        },
        {
            "confidence": "High",
            "filename": "/home/kaixuan/sast_study/solidity/smartbugs/samples/poc_shift/source_code_vuln/skim_transfer/QTN_exp/QUATERNION.sol",
            "impact": "Informational",
            "line": 205,
            "message": "Variable QUATERNION._live (../..QUATERNION.sol#205) is not in mixedCase\n",
            "name": "naming-convention"
        },
        {
            "confidence": "High",
            "filename": "/home/kaixuan/sast_study/solidity/smartbugs/samples/poc_shift/source_code_vuln/skim_transfer/QTN_exp/QUATERNION.sol",
            "impact": "Informational",
            "line": 268,
            "message": "Parameter QUATERNION.rebasePlus(uint256)._amount (../..QUATERNION.sol#268) is not in mixedCase\n",
            "name": "naming-convention"
        },
        {
            "confidence": "High",
            "filename": "/home/kaixuan/sast_study/solidity/smartbugs/samples/poc_shift/source_code_vuln/skim_transfer/QTN_exp/QUATERNION.sol",
            "impact": "Informational",
            "line": 197,
            "message": "Variable QUATERNION._buyInfo (../..QUATERNION.sol#197) is not in mixedCase\n",
            "name": "naming-convention"
        },
        {
            "confidence": "High",
            "filename": "/home/kaixuan/sast_study/solidity/smartbugs/samples/poc_shift/source_code_vuln/skim_transfer/QTN_exp/QUATERNION.sol",
            "impact": "Informational",
            "line": 201,
            "message": "Variable QUATERNION._timeLimitFromLastBuy (../..QUATERNION.sol#201) is not in mixedCase\n",
            "name": "naming-convention"
        },
        {
            "confidence": "High",
            "contract": "/sb/QUATERNION.sol",
            "filename": "/home/kaixuan/sast_study/solidity/smartbugs/samples/poc_shift/source_code_vuln/skim_transfer/QTN_exp/QUATERNION.sol",
            "function": "WETH",
            "impact": "Informational",
            "line": 162,
            "message": "Function IUniswapV2Router02.WETH() (../..QUATERNION.sol#162) is not in mixedCase\n",
            "name": "naming-convention"
        },
        {
            "confidence": "High",
            "filename": "/home/kaixuan/sast_study/solidity/smartbugs/samples/poc_shift/source_code_vuln/skim_transfer/QTN_exp/QUATERNION.sol",
            "impact": "Informational",
            "line": 192,
            "message": "Variable QUATERNION._gonsPerFragment (../..QUATERNION.sol#192) is not in mixedCase\n",
            "name": "naming-convention"
        },
        {
            "confidence": "High",
            "filename": "/home/kaixuan/sast_study/solidity/smartbugs/samples/poc_shift/source_code_vuln/skim_transfer/QTN_exp/QUATERNION.sol",
            "impact": "Informational",
            "line": 199,
            "message": "Variable QUATERNION._percentForTxLimit (../..QUATERNION.sol#199) is not in mixedCase\n",
            "name": "naming-convention"
        },
        {
            "confidence": "High",
            "filename": "/home/kaixuan/sast_study/solidity/smartbugs/samples/poc_shift/source_code_vuln/skim_transfer/QTN_exp/QUATERNION.sol",
            "impact": "Informational",
            "line": 194,
            "message": "Variable QUATERNION._gonBalances (../..QUATERNION.sol#194) is not in mixedCase\n",
            "name": "naming-convention"
        },
        {
            "confidence": "High",
            "filename": "/home/kaixuan/sast_study/solidity/smartbugs/samples/poc_shift/source_code_vuln/skim_transfer/QTN_exp/QUATERNION.sol",
            "impact": "Informational",
            "line": 11,
            "message": "Redundant expression \"this (../..QUATERNION.sol#11)\" inContext (../..QUATERNION.sol#5-14)\n",
            "name": "redundant-statements"
        },
        {
            "confidence": "High",
            "filename": "/home/kaixuan/sast_study/solidity/smartbugs/samples/poc_shift/source_code_vuln/skim_transfer/QTN_exp/QUATERNION.sol",
            "impact": "Optimization",
            "line": 189,
            "message": "QUATERNION.rateOfChange (../..QUATERNION.sol#189) should be constant \n",
            "name": "constable-states"
        },
        {
            "confidence": "High",
            "filename": "/home/kaixuan/sast_study/solidity/smartbugs/samples/poc_shift/source_code_vuln/skim_transfer/QTN_exp/QUATERNION.sol",
            "impact": "Optimization",
            "line": 181,
            "message": "QUATERNION._symbol (../..QUATERNION.sol#181) should be constant \n",
            "name": "constable-states"
        },
        {
            "confidence": "High",
            "filename": "/home/kaixuan/sast_study/solidity/smartbugs/samples/poc_shift/source_code_vuln/skim_transfer/QTN_exp/QUATERNION.sol",
            "impact": "Optimization",
            "line": 180,
            "message": "QUATERNION._name (../..QUATERNION.sol#180) should be constant \n",
            "name": "constable-states"
        },
        {
            "confidence": "High",
            "filename": "/home/kaixuan/sast_study/solidity/smartbugs/samples/poc_shift/source_code_vuln/skim_transfer/QTN_exp/QUATERNION.sol",
            "impact": "Optimization",
            "line": 201,
            "message": "QUATERNION._timeLimitFromLastBuy (../..QUATERNION.sol#201) should be constant \n",
            "name": "constable-states"
        },
        {
            "confidence": "High",
            "filename": "/home/kaixuan/sast_study/solidity/smartbugs/samples/poc_shift/source_code_vuln/skim_transfer/QTN_exp/QUATERNION.sol",
            "impact": "Optimization",
            "line": 182,
            "message": "QUATERNION._decimals (../..QUATERNION.sol#182) should be constant \n",
            "name": "constable-states"
        },
        {
            "confidence": "High",
            "filename": "/home/kaixuan/sast_study/solidity/smartbugs/samples/poc_shift/source_code_vuln/skim_transfer/QTN_exp/QUATERNION.sol",
            "impact": "Optimization",
            "line": 200,
            "message": "QUATERNION._percentForRebase (../..QUATERNION.sol#200) should be constant \n",
            "name": "constable-states"
        },
        {
            "confidence": "High",
            "filename": "/home/kaixuan/sast_study/solidity/smartbugs/samples/poc_shift/source_code_vuln/skim_transfer/QTN_exp/QUATERNION.sol",
            "impact": "Optimization",
            "line": 178,
            "message": "QUATERNION.uniswapV2Pair (../..QUATERNION.sol#178) should be immutable \n",
            "name": "immutable-states"
        },
        {
            "confidence": "High",
            "filename": "/home/kaixuan/sast_study/solidity/smartbugs/samples/poc_shift/source_code_vuln/skim_transfer/QTN_exp/QUATERNION.sol",
            "impact": "Optimization",
            "line": 177,
            "message": "QUATERNION.uniswapV2Router (../..QUATERNION.sol#177) should be immutable \n",
            "name": "immutable-states"
        }
    ],
    "infos": [],
    "parser": {
        "id": "slither",
        "mode": "solidity",
        "version": "2022/11/14"
    }
}
