{
    "errors": [
        "EXIT_CODE_255"
    ],
    "fails": [],
    "findings": [
        {
            "confidence": "Medium",
            "contract": "/sb/SafeMath.sol.sol",
            "filename": "/home/kaixuan/sast_study/solidity/smartbugs/samples/poc_shift/source_code_vuln/inconsistent value in balance calculation/Uranium_exp/home/camille/Project/swap/uranium/swap-core/contracts/libraries/SafeMath.sol.sol",
            "function": "mul",
            "impact": "Informational",
            "line": 14,
            "line_end": 16,
            "message": "SafeMath.mul(uint256,uint256) (../..SafeMath.sol.sol#14-16) is never used and should be removed\n",
            "name": "dead-code"
        },
        {
            "confidence": "Medium",
            "contract": "/sb/SafeMath.sol.sol",
            "filename": "/home/kaixuan/sast_study/solidity/smartbugs/samples/poc_shift/source_code_vuln/inconsistent value in balance calculation/Uranium_exp/home/camille/Project/swap/uranium/swap-core/contracts/libraries/SafeMath.sol.sol",
            "function": "sub",
            "impact": "Informational",
            "line": 10,
            "line_end": 12,
            "message": "SafeMath.sub(uint256,uint256) (../..SafeMath.sol.sol#10-12) is never used and should be removed\n",
            "name": "dead-code"
        },
        {
            "confidence": "Medium",
            "contract": "/sb/SafeMath.sol.sol",
            "filename": "/home/kaixuan/sast_study/solidity/smartbugs/samples/poc_shift/source_code_vuln/inconsistent value in balance calculation/Uranium_exp/home/camille/Project/swap/uranium/swap-core/contracts/libraries/SafeMath.sol.sol",
            "function": "add",
            "impact": "Informational",
            "line": 6,
            "line_end": 8,
            "message": "SafeMath.add(uint256,uint256) (../..SafeMath.sol.sol#6-8) is never used and should be removed\n",
            "name": "dead-code"
        },
        {
            "confidence": "High",
            "filename": "/home/kaixuan/sast_study/solidity/smartbugs/samples/poc_shift/source_code_vuln/inconsistent value in balance calculation/Uranium_exp/home/camille/Project/swap/uranium/swap-core/contracts/libraries/SafeMath.sol.sol",
            "impact": "Informational",
            "message": "solc-0.5.16 is not recommended for deployment\n",
            "name": "solc-version"
        },
        {
            "confidence": "High",
            "filename": "/home/kaixuan/sast_study/solidity/smartbugs/samples/poc_shift/source_code_vuln/inconsistent value in balance calculation/Uranium_exp/home/camille/Project/swap/uranium/swap-core/contracts/libraries/SafeMath.sol.sol",
            "impact": "Informational",
            "line": 1,
            "message": "Pragma version=0.5.16 (../..SafeMath.sol.sol#1) allows old versions\n",
            "name": "solc-version"
        }
    ],
    "infos": [],
    "parser": {
        "id": "slither",
        "mode": "solidity",
        "version": "2022/11/14"
    }
}
