{
    "errors": [
        "EXIT_CODE_1"
    ],
    "fails": [],
    "findings": [
        {
            "column": 8,
            "filename": "/home/kaixuan/sast_study/solidity/smartbugs/samples/poc_shift/source_code_vuln/inconsistent value in balance calculation/Swapos_exp/contracts/SwaposV2ERC20.sol.sol",
            "level": "error",
            "line": 3,
            "message": "Use double quotes for string literals",
            "name": "quotes"
        },
        {
            "column": 8,
            "filename": "/home/kaixuan/sast_study/solidity/smartbugs/samples/poc_shift/source_code_vuln/inconsistent value in balance calculation/Swapos_exp/contracts/SwaposV2ERC20.sol.sol",
            "level": "error",
            "line": 4,
            "message": "Use double quotes for string literals",
            "name": "quotes"
        },
        {
            "column": 5,
            "filename": "/home/kaixuan/sast_study/solidity/smartbugs/samples/poc_shift/source_code_vuln/inconsistent value in balance calculation/Swapos_exp/contracts/SwaposV2ERC20.sol.sol",
            "level": "warning",
            "line": 9,
            "message": "Constant name must be in capitalized SNAKE_CASE",
            "name": "const-name-snakecase"
        },
        {
            "column": 35,
            "filename": "/home/kaixuan/sast_study/solidity/smartbugs/samples/poc_shift/source_code_vuln/inconsistent value in balance calculation/Swapos_exp/contracts/SwaposV2ERC20.sol.sol",
            "level": "error",
            "line": 9,
            "message": "Use double quotes for string literals",
            "name": "quotes"
        },
        {
            "column": 5,
            "filename": "/home/kaixuan/sast_study/solidity/smartbugs/samples/poc_shift/source_code_vuln/inconsistent value in balance calculation/Swapos_exp/contracts/SwaposV2ERC20.sol.sol",
            "level": "warning",
            "line": 10,
            "message": "Constant name must be in capitalized SNAKE_CASE",
            "name": "const-name-snakecase"
        },
        {
            "column": 37,
            "filename": "/home/kaixuan/sast_study/solidity/smartbugs/samples/poc_shift/source_code_vuln/inconsistent value in balance calculation/Swapos_exp/contracts/SwaposV2ERC20.sol.sol",
            "level": "error",
            "line": 10,
            "message": "Use double quotes for string literals",
            "name": "quotes"
        },
        {
            "column": 5,
            "filename": "/home/kaixuan/sast_study/solidity/smartbugs/samples/poc_shift/source_code_vuln/inconsistent value in balance calculation/Swapos_exp/contracts/SwaposV2ERC20.sol.sol",
            "level": "warning",
            "line": 11,
            "message": "Constant name must be in capitalized SNAKE_CASE",
            "name": "const-name-snakecase"
        },
        {
            "column": 5,
            "filename": "/home/kaixuan/sast_study/solidity/smartbugs/samples/poc_shift/source_code_vuln/inconsistent value in balance calculation/Swapos_exp/contracts/SwaposV2ERC20.sol.sol",
            "level": "warning",
            "line": 16,
            "message": "Variable name must be in mixedCase",
            "name": "var-name-mixedcase"
        },
        {
            "column": 9,
            "filename": "/home/kaixuan/sast_study/solidity/smartbugs/samples/poc_shift/source_code_vuln/inconsistent value in balance calculation/Swapos_exp/contracts/SwaposV2ERC20.sol.sol",
            "level": "warning",
            "line": 26,
            "message": "Avoid to use inline assembly. It is acceptable only in rare cases",
            "name": "no-inline-assembly"
        },
        {
            "column": 27,
            "filename": "/home/kaixuan/sast_study/solidity/smartbugs/samples/poc_shift/source_code_vuln/inconsistent value in balance calculation/Swapos_exp/contracts/SwaposV2ERC20.sol.sol",
            "level": "error",
            "line": 31,
            "message": "Use double quotes for string literals",
            "name": "quotes"
        },
        {
            "column": 33,
            "filename": "/home/kaixuan/sast_study/solidity/smartbugs/samples/poc_shift/source_code_vuln/inconsistent value in balance calculation/Swapos_exp/contracts/SwaposV2ERC20.sol.sol",
            "level": "error",
            "line": 33,
            "message": "Use double quotes for string literals",
            "name": "quotes"
        },
        {
            "column": 29,
            "filename": "/home/kaixuan/sast_study/solidity/smartbugs/samples/poc_shift/source_code_vuln/inconsistent value in balance calculation/Swapos_exp/contracts/SwaposV2ERC20.sol.sol",
            "level": "warning",
            "line": 82,
            "message": "Avoid making time-based decisions in your business logic",
            "name": "not-rely-on-time"
        },
        {
            "column": 46,
            "filename": "/home/kaixuan/sast_study/solidity/smartbugs/samples/poc_shift/source_code_vuln/inconsistent value in balance calculation/Swapos_exp/contracts/SwaposV2ERC20.sol.sol",
            "level": "error",
            "line": 82,
            "message": "Use double quotes for string literals",
            "name": "quotes"
        },
        {
            "column": 17,
            "filename": "/home/kaixuan/sast_study/solidity/smartbugs/samples/poc_shift/source_code_vuln/inconsistent value in balance calculation/Swapos_exp/contracts/SwaposV2ERC20.sol.sol",
            "level": "error",
            "line": 85,
            "message": "Use double quotes for string literals",
            "name": "quotes"
        },
        {
            "column": 78,
            "filename": "/home/kaixuan/sast_study/solidity/smartbugs/samples/poc_shift/source_code_vuln/inconsistent value in balance calculation/Swapos_exp/contracts/SwaposV2ERC20.sol.sol",
            "level": "error",
            "line": 91,
            "message": "Use double quotes for string literals",
            "name": "quotes"
        }
    ],
    "infos": [],
    "parser": {
        "id": "solhint-3.3.8",
        "mode": "solidity",
        "version": "2023/02/12"
    }
}
