{
    "errors": [
        "EXIT_CODE_255"
    ],
    "fails": [],
    "findings": [
        {
            "confidence": "Medium",
            "contract": "/sb/Context.sol.sol",
            "filename": "/home/kaixuan/sast_study/solidity/smartbugs/samples/poc_shift/source_code_vuln/skim_transfer/Upswing_exp/Context.sol.sol",
            "function": "_msgSender",
            "impact": "Informational",
            "line": 9,
            "line_end": 11,
            "message": "Context._msgSender() (../..Context.sol.sol#9-11) is never used and should be removed\n",
            "name": "dead-code"
        },
        {
            "confidence": "Medium",
            "contract": "/sb/Context.sol.sol",
            "filename": "/home/kaixuan/sast_study/solidity/smartbugs/samples/poc_shift/source_code_vuln/skim_transfer/Upswing_exp/Context.sol.sol",
            "function": "_msgData",
            "impact": "Informational",
            "line": 13,
            "line_end": 16,
            "message": "Context._msgData() (../..Context.sol.sol#13-16) is never used and should be removed\n",
            "name": "dead-code"
        },
        {
            "confidence": "High",
            "filename": "/home/kaixuan/sast_study/solidity/smartbugs/samples/poc_shift/source_code_vuln/skim_transfer/Upswing_exp/Context.sol.sol",
            "impact": "Informational",
            "line": 2,
            "message": "Pragma version^0.6.0 (../..Context.sol.sol#2) allows old versions\n",
            "name": "solc-version"
        },
        {
            "confidence": "High",
            "filename": "/home/kaixuan/sast_study/solidity/smartbugs/samples/poc_shift/source_code_vuln/skim_transfer/Upswing_exp/Context.sol.sol",
            "impact": "Informational",
            "message": "solc-0.6.12 is not recommended for deployment\n",
            "name": "solc-version"
        },
        {
            "confidence": "High",
            "filename": "/home/kaixuan/sast_study/solidity/smartbugs/samples/poc_shift/source_code_vuln/skim_transfer/Upswing_exp/Context.sol.sol",
            "impact": "Informational",
            "line": 14,
            "message": "Redundant expression \"this (../..Context.sol.sol#14)\" inContext (../..Context.sol.sol#3-17)\n",
            "name": "redundant-statements"
        }
    ],
    "infos": [],
    "parser": {
        "id": "slither",
        "mode": "solidity",
        "version": "2022/11/14"
    }
}
