{
    "errors": [
        "EXIT_CODE_1"
    ],
    "fails": [
        "error parsing results: file could not be opened successfully",
        "exception (crytic_compile.platform.exceptions.InvalidCompilation: Invalid solc compilation /sb/UraniumPair.sol.sol:3:1: Error: Source \"/sb/interfaces/IUraniumPair.sol\" not found: File not found.)",
        "exception (json.decoder.JSONDecodeError: Expecting value: line 1 column 1 (char 0))"
    ],
    "findings": [],
    "infos": [],
    "parser": {
        "id": "slither",
        "mode": "solidity",
        "version": "2022/11/14"
    }
}
