{
    "errors": [],
    "fails": [],
    "findings": [
        {
            "column": 5,
            "filename": "/home/kaixuan/sast_study/solidity/smartbugs/samples/poc_shift/source_code_vuln/inconsistent value in balance calculation/Uranium_exp/home/camille/Project/swap/uranium/swap-core/contracts/libraries/UQ112x112.sol.sol",
            "level": "warning",
            "line": 9,
            "message": "Explicitly mark visibility of state",
            "name": "state-visibility"
        }
    ],
    "infos": [],
    "parser": {
        "id": "solhint-3.3.8",
        "mode": "solidity",
        "version": "2023/02/12"
    }
}
