{
    "errors": [
        "EXIT_CODE_255"
    ],
    "fails": [],
    "findings": [
        {
            "confidence": "Medium",
            "contract": "/sb/Staking.sol.sol",
            "filename": "/home/kaixuan/sast_study/solidity/smartbugs/samples/poc_shift/source_code_vuln/flawed_stake/JumpFarm_exp/contracts/Staking.sol.sol",
            "function": "unstake",
            "impact": "High",
            "line": 341,
            "line_end": 349,
            "message": "Staking.unstake(address,uint256,bool) (../..Staking.sol.sol#341-349) ignores return value by TOKEN.transfer(_to,_amount) (../..Staking.sol.sol#348)\n",
            "name": "unchecked-transfer"
        },
        {
            "confidence": "Medium",
            "contract": "/sb/Staking.sol.sol",
            "filename": "/home/kaixuan/sast_study/solidity/smartbugs/samples/poc_shift/source_code_vuln/flawed_stake/JumpFarm_exp/contracts/Staking.sol.sol",
            "function": "_send",
            "impact": "High",
            "line": 380,
            "line_end": 386,
            "message": "Staking._send(address,uint256) (../..Staking.sol.sol#380-386) ignores return value by sTOKEN.transfer(_to,_amount) (../..Staking.sol.sol#384)\n",
            "name": "unchecked-transfer"
        },
        {
            "confidence": "Medium",
            "contract": "/sb/Staking.sol.sol",
            "filename": "/home/kaixuan/sast_study/solidity/smartbugs/samples/poc_shift/source_code_vuln/flawed_stake/JumpFarm_exp/contracts/Staking.sol.sol",
            "function": "unstake",
            "impact": "High",
            "line": 341,
            "line_end": 349,
            "message": "Staking.unstake(address,uint256,bool) (../..Staking.sol.sol#341-349) ignores return value by sTOKEN.transferFrom(msg.sender,address(this),_amount) (../..Staking.sol.sol#343)\n",
            "name": "unchecked-transfer"
        },
        {
            "confidence": "Medium",
            "contract": "/sb/Staking.sol.sol",
            "filename": "/home/kaixuan/sast_study/solidity/smartbugs/samples/poc_shift/source_code_vuln/flawed_stake/JumpFarm_exp/contracts/Staking.sol.sol",
            "function": "stake",
            "impact": "High",
            "line": 332,
            "line_end": 336,
            "message": "Staking.stake(address,uint256) (../..Staking.sol.sol#332-336) ignores return value by TOKEN.transferFrom(msg.sender,address(this),_amount) (../..Staking.sol.sol#334)\n",
            "name": "unchecked-transfer"
        },
        {
            "confidence": "Medium",
            "contract": "/sb/Staking.sol.sol",
            "filename": "/home/kaixuan/sast_study/solidity/smartbugs/samples/poc_shift/source_code_vuln/flawed_stake/JumpFarm_exp/contracts/Staking.sol.sol",
            "function": "stake",
            "impact": "High",
            "line": 332,
            "line_end": 336,
            "message": "Staking.stake(address,uint256) (../..Staking.sol.sol#332-336) ignores return value by sTOKEN.transfer(_to,_amount) (../..Staking.sol.sol#335)\n",
            "name": "unchecked-transfer"
        },
        {
            "confidence": "Medium",
            "contract": "/sb/Staking.sol.sol",
            "filename": "/home/kaixuan/sast_study/solidity/smartbugs/samples/poc_shift/source_code_vuln/flawed_stake/JumpFarm_exp/contracts/Staking.sol.sol",
            "function": "rebase",
            "impact": "Medium",
            "line": 352,
            "line_end": 372,
            "message": "Reentrancy in Staking.rebase() (../..Staking.sol.sol#352-372):\n\tExternal calls:\n\t- sTOKEN.rebase(epoch.distribute,epoch.number) (../..Staking.sol.sol#354)\n\tState variables written after the call(s):\n\t- epoch.end = epoch.end + epoch.length (../..Staking.sol.sol#356)\n\tStaking.epoch (../..Staking.sol.sol#297) can be used in cross function reentrancies:\n\t- Staking.constructor(address,address,uint256,uint256) (../..Staking.sol.sol#308-325)\n\t- Staking.epoch (../..Staking.sol.sol#297)\n\t- Staking.rebase() (../..Staking.sol.sol#352-372)\n\t- Staking.secondsToNextEpoch() (../..Staking.sol.sol#398-400)\n\t- epoch.number ++ (../..Staking.sol.sol#357)\n\tStaking.epoch (../..Staking.sol.sol#297) can be used in cross function reentrancies:\n\t- Staking.constructor(address,address,uint256,uint256) (../..Staking.sol.sol#308-325)\n\t- Staking.epoch (../..Staking.sol.sol#297)\n\t- Staking.rebase() (../..Staking.sol.sol#352-372)\n\t- Staking.secondsToNextEpoch() (../..Staking.sol.sol#398-400)\n",
            "name": "reentrancy-no-eth"
        },
        {
            "confidence": "Medium",
            "contract": "/sb/Staking.sol.sol",
            "filename": "/home/kaixuan/sast_study/solidity/smartbugs/samples/poc_shift/source_code_vuln/flawed_stake/JumpFarm_exp/contracts/Staking.sol.sol",
            "function": "rebase",
            "impact": "Medium",
            "line": 352,
            "line_end": 372,
            "message": "Reentrancy in Staking.rebase() (../..Staking.sol.sol#352-372):\n\tExternal calls:\n\t- sTOKEN.rebase(epoch.distribute,epoch.number) (../..Staking.sol.sol#354)\n\t- distributor.distribute() (../..Staking.sol.sol#360)\n\tState variables written after the call(s):\n\t- epoch.distribute = 0 (../..Staking.sol.sol#367)\n\tStaking.epoch (../..Staking.sol.sol#297) can be used in cross function reentrancies:\n\t- Staking.constructor(address,address,uint256,uint256) (../..Staking.sol.sol#308-325)\n\t- Staking.epoch (../..Staking.sol.sol#297)\n\t- Staking.rebase() (../..Staking.sol.sol#352-372)\n\t- Staking.secondsToNextEpoch() (../..Staking.sol.sol#398-400)\n\t- epoch.distribute = balance - staked (../..Staking.sol.sol#369)\n\tStaking.epoch (../..Staking.sol.sol#297) can be used in cross function reentrancies:\n\t- Staking.constructor(address,address,uint256,uint256) (../..Staking.sol.sol#308-325)\n\t- Staking.epoch (../..Staking.sol.sol#297)\n\t- Staking.rebase() (../..Staking.sol.sol#352-372)\n\t- Staking.secondsToNextEpoch() (../..Staking.sol.sol#398-400)\n",
            "name": "reentrancy-no-eth"
        },
        {
            "confidence": "Medium",
            "contract": "/sb/Staking.sol.sol",
            "filename": "/home/kaixuan/sast_study/solidity/smartbugs/samples/poc_shift/source_code_vuln/flawed_stake/JumpFarm_exp/contracts/Staking.sol.sol",
            "function": "rebase",
            "impact": "Medium",
            "line": 352,
            "line_end": 372,
            "message": "Staking.rebase() (../..Staking.sol.sol#352-372) ignores return value by sTOKEN.rebase(epoch.distribute,epoch.number) (../..Staking.sol.sol#354)\n",
            "name": "unused-return"
        },
        {
            "confidence": "Medium",
            "contract": "/sb/Staking.sol.sol",
            "filename": "/home/kaixuan/sast_study/solidity/smartbugs/samples/poc_shift/source_code_vuln/flawed_stake/JumpFarm_exp/contracts/Staking.sol.sol",
            "function": "rebase",
            "impact": "Low",
            "line": 352,
            "line_end": 372,
            "message": "Staking.rebase() (../..Staking.sol.sol#352-372) uses timestamp for comparisons\n\tDangerous comparisons:\n\t- epoch.end <= block.timestamp (../..Staking.sol.sol#353)\n",
            "name": "timestamp"
        },
        {
            "confidence": "High",
            "filename": "/home/kaixuan/sast_study/solidity/smartbugs/samples/poc_shift/source_code_vuln/flawed_stake/JumpFarm_exp/contracts/Staking.sol.sol",
            "impact": "Informational",
            "line": 25,
            "message": "Different versions of Solidity are used:\n\t- Version used: ['0.8.19', '^0.8.0']\n\t- 0.8.19 (../..Staking.sol.sol#25)\n\t- 0.8.19 (../..Staking.sol.sol#122)\n\t- 0.8.19 (../..Staking.sol.sol#273)\n\t- ^0.8.0 (../..Staking.sol.sol#35)\n\t- ^0.8.0 (../..Staking.sol.sol#138)\n\t- ^0.8.0 (../..Staking.sol.sol#164)\n\t- ^0.8.0 (../..Staking.sol.sol#188)\n",
            "name": "pragma"
        },
        {
            "confidence": "Medium",
            "contract": "/sb/Staking.sol.sol",
            "filename": "/home/kaixuan/sast_study/solidity/smartbugs/samples/poc_shift/source_code_vuln/flawed_stake/JumpFarm_exp/contracts/Staking.sol.sol",
            "function": "_msgData",
            "impact": "Informational",
            "line": 181,
            "line_end": 183,
            "message": "Context._msgData() (../..Staking.sol.sol#181-183) is never used and should be removed\n",
            "name": "dead-code"
        },
        {
            "confidence": "Medium",
            "contract": "/sb/Staking.sol.sol",
            "filename": "/home/kaixuan/sast_study/solidity/smartbugs/samples/poc_shift/source_code_vuln/flawed_stake/JumpFarm_exp/contracts/Staking.sol.sol",
            "function": "_send",
            "impact": "Informational",
            "line": 380,
            "line_end": 386,
            "message": "Staking._send(address,uint256) (../..Staking.sol.sol#380-386) is never used and should be removed\n",
            "name": "dead-code"
        },
        {
            "confidence": "High",
            "filename": "/home/kaixuan/sast_study/solidity/smartbugs/samples/poc_shift/source_code_vuln/flawed_stake/JumpFarm_exp/contracts/Staking.sol.sol",
            "impact": "Informational",
            "line": 273,
            "message": "Pragma version0.8.19 (../..Staking.sol.sol#273) necessitates a version too recent to be trusted. Consider deploying with 0.8.18.\n",
            "name": "solc-version"
        },
        {
            "confidence": "High",
            "filename": "/home/kaixuan/sast_study/solidity/smartbugs/samples/poc_shift/source_code_vuln/flawed_stake/JumpFarm_exp/contracts/Staking.sol.sol",
            "impact": "Informational",
            "line": 122,
            "message": "Pragma version0.8.19 (../..Staking.sol.sol#122) necessitates a version too recent to be trusted. Consider deploying with 0.8.18.\n",
            "name": "solc-version"
        },
        {
            "confidence": "High",
            "filename": "/home/kaixuan/sast_study/solidity/smartbugs/samples/poc_shift/source_code_vuln/flawed_stake/JumpFarm_exp/contracts/Staking.sol.sol",
            "impact": "Informational",
            "line": 188,
            "message": "Pragma version^0.8.0 (../..Staking.sol.sol#188) allows old versions\n",
            "name": "solc-version"
        },
        {
            "confidence": "High",
            "filename": "/home/kaixuan/sast_study/solidity/smartbugs/samples/poc_shift/source_code_vuln/flawed_stake/JumpFarm_exp/contracts/Staking.sol.sol",
            "impact": "Informational",
            "line": 164,
            "message": "Pragma version^0.8.0 (../..Staking.sol.sol#164) allows old versions\n",
            "name": "solc-version"
        },
        {
            "confidence": "High",
            "filename": "/home/kaixuan/sast_study/solidity/smartbugs/samples/poc_shift/source_code_vuln/flawed_stake/JumpFarm_exp/contracts/Staking.sol.sol",
            "impact": "Informational",
            "line": 35,
            "message": "Pragma version^0.8.0 (../..Staking.sol.sol#35) allows old versions\n",
            "name": "solc-version"
        },
        {
            "confidence": "High",
            "filename": "/home/kaixuan/sast_study/solidity/smartbugs/samples/poc_shift/source_code_vuln/flawed_stake/JumpFarm_exp/contracts/Staking.sol.sol",
            "impact": "Informational",
            "line": 25,
            "message": "Pragma version0.8.19 (../..Staking.sol.sol#25) necessitates a version too recent to be trusted. Consider deploying with 0.8.18.\n",
            "name": "solc-version"
        },
        {
            "confidence": "High",
            "filename": "/home/kaixuan/sast_study/solidity/smartbugs/samples/poc_shift/source_code_vuln/flawed_stake/JumpFarm_exp/contracts/Staking.sol.sol",
            "impact": "Informational",
            "message": "solc-0.8.19 is not recommended for deployment\n",
            "name": "solc-version"
        },
        {
            "confidence": "High",
            "filename": "/home/kaixuan/sast_study/solidity/smartbugs/samples/poc_shift/source_code_vuln/flawed_stake/JumpFarm_exp/contracts/Staking.sol.sol",
            "impact": "Informational",
            "line": 138,
            "message": "Pragma version^0.8.0 (../..Staking.sol.sol#138) allows old versions\n",
            "name": "solc-version"
        },
        {
            "confidence": "High",
            "filename": "/home/kaixuan/sast_study/solidity/smartbugs/samples/poc_shift/source_code_vuln/flawed_stake/JumpFarm_exp/contracts/Staking.sol.sol",
            "impact": "Informational",
            "line": 341,
            "message": "Parameter Staking.unstake(address,uint256,bool)._rebase (../..Staking.sol.sol#341) is not in mixedCase\n",
            "name": "naming-convention"
        },
        {
            "confidence": "High",
            "filename": "/home/kaixuan/sast_study/solidity/smartbugs/samples/poc_shift/source_code_vuln/flawed_stake/JumpFarm_exp/contracts/Staking.sol.sol",
            "impact": "Informational",
            "line": 332,
            "message": "Parameter Staking.stake(address,uint256)._to (../..Staking.sol.sol#332) is not in mixedCase\n",
            "name": "naming-convention"
        },
        {
            "confidence": "High",
            "filename": "/home/kaixuan/sast_study/solidity/smartbugs/samples/poc_shift/source_code_vuln/flawed_stake/JumpFarm_exp/contracts/Staking.sol.sol",
            "impact": "Informational",
            "line": 332,
            "message": "Parameter Staking.stake(address,uint256)._amount (../..Staking.sol.sol#332) is not in mixedCase\n",
            "name": "naming-convention"
        },
        {
            "confidence": "High",
            "filename": "/home/kaixuan/sast_study/solidity/smartbugs/samples/poc_shift/source_code_vuln/flawed_stake/JumpFarm_exp/contracts/Staking.sol.sol",
            "impact": "Informational",
            "line": 406,
            "message": "Parameter Staking.setDistributor(address)._distributor (../..Staking.sol.sol#406) is not in mixedCase\n",
            "name": "naming-convention"
        },
        {
            "confidence": "High",
            "filename": "/home/kaixuan/sast_study/solidity/smartbugs/samples/poc_shift/source_code_vuln/flawed_stake/JumpFarm_exp/contracts/Staking.sol.sol",
            "impact": "Informational",
            "line": 292,
            "message": "Variable Staking.TOKEN (../..Staking.sol.sol#292) is not in mixedCase\n",
            "name": "naming-convention"
        },
        {
            "confidence": "High",
            "filename": "/home/kaixuan/sast_study/solidity/smartbugs/samples/poc_shift/source_code_vuln/flawed_stake/JumpFarm_exp/contracts/Staking.sol.sol",
            "impact": "Informational",
            "line": 341,
            "message": "Parameter Staking.unstake(address,uint256,bool)._amount (../..Staking.sol.sol#341) is not in mixedCase\n",
            "name": "naming-convention"
        },
        {
            "confidence": "High",
            "filename": "/home/kaixuan/sast_study/solidity/smartbugs/samples/poc_shift/source_code_vuln/flawed_stake/JumpFarm_exp/contracts/Staking.sol.sol",
            "impact": "Informational",
            "line": 341,
            "message": "Parameter Staking.unstake(address,uint256,bool)._to (../..Staking.sol.sol#341) is not in mixedCase\n",
            "name": "naming-convention"
        }
    ],
    "infos": [],
    "parser": {
        "id": "slither",
        "mode": "solidity",
        "version": "2022/11/14"
    }
}
