{
    "errors": [
        "EXIT_CODE_255"
    ],
    "fails": [],
    "findings": [
        {
            "confidence": "Medium",
            "contract": "/sb/HODLCapital.sol",
            "filename": "/home/kaixuan/sast_study/solidity/smartbugs/samples/poc_shift/source_code_vuln/deliver/HODLCapital_exp/HODLCapital.sol",
            "function": "sendETHToTeam",
            "impact": "High",
            "line": 1197,
            "line_end": 1200,
            "message": "HODLCapital.sendETHToTeam(uint256) (../..HODLCapital.sol#1197-1200) sends eth to arbitrary user\n\tDangerous calls:\n\t- _HODLWalletAddress.transfer(amount.div(2)) (../..HODLCapital.sol#1198)\n\t- _marketingWalletAddress.transfer(amount.div(2)) (../..HODLCapital.sol#1199)\n",
            "name": "arbitrary-send-eth"
        },
        {
            "confidence": "Medium",
            "contract": "/sb/HODLCapital.sol",
            "filename": "/home/kaixuan/sast_study/solidity/smartbugs/samples/poc_shift/source_code_vuln/deliver/HODLCapital_exp/HODLCapital.sol",
            "function": "_transfer",
            "impact": "High",
            "line": 1128,
            "line_end": 1177,
            "message": "Reentrancy in HODLCapital._transfer(address,address,uint256) (../..HODLCapital.sol#1128-1177):\n\tExternal calls:\n\t- swapTokensForEth(contractTokenBalance) (../..HODLCapital.sol#1159)\n\t\t- uniswapV2Router.swapExactTokensForETHSupportingFeeOnTransferTokens(tokenAmount,0,path,address(this),block.timestamp) (../..HODLCapital.sol#1188-1194)\n\tExternal calls sending eth:\n\t- sendETHToTeam(address(this).balance) (../..HODLCapital.sol#1163)\n\t\t- _HODLWalletAddress.transfer(amount.div(2)) (../..HODLCapital.sol#1198)\n\t\t- _marketingWalletAddress.transfer(amount.div(2)) (../..HODLCapital.sol#1199)\n\tState variables written after the call(s):\n\t- _tokenTransfer(sender,recipient,amount,takeFee) (../..HODLCapital.sol#1176)\n\t\t- _rOwned[address(this)] = _rOwned[address(this)].add(rTeam) (../..HODLCapital.sol#1328)\n\t\t- _rOwned[sender] = _rOwned[sender].sub(rAmount) (../..HODLCapital.sol#1274)\n\t\t- _rOwned[sender] = _rOwned[sender].sub(rAmount) (../..HODLCapital.sol#1254)\n\t\t- _rOwned[recipient] = _rOwned[recipient].add(rTransferAmount) (../..HODLCapital.sol#1255)\n\t\t- _rOwned[sender] = _rOwned[sender].sub(rAmount) (../..HODLCapital.sol#1317)\n\t\t- _rOwned[sender] = _rOwned[sender].sub(rAmount) (../..HODLCapital.sol#1296)\n\t\t- _rOwned[recipient] = _rOwned[recipient].add(rTransferAmount) (../..HODLCapital.sol#1276)\n\t\t- _rOwned[recipient] = _rOwned[recipient].add(rTransferAmount) (../..HODLCapital.sol#1297)\n\t\t- _rOwned[recipient] = _rOwned[recipient].add(rTransferAmount) (../..HODLCapital.sol#1319)\n\tHODLCapital._rOwned (../..HODLCapital.sol#857) can be used in cross function reentrancies:\n\t- HODLCapital._getCurrentSupply() (../..HODLCapital.sol#1410-1421)\n\t- HODLCapital._takeTeam(uint256) (../..HODLCapital.sol#1325-1331)\n\t- HODLCapital._transferBothExcluded(address,address,uint256) (../..HODLCapital.sol#1303-1323)\n\t- HODLCapital._transferFromExcluded(address,address,uint256) (../..HODLCapital.sol#1282-1301)\n\t- HODLCapital._transferStandard(address,address,uint256) (../..HODLCapital.sol#1241-1259)\n\t- HODLCapital._transferToExcluded(address,address,uint256) (../..HODLCapital.sol#1261-1280)\n\t- HODLCapital.balanceOf(address) (../..HODLCapital.sol#945-948)\n\t- HODLCapital.constructor(address,address) (../..HODLCapital.sol#902-927)\n\t- HODLCapital.deliver(uint256) (../..HODLCapital.sol#1038-1048)\n\t- HODLCapital.excludeAccount(address) (../..HODLCapital.sol#1071-1082)\n\t- _tokenTransfer(sender,recipient,amount,takeFee) (../..HODLCapital.sol#1176)\n\t\t- _rTotal = _rTotal.sub(rFee) (../..HODLCapital.sol#1334)\n\tHODLCapital._rTotal (../..HODLCapital.sol#868) can be used in cross function reentrancies:\n\t- HODLCapital._getCurrentSupply() (../..HODLCapital.sol#1410-1421)\n\t- HODLCapital._reflectFee(uint256,uint256) (../..HODLCapital.sol#1333-1336)\n\t- HODLCapital.constructor(address,address) (../..HODLCapital.sol#902-927)\n\t- HODLCapital.deliver(uint256) (../..HODLCapital.sol#1038-1048)\n\t- HODLCapital.tokenFromReflection(uint256) (../..HODLCapital.sol#1065-1069)\n\t- _tokenTransfer(sender,recipient,amount,takeFee) (../..HODLCapital.sol#1176)\n\t\t- _tOwned[address(this)] = _tOwned[address(this)].add(tTeam) (../..HODLCapital.sol#1330)\n\t\t- _tOwned[sender] = _tOwned[sender].sub(tAmount) (../..HODLCapital.sol#1316)\n\t\t- _tOwned[sender] = _tOwned[sender].sub(tAmount) (../..HODLCapital.sol#1295)\n\t\t- _tOwned[recipient] = _tOwned[recipient].add(tTransferAmount) (../..HODLCapital.sol#1275)\n\t\t- _tOwned[recipient] = _tOwned[recipient].add(tTransferAmount) (../..HODLCapital.sol#1318)\n\tHODLCapital._tOwned (../..HODLCapital.sol#858) can be used in cross function reentrancies:\n\t- HODLCapital._getCurrentSupply() (../..HODLCapital.sol#1410-1421)\n\t- HODLCapital._takeTeam(uint256) (../..HODLCapital.sol#1325-1331)\n\t- HODLCapital._transferBothExcluded(address,address,uint256) (../..HODLCapital.sol#1303-1323)\n\t- HODLCapital._transferFromExcluded(address,address,uint256) (../..HODLCapital.sol#1282-1301)\n\t- HODLCapital._transferToExcluded(address,address,uint256) (../..HODLCapital.sol#1261-1280)\n\t- HODLCapital.balanceOf(address) (../..HODLCapital.sol#945-948)\n\t- HODLCapital.excludeAccount(address) (../..HODLCapital.sol#1071-1082)\n\t- HODLCapital.includeAccount(address) (../..HODLCapital.sol#1084-1095)\n",
            "name": "reentrancy-eth"
        },
        {
            "confidence": "High",
            "contract": "/sb/HODLCapital.sol",
            "filename": "/home/kaixuan/sast_study/solidity/smartbugs/samples/poc_shift/source_code_vuln/deliver/HODLCapital_exp/HODLCapital.sol",
            "function": "owner",
            "impact": "Low",
            "line": 959,
            "message": "HODLCapital.allowance(address,address).owner (../..HODLCapital.sol#959) shadows:\n\t- Ownable.owner() (../..HODLCapital.sol#455-457) (function)\n",
            "name": "shadowing-local"
        },
        {
            "confidence": "High",
            "contract": "/sb/HODLCapital.sol",
            "filename": "/home/kaixuan/sast_study/solidity/smartbugs/samples/poc_shift/source_code_vuln/deliver/HODLCapital_exp/HODLCapital.sol",
            "function": "owner",
            "impact": "Low",
            "line": 1117,
            "message": "HODLCapital._approve(address,address,uint256).owner (../..HODLCapital.sol#1117) shadows:\n\t- Ownable.owner() (../..HODLCapital.sol#455-457) (function)\n",
            "name": "shadowing-local"
        },
        {
            "confidence": "Medium",
            "contract": "/sb/HODLCapital.sol",
            "filename": "/home/kaixuan/sast_study/solidity/smartbugs/samples/poc_shift/source_code_vuln/deliver/HODLCapital_exp/HODLCapital.sol",
            "function": "_setMaxTxAmount",
            "impact": "Low",
            "line": 1452,
            "line_end": 1458,
            "message": "HODLCapital._setMaxTxAmount(uint256) (../..HODLCapital.sol#1452-1458) should emit an event for: \n\t- _maxTxAmount = maxTxAmount (../..HODLCapital.sol#1457) \n",
            "name": "events-maths"
        },
        {
            "confidence": "Medium",
            "contract": "/sb/HODLCapital.sol",
            "filename": "/home/kaixuan/sast_study/solidity/smartbugs/samples/poc_shift/source_code_vuln/deliver/HODLCapital_exp/HODLCapital.sol",
            "function": "_setTaxFee",
            "impact": "Low",
            "line": 1435,
            "line_end": 1438,
            "message": "HODLCapital._setTaxFee(uint256) (../..HODLCapital.sol#1435-1438) should emit an event for: \n\t- _taxFee = taxFee (../..HODLCapital.sol#1437) \n",
            "name": "events-maths"
        },
        {
            "confidence": "Medium",
            "contract": "/sb/HODLCapital.sol",
            "filename": "/home/kaixuan/sast_study/solidity/smartbugs/samples/poc_shift/source_code_vuln/deliver/HODLCapital_exp/HODLCapital.sol",
            "function": "_setTeamFee",
            "impact": "Low",
            "line": 1440,
            "line_end": 1443,
            "message": "HODLCapital._setTeamFee(uint256) (../..HODLCapital.sol#1440-1443) should emit an event for: \n\t- _teamFee = teamFee (../..HODLCapital.sol#1442) \n",
            "name": "events-maths"
        },
        {
            "confidence": "Medium",
            "filename": "/home/kaixuan/sast_study/solidity/smartbugs/samples/poc_shift/source_code_vuln/deliver/HODLCapital_exp/HODLCapital.sol",
            "impact": "Low",
            "line": 1445,
            "message": "HODLCapital._setHODLWallet(address).HODLWalletAddress (../..HODLCapital.sol#1445) lacks a zero-check on :\n\t\t- _HODLWalletAddress = HODLWalletAddress (../..HODLCapital.sol#1449)\n",
            "name": "missing-zero-check"
        },
        {
            "confidence": "Medium",
            "filename": "/home/kaixuan/sast_study/solidity/smartbugs/samples/poc_shift/source_code_vuln/deliver/HODLCapital_exp/HODLCapital.sol",
            "impact": "Low",
            "line": 903,
            "message": "HODLCapital.constructor(address,address).HODLWalletAddress (../..HODLCapital.sol#903) lacks a zero-check on :\n\t\t- _HODLWalletAddress = HODLWalletAddress (../..HODLCapital.sol#906)\n",
            "name": "missing-zero-check"
        },
        {
            "confidence": "Medium",
            "filename": "/home/kaixuan/sast_study/solidity/smartbugs/samples/poc_shift/source_code_vuln/deliver/HODLCapital_exp/HODLCapital.sol",
            "impact": "Low",
            "line": 904,
            "message": "HODLCapital.constructor(address,address).marketingWalletAddress (../..HODLCapital.sol#904) lacks a zero-check on :\n\t\t- _marketingWalletAddress = marketingWalletAddress (../..HODLCapital.sol#907)\n",
            "name": "missing-zero-check"
        },
        {
            "confidence": "Medium",
            "contract": "/sb/HODLCapital.sol",
            "filename": "/home/kaixuan/sast_study/solidity/smartbugs/samples/poc_shift/source_code_vuln/deliver/HODLCapital_exp/HODLCapital.sol",
            "function": "transferFrom",
            "impact": "Low",
            "line": 977,
            "line_end": 992,
            "message": "Reentrancy in HODLCapital.transferFrom(address,address,uint256) (../..HODLCapital.sol#977-992):\n\tExternal calls:\n\t- _transfer(sender,recipient,amount) (../..HODLCapital.sol#982)\n\t\t- uniswapV2Router.swapExactTokensForETHSupportingFeeOnTransferTokens(tokenAmount,0,path,address(this),block.timestamp) (../..HODLCapital.sol#1188-1194)\n\tExternal calls sending eth:\n\t- _transfer(sender,recipient,amount) (../..HODLCapital.sol#982)\n\t\t- _HODLWalletAddress.transfer(amount.div(2)) (../..HODLCapital.sol#1198)\n\t\t- _marketingWalletAddress.transfer(amount.div(2)) (../..HODLCapital.sol#1199)\n\tState variables written after the call(s):\n\t- _approve(sender,_msgSender(),_allowances[sender][_msgSender()].sub(amount,ERC20: transfer amount exceeds allowance)) (../..HODLCapital.sol#983-990)\n\t\t- _allowances[owner][spender] = amount (../..HODLCapital.sol#1124)\n",
            "name": "reentrancy-benign"
        },
        {
            "confidence": "Medium",
            "contract": "/sb/HODLCapital.sol",
            "filename": "/home/kaixuan/sast_study/solidity/smartbugs/samples/poc_shift/source_code_vuln/deliver/HODLCapital_exp/HODLCapital.sol",
            "function": "_transfer",
            "impact": "Low",
            "line": 1128,
            "line_end": 1177,
            "message": "Reentrancy in HODLCapital._transfer(address,address,uint256) (../..HODLCapital.sol#1128-1177):\n\tExternal calls:\n\t- swapTokensForEth(contractTokenBalance) (../..HODLCapital.sol#1159)\n\t\t- uniswapV2Router.swapExactTokensForETHSupportingFeeOnTransferTokens(tokenAmount,0,path,address(this),block.timestamp) (../..HODLCapital.sol#1188-1194)\n\tExternal calls sending eth:\n\t- sendETHToTeam(address(this).balance) (../..HODLCapital.sol#1163)\n\t\t- _HODLWalletAddress.transfer(amount.div(2)) (../..HODLCapital.sol#1198)\n\t\t- _marketingWalletAddress.transfer(amount.div(2)) (../..HODLCapital.sol#1199)\n\tState variables written after the call(s):\n\t- _tokenTransfer(sender,recipient,amount,takeFee) (../..HODLCapital.sol#1176)\n\t\t- _previousTaxFee = _taxFee (../..HODLCapital.sol#1100)\n\t- _tokenTransfer(sender,recipient,amount,takeFee) (../..HODLCapital.sol#1176)\n\t\t- _previousTeamFee = _teamFee (../..HODLCapital.sol#1101)\n\t- _tokenTransfer(sender,recipient,amount,takeFee) (../..HODLCapital.sol#1176)\n\t\t- _tFeeTotal = _tFeeTotal.add(tFee) (../..HODLCapital.sol#1335)\n\t- _tokenTransfer(sender,recipient,amount,takeFee) (../..HODLCapital.sol#1176)\n\t\t- _taxFee = _previousTaxFee (../..HODLCapital.sol#1108)\n\t\t- _taxFee = 0 (../..HODLCapital.sol#1103)\n\t- _tokenTransfer(sender,recipient,amount,takeFee) (../..HODLCapital.sol#1176)\n\t\t- _teamFee = _previousTeamFee (../..HODLCapital.sol#1109)\n\t\t- _teamFee = 0 (../..HODLCapital.sol#1104)\n",
            "name": "reentrancy-benign"
        },
        {
            "confidence": "Medium",
            "contract": "/sb/HODLCapital.sol",
            "filename": "/home/kaixuan/sast_study/solidity/smartbugs/samples/poc_shift/source_code_vuln/deliver/HODLCapital_exp/HODLCapital.sol",
            "function": "transferFrom",
            "impact": "Low",
            "line": 977,
            "line_end": 992,
            "message": "Reentrancy in HODLCapital.transferFrom(address,address,uint256) (../..HODLCapital.sol#977-992):\n\tExternal calls:\n\t- _transfer(sender,recipient,amount) (../..HODLCapital.sol#982)\n\t\t- uniswapV2Router.swapExactTokensForETHSupportingFeeOnTransferTokens(tokenAmount,0,path,address(this),block.timestamp) (../..HODLCapital.sol#1188-1194)\n\tExternal calls sending eth:\n\t- _transfer(sender,recipient,amount) (../..HODLCapital.sol#982)\n\t\t- _HODLWalletAddress.transfer(amount.div(2)) (../..HODLCapital.sol#1198)\n\t\t- _marketingWalletAddress.transfer(amount.div(2)) (../..HODLCapital.sol#1199)\n\tEvent emitted after the call(s):\n\t- Approval(owner,spender,amount) (../..HODLCapital.sol#1125)\n\t\t- _approve(sender,_msgSender(),_allowances[sender][_msgSender()].sub(amount,ERC20: transfer amount exceeds allowance)) (../..HODLCapital.sol#983-990)\n",
            "name": "reentrancy-events"
        },
        {
            "confidence": "Medium",
            "contract": "/sb/HODLCapital.sol",
            "filename": "/home/kaixuan/sast_study/solidity/smartbugs/samples/poc_shift/source_code_vuln/deliver/HODLCapital_exp/HODLCapital.sol",
            "function": "_transfer",
            "impact": "Low",
            "line": 1128,
            "line_end": 1177,
            "message": "Reentrancy in HODLCapital._transfer(address,address,uint256) (../..HODLCapital.sol#1128-1177):\n\tExternal calls:\n\t- swapTokensForEth(contractTokenBalance) (../..HODLCapital.sol#1159)\n\t\t- uniswapV2Router.swapExactTokensForETHSupportingFeeOnTransferTokens(tokenAmount,0,path,address(this),block.timestamp) (../..HODLCapital.sol#1188-1194)\n\tExternal calls sending eth:\n\t- sendETHToTeam(address(this).balance) (../..HODLCapital.sol#1163)\n\t\t- _HODLWalletAddress.transfer(amount.div(2)) (../..HODLCapital.sol#1198)\n\t\t- _marketingWalletAddress.transfer(amount.div(2)) (../..HODLCapital.sol#1199)\n\tEvent emitted after the call(s):\n\t- Transfer(sender,recipient,tTransferAmount) (../..HODLCapital.sol#1258)\n\t\t- _tokenTransfer(sender,recipient,amount,takeFee) (../..HODLCapital.sol#1176)\n\t- Transfer(sender,recipient,tTransferAmount) (../..HODLCapital.sol#1300)\n\t\t- _tokenTransfer(sender,recipient,amount,takeFee) (../..HODLCapital.sol#1176)\n\t- Transfer(sender,recipient,tTransferAmount) (../..HODLCapital.sol#1279)\n\t\t- _tokenTransfer(sender,recipient,amount,takeFee) (../..HODLCapital.sol#1176)\n\t- Transfer(sender,recipient,tTransferAmount) (../..HODLCapital.sol#1322)\n\t\t- _tokenTransfer(sender,recipient,amount,takeFee) (../..HODLCapital.sol#1176)\n",
            "name": "reentrancy-events"
        },
        {
            "confidence": "Medium",
            "contract": "/sb/HODLCapital.sol",
            "filename": "/home/kaixuan/sast_study/solidity/smartbugs/samples/poc_shift/source_code_vuln/deliver/HODLCapital_exp/HODLCapital.sol",
            "function": "unlock",
            "impact": "Low",
            "line": 502,
            "line_end": 510,
            "message": "Ownable.unlock() (../..HODLCapital.sol#502-510) uses timestamp for comparisons\n\tDangerous comparisons:\n\t- require(bool,string)(now > _lockTime,Contract is locked until 7 days) (../..HODLCapital.sol#507)\n",
            "name": "timestamp"
        },
        {
            "confidence": "High",
            "contract": "/sb/HODLCapital.sol",
            "filename": "/home/kaixuan/sast_study/solidity/smartbugs/samples/poc_shift/source_code_vuln/deliver/HODLCapital_exp/HODLCapital.sol",
            "function": "_functionCallWithValue",
            "impact": "Informational",
            "line": 402,
            "line_end": 430,
            "message": "Address._functionCallWithValue(address,bytes,uint256,string) (../..HODLCapital.sol#402-430) uses assembly\n\t- INLINE ASM (../..HODLCapital.sol#422-425)\n",
            "name": "assembly"
        },
        {
            "confidence": "High",
            "contract": "/sb/HODLCapital.sol",
            "filename": "/home/kaixuan/sast_study/solidity/smartbugs/samples/poc_shift/source_code_vuln/deliver/HODLCapital_exp/HODLCapital.sol",
            "function": "isContract",
            "impact": "Informational",
            "line": 279,
            "line_end": 290,
            "message": "Address.isContract(address) (../..HODLCapital.sol#279-290) uses assembly\n\t- INLINE ASM (../..HODLCapital.sol#286-288)\n",
            "name": "assembly"
        },
        {
            "confidence": "Medium",
            "contract": "/sb/HODLCapital.sol",
            "filename": "/home/kaixuan/sast_study/solidity/smartbugs/samples/poc_shift/source_code_vuln/deliver/HODLCapital_exp/HODLCapital.sol",
            "function": "includeAccount",
            "impact": "Informational",
            "line": 1084,
            "line_end": 1095,
            "message": "HODLCapital.includeAccount(address) (../..HODLCapital.sol#1084-1095) has costly operations inside a loop:\n\t- _excluded.pop() (../..HODLCapital.sol#1091)\n",
            "name": "costly-loop"
        },
        {
            "confidence": "Medium",
            "contract": "/sb/HODLCapital.sol",
            "filename": "/home/kaixuan/sast_study/solidity/smartbugs/samples/poc_shift/source_code_vuln/deliver/HODLCapital_exp/HODLCapital.sol",
            "function": "sendValue",
            "impact": "Informational",
            "line": 308,
            "line_end": 317,
            "message": "Address.sendValue(address,uint256) (../..HODLCapital.sol#308-317) is never used and should be removed\n",
            "name": "dead-code"
        },
        {
            "confidence": "Medium",
            "contract": "/sb/HODLCapital.sol",
            "filename": "/home/kaixuan/sast_study/solidity/smartbugs/samples/poc_shift/source_code_vuln/deliver/HODLCapital_exp/HODLCapital.sol",
            "function": "functionCallWithValue",
            "impact": "Informational",
            "line": 369,
            "line_end": 381,
            "message": "Address.functionCallWithValue(address,bytes,uint256) (../..HODLCapital.sol#369-381) is never used and should be removed\n",
            "name": "dead-code"
        },
        {
            "confidence": "Medium",
            "contract": "/sb/HODLCapital.sol",
            "filename": "/home/kaixuan/sast_study/solidity/smartbugs/samples/poc_shift/source_code_vuln/deliver/HODLCapital_exp/HODLCapital.sol",
            "function": "_getMaxTxAmount",
            "impact": "Informational",
            "line": 1427,
            "line_end": 1429,
            "message": "HODLCapital._getMaxTxAmount() (../..HODLCapital.sol#1427-1429) is never used and should be removed\n",
            "name": "dead-code"
        },
        {
            "confidence": "Medium",
            "contract": "/sb/HODLCapital.sol",
            "filename": "/home/kaixuan/sast_study/solidity/smartbugs/samples/poc_shift/source_code_vuln/deliver/HODLCapital_exp/HODLCapital.sol",
            "function": "mod",
            "impact": "Informational",
            "line": 251,
            "line_end": 258,
            "message": "SafeMath.mod(uint256,uint256,string) (../..HODLCapital.sol#251-258) is never used and should be removed\n",
            "name": "dead-code"
        },
        {
            "confidence": "Medium",
            "contract": "/sb/HODLCapital.sol",
            "filename": "/home/kaixuan/sast_study/solidity/smartbugs/samples/poc_shift/source_code_vuln/deliver/HODLCapital_exp/HODLCapital.sol",
            "function": "_getTaxFee",
            "impact": "Informational",
            "line": 1423,
            "line_end": 1425,
            "message": "HODLCapital._getTaxFee() (../..HODLCapital.sol#1423-1425) is never used and should be removed\n",
            "name": "dead-code"
        },
        {
            "confidence": "Medium",
            "contract": "/sb/HODLCapital.sol",
            "filename": "/home/kaixuan/sast_study/solidity/smartbugs/samples/poc_shift/source_code_vuln/deliver/HODLCapital_exp/HODLCapital.sol",
            "function": "functionCallWithValue",
            "impact": "Informational",
            "line": 389,
            "line_end": 400,
            "message": "Address.functionCallWithValue(address,bytes,uint256,string) (../..HODLCapital.sol#389-400) is never used and should be removed\n",
            "name": "dead-code"
        },
        {
            "confidence": "Medium",
            "contract": "/sb/HODLCapital.sol",
            "filename": "/home/kaixuan/sast_study/solidity/smartbugs/samples/poc_shift/source_code_vuln/deliver/HODLCapital_exp/HODLCapital.sol",
            "function": "_msgData",
            "impact": "Informational",
            "line": 22,
            "line_end": 25,
            "message": "Context._msgData() (../..HODLCapital.sol#22-25) is never used and should be removed\n",
            "name": "dead-code"
        },
        {
            "confidence": "Medium",
            "contract": "/sb/HODLCapital.sol",
            "filename": "/home/kaixuan/sast_study/solidity/smartbugs/samples/poc_shift/source_code_vuln/deliver/HODLCapital_exp/HODLCapital.sol",
            "function": "mod",
            "impact": "Informational",
            "line": 235,
            "line_end": 237,
            "message": "SafeMath.mod(uint256,uint256) (../..HODLCapital.sol#235-237) is never used and should be removed\n",
            "name": "dead-code"
        },
        {
            "confidence": "Medium",
            "contract": "/sb/HODLCapital.sol",
            "filename": "/home/kaixuan/sast_study/solidity/smartbugs/samples/poc_shift/source_code_vuln/deliver/HODLCapital_exp/HODLCapital.sol",
            "function": "_functionCallWithValue",
            "impact": "Informational",
            "line": 402,
            "line_end": 430,
            "message": "Address._functionCallWithValue(address,bytes,uint256,string) (../..HODLCapital.sol#402-430) is never used and should be removed\n",
            "name": "dead-code"
        },
        {
            "confidence": "Medium",
            "contract": "/sb/HODLCapital.sol",
            "filename": "/home/kaixuan/sast_study/solidity/smartbugs/samples/poc_shift/source_code_vuln/deliver/HODLCapital_exp/HODLCapital.sol",
            "function": "isContract",
            "impact": "Informational",
            "line": 279,
            "line_end": 290,
            "message": "Address.isContract(address) (../..HODLCapital.sol#279-290) is never used and should be removed\n",
            "name": "dead-code"
        },
        {
            "confidence": "Medium",
            "contract": "/sb/HODLCapital.sol",
            "filename": "/home/kaixuan/sast_study/solidity/smartbugs/samples/poc_shift/source_code_vuln/deliver/HODLCapital_exp/HODLCapital.sol",
            "function": "functionCall",
            "impact": "Informational",
            "line": 350,
            "line_end": 356,
            "message": "Address.functionCall(address,bytes,string) (../..HODLCapital.sol#350-356) is never used and should be removed\n",
            "name": "dead-code"
        },
        {
            "confidence": "Medium",
            "contract": "/sb/HODLCapital.sol",
            "filename": "/home/kaixuan/sast_study/solidity/smartbugs/samples/poc_shift/source_code_vuln/deliver/HODLCapital_exp/HODLCapital.sol",
            "function": "functionCall",
            "impact": "Informational",
            "line": 337,
            "line_end": 342,
            "message": "Address.functionCall(address,bytes) (../..HODLCapital.sol#337-342) is never used and should be removed\n",
            "name": "dead-code"
        },
        {
            "confidence": "High",
            "filename": "/home/kaixuan/sast_study/solidity/smartbugs/samples/poc_shift/source_code_vuln/deliver/HODLCapital_exp/HODLCapital.sol",
            "impact": "Informational",
            "line": 868,
            "message": "HODLCapital._rTotal (../..HODLCapital.sol#868) is set pre-construction with a non-constant function or state variable:\n\t- (MAX - (MAX % _tTotal))\n",
            "name": "function-init-state"
        },
        {
            "confidence": "High",
            "filename": "/home/kaixuan/sast_study/solidity/smartbugs/samples/poc_shift/source_code_vuln/deliver/HODLCapital_exp/HODLCapital.sol",
            "impact": "Informational",
            "line": 878,
            "message": "HODLCapital._previousTeamFee (../..HODLCapital.sol#878) is set pre-construction with a non-constant function or state variable:\n\t- _teamFee\n",
            "name": "function-init-state"
        },
        {
            "confidence": "High",
            "filename": "/home/kaixuan/sast_study/solidity/smartbugs/samples/poc_shift/source_code_vuln/deliver/HODLCapital_exp/HODLCapital.sol",
            "impact": "Informational",
            "line": 877,
            "message": "HODLCapital._previousTaxFee (../..HODLCapital.sol#877) is set pre-construction with a non-constant function or state variable:\n\t- _taxFee\n",
            "name": "function-init-state"
        },
        {
            "confidence": "High",
            "filename": "/home/kaixuan/sast_study/solidity/smartbugs/samples/poc_shift/source_code_vuln/deliver/HODLCapital_exp/HODLCapital.sol",
            "impact": "Informational",
            "line": 15,
            "message": "Pragma version^0.6.12 (../..HODLCapital.sol#15) allows old versions\n",
            "name": "solc-version"
        },
        {
            "confidence": "High",
            "filename": "/home/kaixuan/sast_study/solidity/smartbugs/samples/poc_shift/source_code_vuln/deliver/HODLCapital_exp/HODLCapital.sol",
            "impact": "Informational",
            "message": "solc-0.6.12 is not recommended for deployment\n",
            "name": "solc-version"
        },
        {
            "confidence": "High",
            "contract": "/sb/HODLCapital.sol",
            "filename": "/home/kaixuan/sast_study/solidity/smartbugs/samples/poc_shift/source_code_vuln/deliver/HODLCapital_exp/HODLCapital.sol",
            "function": "_functionCallWithValue",
            "impact": "Informational",
            "line": 402,
            "line_end": 430,
            "message": "Low level call in Address._functionCallWithValue(address,bytes,uint256,string) (../..HODLCapital.sol#402-430):\n\t- (success,returndata) = target.call{value: weiValue}(data) (../..HODLCapital.sol#411-413)\n",
            "name": "low-level-calls"
        },
        {
            "confidence": "High",
            "contract": "/sb/HODLCapital.sol",
            "filename": "/home/kaixuan/sast_study/solidity/smartbugs/samples/poc_shift/source_code_vuln/deliver/HODLCapital_exp/HODLCapital.sol",
            "function": "sendValue",
            "impact": "Informational",
            "line": 308,
            "line_end": 317,
            "message": "Low level call in Address.sendValue(address,uint256) (../..HODLCapital.sol#308-317):\n\t- (success) = recipient.call{value: amount}() (../..HODLCapital.sol#312)\n",
            "name": "low-level-calls"
        },
        {
            "confidence": "High",
            "contract": "/sb/HODLCapital.sol",
            "filename": "/home/kaixuan/sast_study/solidity/smartbugs/samples/poc_shift/source_code_vuln/deliver/HODLCapital_exp/HODLCapital.sol",
            "function": "_setTaxFee",
            "impact": "Informational",
            "line": 1435,
            "line_end": 1438,
            "message": "Function HODLCapital._setTaxFee(uint256) (../..HODLCapital.sol#1435-1438) is not in mixedCase\n",
            "name": "naming-convention"
        },
        {
            "confidence": "High",
            "filename": "/home/kaixuan/sast_study/solidity/smartbugs/samples/poc_shift/source_code_vuln/deliver/HODLCapital_exp/HODLCapital.sol",
            "impact": "Informational",
            "line": 881,
            "message": "Variable HODLCapital._marketingWalletAddress (../..HODLCapital.sol#881) is not in mixedCase\n",
            "name": "naming-convention"
        },
        {
            "confidence": "High",
            "contract": "/sb/HODLCapital.sol",
            "filename": "/home/kaixuan/sast_study/solidity/smartbugs/samples/poc_shift/source_code_vuln/deliver/HODLCapital_exp/HODLCapital.sol",
            "function": "_setHODLWallet",
            "impact": "Informational",
            "line": 1445,
            "line_end": 1450,
            "message": "Function HODLCapital._setHODLWallet(address) (../..HODLCapital.sol#1445-1450) is not in mixedCase\n",
            "name": "naming-convention"
        },
        {
            "confidence": "High",
            "filename": "/home/kaixuan/sast_study/solidity/smartbugs/samples/poc_shift/source_code_vuln/deliver/HODLCapital_exp/HODLCapital.sol",
            "impact": "Informational",
            "line": 1445,
            "message": "Parameter HODLCapital._setHODLWallet(address).HODLWalletAddress (../..HODLCapital.sol#1445) is not in mixedCase\n",
            "name": "naming-convention"
        },
        {
            "confidence": "High",
            "contract": "/sb/HODLCapital.sol",
            "filename": "/home/kaixuan/sast_study/solidity/smartbugs/samples/poc_shift/source_code_vuln/deliver/HODLCapital_exp/HODLCapital.sol",
            "function": "PERMIT_TYPEHASH",
            "impact": "Informational",
            "line": 574,
            "message": "Function IUniswapV2Pair.PERMIT_TYPEHASH() (../..HODLCapital.sol#574) is not in mixedCase\n",
            "name": "naming-convention"
        },
        {
            "confidence": "High",
            "contract": "/sb/HODLCapital.sol",
            "filename": "/home/kaixuan/sast_study/solidity/smartbugs/samples/poc_shift/source_code_vuln/deliver/HODLCapital_exp/HODLCapital.sol",
            "function": "MINIMUM_LIQUIDITY",
            "impact": "Informational",
            "line": 605,
            "message": "Function IUniswapV2Pair.MINIMUM_LIQUIDITY() (../..HODLCapital.sol#605) is not in mixedCase\n",
            "name": "naming-convention"
        },
        {
            "confidence": "High",
            "contract": "/sb/HODLCapital.sol",
            "filename": "/home/kaixuan/sast_study/solidity/smartbugs/samples/poc_shift/source_code_vuln/deliver/HODLCapital_exp/HODLCapital.sol",
            "function": "_getETHBalance",
            "impact": "Informational",
            "line": 1431,
            "line_end": 1433,
            "message": "Function HODLCapital._getETHBalance() (../..HODLCapital.sol#1431-1433) is not in mixedCase\n",
            "name": "naming-convention"
        },
        {
            "confidence": "High",
            "contract": "/sb/HODLCapital.sol",
            "filename": "/home/kaixuan/sast_study/solidity/smartbugs/samples/poc_shift/source_code_vuln/deliver/HODLCapital_exp/HODLCapital.sol",
            "function": "_setMaxTxAmount",
            "impact": "Informational",
            "line": 1452,
            "line_end": 1458,
            "message": "Function HODLCapital._setMaxTxAmount(uint256) (../..HODLCapital.sol#1452-1458) is not in mixedCase\n",
            "name": "naming-convention"
        },
        {
            "confidence": "High",
            "contract": "/sb/HODLCapital.sol",
            "filename": "/home/kaixuan/sast_study/solidity/smartbugs/samples/poc_shift/source_code_vuln/deliver/HODLCapital_exp/HODLCapital.sol",
            "function": "DOMAIN_SEPARATOR",
            "impact": "Informational",
            "line": 572,
            "message": "Function IUniswapV2Pair.DOMAIN_SEPARATOR() (../..HODLCapital.sol#572) is not in mixedCase\n",
            "name": "naming-convention"
        },
        {
            "confidence": "High",
            "contract": "/sb/HODLCapital.sol",
            "filename": "/home/kaixuan/sast_study/solidity/smartbugs/samples/poc_shift/source_code_vuln/deliver/HODLCapital_exp/HODLCapital.sol",
            "function": "_setTeamFee",
            "impact": "Informational",
            "line": 1440,
            "line_end": 1443,
            "message": "Function HODLCapital._setTeamFee(uint256) (../..HODLCapital.sol#1440-1443) is not in mixedCase\n",
            "name": "naming-convention"
        },
        {
            "confidence": "High",
            "contract": "/sb/HODLCapital.sol",
            "filename": "/home/kaixuan/sast_study/solidity/smartbugs/samples/poc_shift/source_code_vuln/deliver/HODLCapital_exp/HODLCapital.sol",
            "function": "WETH",
            "impact": "Informational",
            "line": 649,
            "message": "Function IUniswapV2Router01.WETH() (../..HODLCapital.sol#649) is not in mixedCase\n",
            "name": "naming-convention"
        },
        {
            "confidence": "High",
            "filename": "/home/kaixuan/sast_study/solidity/smartbugs/samples/poc_shift/source_code_vuln/deliver/HODLCapital_exp/HODLCapital.sol",
            "impact": "Informational",
            "line": 880,
            "message": "Variable HODLCapital._HODLWalletAddress (../..HODLCapital.sol#880) is not in mixedCase\n",
            "name": "naming-convention"
        },
        {
            "confidence": "High",
            "filename": "/home/kaixuan/sast_study/solidity/smartbugs/samples/poc_shift/source_code_vuln/deliver/HODLCapital_exp/HODLCapital.sol",
            "impact": "Informational",
            "line": 23,
            "message": "Redundant expression \"this (../..HODLCapital.sol#23)\" inContext (../..HODLCapital.sol#17-26)\n",
            "name": "redundant-statements"
        },
        {
            "confidence": "Medium",
            "contract": "/sb/HODLCapital.sol",
            "filename": "/home/kaixuan/sast_study/solidity/smartbugs/samples/poc_shift/source_code_vuln/deliver/HODLCapital_exp/HODLCapital.sol",
            "function": "_transfer",
            "impact": "Informational",
            "line": 1128,
            "line_end": 1177,
            "message": "Reentrancy in HODLCapital._transfer(address,address,uint256) (../..HODLCapital.sol#1128-1177):\n\tExternal calls:\n\t- sendETHToTeam(address(this).balance) (../..HODLCapital.sol#1163)\n\t\t- _HODLWalletAddress.transfer(amount.div(2)) (../..HODLCapital.sol#1198)\n\t\t- _marketingWalletAddress.transfer(amount.div(2)) (../..HODLCapital.sol#1199)\n\tState variables written after the call(s):\n\t- _tokenTransfer(sender,recipient,amount,takeFee) (../..HODLCapital.sol#1176)\n\t\t- _previousTaxFee = _taxFee (../..HODLCapital.sol#1100)\n\t- _tokenTransfer(sender,recipient,amount,takeFee) (../..HODLCapital.sol#1176)\n\t\t- _previousTeamFee = _teamFee (../..HODLCapital.sol#1101)\n\t- _tokenTransfer(sender,recipient,amount,takeFee) (../..HODLCapital.sol#1176)\n\t\t- _rOwned[address(this)] = _rOwned[address(this)].add(rTeam) (../..HODLCapital.sol#1328)\n\t\t- _rOwned[sender] = _rOwned[sender].sub(rAmount) (../..HODLCapital.sol#1274)\n\t\t- _rOwned[sender] = _rOwned[sender].sub(rAmount) (../..HODLCapital.sol#1254)\n\t\t- _rOwned[recipient] = _rOwned[recipient].add(rTransferAmount) (../..HODLCapital.sol#1255)\n\t\t- _rOwned[sender] = _rOwned[sender].sub(rAmount) (../..HODLCapital.sol#1317)\n\t\t- _rOwned[sender] = _rOwned[sender].sub(rAmount) (../..HODLCapital.sol#1296)\n\t\t- _rOwned[recipient] = _rOwned[recipient].add(rTransferAmount) (../..HODLCapital.sol#1276)\n\t\t- _rOwned[recipient] = _rOwned[recipient].add(rTransferAmount) (../..HODLCapital.sol#1297)\n\t\t- _rOwned[recipient] = _rOwned[recipient].add(rTransferAmount) (../..HODLCapital.sol#1319)\n\t- _tokenTransfer(sender,recipient,amount,takeFee) (../..HODLCapital.sol#1176)\n\t\t- _rTotal = _rTotal.sub(rFee) (../..HODLCapital.sol#1334)\n\t- _tokenTransfer(sender,recipient,amount,takeFee) (../..HODLCapital.sol#1176)\n\t\t- _tFeeTotal = _tFeeTotal.add(tFee) (../..HODLCapital.sol#1335)\n\t- _tokenTransfer(sender,recipient,amount,takeFee) (../..HODLCapital.sol#1176)\n\t\t- _tOwned[address(this)] = _tOwned[address(this)].add(tTeam) (../..HODLCapital.sol#1330)\n\t\t- _tOwned[sender] = _tOwned[sender].sub(tAmount) (../..HODLCapital.sol#1316)\n\t\t- _tOwned[sender] = _tOwned[sender].sub(tAmount) (../..HODLCapital.sol#1295)\n\t\t- _tOwned[recipient] = _tOwned[recipient].add(tTransferAmount) (../..HODLCapital.sol#1275)\n\t\t- _tOwned[recipient] = _tOwned[recipient].add(tTransferAmount) (../..HODLCapital.sol#1318)\n\t- _tokenTransfer(sender,recipient,amount,takeFee) (../..HODLCapital.sol#1176)\n\t\t- _taxFee = _previousTaxFee (../..HODLCapital.sol#1108)\n\t\t- _taxFee = 0 (../..HODLCapital.sol#1103)\n\t- _tokenTransfer(sender,recipient,amount,takeFee) (../..HODLCapital.sol#1176)\n\t\t- _teamFee = _previousTeamFee (../..HODLCapital.sol#1109)\n\t\t- _teamFee = 0 (../..HODLCapital.sol#1104)\n\tEvent emitted after the call(s):\n\t- Transfer(sender,recipient,tTransferAmount) (../..HODLCapital.sol#1258)\n\t\t- _tokenTransfer(sender,recipient,amount,takeFee) (../..HODLCapital.sol#1176)\n\t- Transfer(sender,recipient,tTransferAmount) (../..HODLCapital.sol#1300)\n\t\t- _tokenTransfer(sender,recipient,amount,takeFee) (../..HODLCapital.sol#1176)\n\t- Transfer(sender,recipient,tTransferAmount) (../..HODLCapital.sol#1279)\n\t\t- _tokenTransfer(sender,recipient,amount,takeFee) (../..HODLCapital.sol#1176)\n\t- Transfer(sender,recipient,tTransferAmount) (../..HODLCapital.sol#1322)\n\t\t- _tokenTransfer(sender,recipient,amount,takeFee) (../..HODLCapital.sol#1176)\n",
            "name": "reentrancy-unlimited-gas"
        },
        {
            "confidence": "Medium",
            "contract": "/sb/HODLCapital.sol",
            "filename": "/home/kaixuan/sast_study/solidity/smartbugs/samples/poc_shift/source_code_vuln/deliver/HODLCapital_exp/HODLCapital.sol",
            "function": "transferFrom",
            "impact": "Informational",
            "line": 977,
            "line_end": 992,
            "message": "Reentrancy in HODLCapital.transferFrom(address,address,uint256) (../..HODLCapital.sol#977-992):\n\tExternal calls:\n\t- _transfer(sender,recipient,amount) (../..HODLCapital.sol#982)\n\t\t- _HODLWalletAddress.transfer(amount.div(2)) (../..HODLCapital.sol#1198)\n\t\t- _marketingWalletAddress.transfer(amount.div(2)) (../..HODLCapital.sol#1199)\n\tState variables written after the call(s):\n\t- _approve(sender,_msgSender(),_allowances[sender][_msgSender()].sub(amount,ERC20: transfer amount exceeds allowance)) (../..HODLCapital.sol#983-990)\n\t\t- _allowances[owner][spender] = amount (../..HODLCapital.sol#1124)\n\tEvent emitted after the call(s):\n\t- Approval(owner,spender,amount) (../..HODLCapital.sol#1125)\n\t\t- _approve(sender,_msgSender(),_allowances[sender][_msgSender()].sub(amount,ERC20: transfer amount exceeds allowance)) (../..HODLCapital.sol#983-990)\n",
            "name": "reentrancy-unlimited-gas"
        },
        {
            "confidence": "Medium",
            "filename": "/home/kaixuan/sast_study/solidity/smartbugs/samples/poc_shift/source_code_vuln/deliver/HODLCapital_exp/HODLCapital.sol",
            "impact": "Informational",
            "line": 1268,
            "message": "Variable HODLCapital._transferToExcluded(address,address,uint256).rTransferAmount (../..HODLCapital.sol#1268) is too similar to HODLCapital._transferBothExcluded(address,address,uint256).tTransferAmount (../..HODLCapital.sol#1312)\n",
            "name": "similar-names"
        },
        {
            "confidence": "Medium",
            "filename": "/home/kaixuan/sast_study/solidity/smartbugs/samples/poc_shift/source_code_vuln/deliver/HODLCapital_exp/HODLCapital.sol",
            "impact": "Informational",
            "line": 1060,
            "message": "Variable HODLCapital.reflectionFromToken(uint256,bool).rTransferAmount (../..HODLCapital.sol#1060) is too similar to HODLCapital._transferBothExcluded(address,address,uint256).tTransferAmount (../..HODLCapital.sol#1312)\n",
            "name": "similar-names"
        },
        {
            "confidence": "Medium",
            "filename": "/home/kaixuan/sast_study/solidity/smartbugs/samples/poc_shift/source_code_vuln/deliver/HODLCapital_exp/HODLCapital.sol",
            "impact": "Informational",
            "line": 1310,
            "message": "Variable HODLCapital._transferBothExcluded(address,address,uint256).rTransferAmount (../..HODLCapital.sol#1310) is too similar to HODLCapital._getTValues(uint256,uint256,uint256).tTransferAmount (../..HODLCapital.sol#1382)\n",
            "name": "similar-names"
        },
        {
            "confidence": "Medium",
            "filename": "/home/kaixuan/sast_study/solidity/smartbugs/samples/poc_shift/source_code_vuln/deliver/HODLCapital_exp/HODLCapital.sol",
            "impact": "Informational",
            "line": 1060,
            "message": "Variable HODLCapital.reflectionFromToken(uint256,bool).rTransferAmount (../..HODLCapital.sol#1060) is too similar to HODLCapital._getValues(uint256).tTransferAmount (../..HODLCapital.sol#1353)\n",
            "name": "similar-names"
        },
        {
            "confidence": "Medium",
            "filename": "/home/kaixuan/sast_study/solidity/smartbugs/samples/poc_shift/source_code_vuln/deliver/HODLCapital_exp/HODLCapital.sol",
            "impact": "Informational",
            "line": 1248,
            "message": "Variable HODLCapital._transferStandard(address,address,uint256).rTransferAmount (../..HODLCapital.sol#1248) is too similar to HODLCapital._getValues(uint256).tTransferAmount (../..HODLCapital.sol#1353)\n",
            "name": "similar-names"
        },
        {
            "confidence": "Medium",
            "filename": "/home/kaixuan/sast_study/solidity/smartbugs/samples/poc_shift/source_code_vuln/deliver/HODLCapital_exp/HODLCapital.sol",
            "impact": "Informational",
            "line": 1268,
            "message": "Variable HODLCapital._transferToExcluded(address,address,uint256).rTransferAmount (../..HODLCapital.sol#1268) is too similar to HODLCapital._transferStandard(address,address,uint256).tTransferAmount (../..HODLCapital.sol#1250)\n",
            "name": "similar-names"
        },
        {
            "confidence": "Medium",
            "filename": "/home/kaixuan/sast_study/solidity/smartbugs/samples/poc_shift/source_code_vuln/deliver/HODLCapital_exp/HODLCapital.sol",
            "impact": "Informational",
            "line": 1359,
            "message": "Variable HODLCapital._getValues(uint256).rTransferAmount (../..HODLCapital.sol#1359) is too similar to HODLCapital._getTValues(uint256,uint256,uint256).tTransferAmount (../..HODLCapital.sol#1382)\n",
            "name": "similar-names"
        },
        {
            "confidence": "Medium",
            "filename": "/home/kaixuan/sast_study/solidity/smartbugs/samples/poc_shift/source_code_vuln/deliver/HODLCapital_exp/HODLCapital.sol",
            "impact": "Informational",
            "line": 1359,
            "message": "Variable HODLCapital._getValues(uint256).rTransferAmount (../..HODLCapital.sol#1359) is too similar to HODLCapital._transferBothExcluded(address,address,uint256).tTransferAmount (../..HODLCapital.sol#1312)\n",
            "name": "similar-names"
        },
        {
            "confidence": "Medium",
            "filename": "/home/kaixuan/sast_study/solidity/smartbugs/samples/poc_shift/source_code_vuln/deliver/HODLCapital_exp/HODLCapital.sol",
            "impact": "Informational",
            "line": 1401,
            "message": "Variable HODLCapital._getRValues(uint256,uint256,uint256).rTransferAmount (../..HODLCapital.sol#1401) is too similar to HODLCapital._transferFromExcluded(address,address,uint256).tTransferAmount (../..HODLCapital.sol#1291)\n",
            "name": "similar-names"
        },
        {
            "confidence": "Medium",
            "filename": "/home/kaixuan/sast_study/solidity/smartbugs/samples/poc_shift/source_code_vuln/deliver/HODLCapital_exp/HODLCapital.sol",
            "impact": "Informational",
            "line": 1248,
            "message": "Variable HODLCapital._transferStandard(address,address,uint256).rTransferAmount (../..HODLCapital.sol#1248) is too similar to HODLCapital._transferFromExcluded(address,address,uint256).tTransferAmount (../..HODLCapital.sol#1291)\n",
            "name": "similar-names"
        },
        {
            "confidence": "Medium",
            "filename": "/home/kaixuan/sast_study/solidity/smartbugs/samples/poc_shift/source_code_vuln/deliver/HODLCapital_exp/HODLCapital.sol",
            "impact": "Informational",
            "line": 1310,
            "message": "Variable HODLCapital._transferBothExcluded(address,address,uint256).rTransferAmount (../..HODLCapital.sol#1310) is too similar to HODLCapital._transferFromExcluded(address,address,uint256).tTransferAmount (../..HODLCapital.sol#1291)\n",
            "name": "similar-names"
        },
        {
            "confidence": "Medium",
            "filename": "/home/kaixuan/sast_study/solidity/smartbugs/samples/poc_shift/source_code_vuln/deliver/HODLCapital_exp/HODLCapital.sol",
            "impact": "Informational",
            "line": 1060,
            "message": "Variable HODLCapital.reflectionFromToken(uint256,bool).rTransferAmount (../..HODLCapital.sol#1060) is too similar to HODLCapital._transferFromExcluded(address,address,uint256).tTransferAmount (../..HODLCapital.sol#1291)\n",
            "name": "similar-names"
        },
        {
            "confidence": "Medium",
            "filename": "/home/kaixuan/sast_study/solidity/smartbugs/samples/poc_shift/source_code_vuln/deliver/HODLCapital_exp/HODLCapital.sol",
            "impact": "Informational",
            "line": 1401,
            "message": "Variable HODLCapital._getRValues(uint256,uint256,uint256).rTransferAmount (../..HODLCapital.sol#1401) is too similar to HODLCapital._transferStandard(address,address,uint256).tTransferAmount (../..HODLCapital.sol#1250)\n",
            "name": "similar-names"
        },
        {
            "confidence": "Medium",
            "filename": "/home/kaixuan/sast_study/solidity/smartbugs/samples/poc_shift/source_code_vuln/deliver/HODLCapital_exp/HODLCapital.sol",
            "impact": "Informational",
            "line": 1401,
            "message": "Variable HODLCapital._getRValues(uint256,uint256,uint256).rTransferAmount (../..HODLCapital.sol#1401) is too similar to HODLCapital._transferBothExcluded(address,address,uint256).tTransferAmount (../..HODLCapital.sol#1312)\n",
            "name": "similar-names"
        },
        {
            "confidence": "Medium",
            "filename": "/home/kaixuan/sast_study/solidity/smartbugs/samples/poc_shift/source_code_vuln/deliver/HODLCapital_exp/HODLCapital.sol",
            "impact": "Informational",
            "line": 1248,
            "message": "Variable HODLCapital._transferStandard(address,address,uint256).rTransferAmount (../..HODLCapital.sol#1248) is too similar to HODLCapital._getTValues(uint256,uint256,uint256).tTransferAmount (../..HODLCapital.sol#1382)\n",
            "name": "similar-names"
        },
        {
            "confidence": "Medium",
            "filename": "/home/kaixuan/sast_study/solidity/smartbugs/samples/poc_shift/source_code_vuln/deliver/HODLCapital_exp/HODLCapital.sol",
            "impact": "Informational",
            "line": 1248,
            "message": "Variable HODLCapital._transferStandard(address,address,uint256).rTransferAmount (../..HODLCapital.sol#1248) is too similar to HODLCapital._transferBothExcluded(address,address,uint256).tTransferAmount (../..HODLCapital.sol#1312)\n",
            "name": "similar-names"
        },
        {
            "confidence": "Medium",
            "filename": "/home/kaixuan/sast_study/solidity/smartbugs/samples/poc_shift/source_code_vuln/deliver/HODLCapital_exp/HODLCapital.sol",
            "impact": "Informational",
            "line": 1401,
            "message": "Variable HODLCapital._getRValues(uint256,uint256,uint256).rTransferAmount (../..HODLCapital.sol#1401) is too similar to HODLCapital._transferToExcluded(address,address,uint256).tTransferAmount (../..HODLCapital.sol#1270)\n",
            "name": "similar-names"
        },
        {
            "confidence": "Medium",
            "filename": "/home/kaixuan/sast_study/solidity/smartbugs/samples/poc_shift/source_code_vuln/deliver/HODLCapital_exp/HODLCapital.sol",
            "impact": "Informational",
            "line": 1248,
            "message": "Variable HODLCapital._transferStandard(address,address,uint256).rTransferAmount (../..HODLCapital.sol#1248) is too similar to HODLCapital._transferStandard(address,address,uint256).tTransferAmount (../..HODLCapital.sol#1250)\n",
            "name": "similar-names"
        },
        {
            "confidence": "Medium",
            "filename": "/home/kaixuan/sast_study/solidity/smartbugs/samples/poc_shift/source_code_vuln/deliver/HODLCapital_exp/HODLCapital.sol",
            "impact": "Informational",
            "line": 1289,
            "message": "Variable HODLCapital._transferFromExcluded(address,address,uint256).rTransferAmount (../..HODLCapital.sol#1289) is too similar to HODLCapital._transferStandard(address,address,uint256).tTransferAmount (../..HODLCapital.sol#1250)\n",
            "name": "similar-names"
        },
        {
            "confidence": "Medium",
            "filename": "/home/kaixuan/sast_study/solidity/smartbugs/samples/poc_shift/source_code_vuln/deliver/HODLCapital_exp/HODLCapital.sol",
            "impact": "Informational",
            "line": 1359,
            "message": "Variable HODLCapital._getValues(uint256).rTransferAmount (../..HODLCapital.sol#1359) is too similar to HODLCapital._getValues(uint256).tTransferAmount (../..HODLCapital.sol#1353)\n",
            "name": "similar-names"
        },
        {
            "confidence": "Medium",
            "filename": "/home/kaixuan/sast_study/solidity/smartbugs/samples/poc_shift/source_code_vuln/deliver/HODLCapital_exp/HODLCapital.sol",
            "impact": "Informational",
            "line": 1289,
            "message": "Variable HODLCapital._transferFromExcluded(address,address,uint256).rTransferAmount (../..HODLCapital.sol#1289) is too similar to HODLCapital._getValues(uint256).tTransferAmount (../..HODLCapital.sol#1353)\n",
            "name": "similar-names"
        },
        {
            "confidence": "Medium",
            "filename": "/home/kaixuan/sast_study/solidity/smartbugs/samples/poc_shift/source_code_vuln/deliver/HODLCapital_exp/HODLCapital.sol",
            "impact": "Informational",
            "line": 1310,
            "message": "Variable HODLCapital._transferBothExcluded(address,address,uint256).rTransferAmount (../..HODLCapital.sol#1310) is too similar to HODLCapital._getValues(uint256).tTransferAmount (../..HODLCapital.sol#1353)\n",
            "name": "similar-names"
        },
        {
            "confidence": "Medium",
            "filename": "/home/kaixuan/sast_study/solidity/smartbugs/samples/poc_shift/source_code_vuln/deliver/HODLCapital_exp/HODLCapital.sol",
            "impact": "Informational",
            "line": 1359,
            "message": "Variable HODLCapital._getValues(uint256).rTransferAmount (../..HODLCapital.sol#1359) is too similar to HODLCapital._transferFromExcluded(address,address,uint256).tTransferAmount (../..HODLCapital.sol#1291)\n",
            "name": "similar-names"
        },
        {
            "confidence": "Medium",
            "filename": "/home/kaixuan/sast_study/solidity/smartbugs/samples/poc_shift/source_code_vuln/deliver/HODLCapital_exp/HODLCapital.sol",
            "impact": "Informational",
            "line": 1289,
            "message": "Variable HODLCapital._transferFromExcluded(address,address,uint256).rTransferAmount (../..HODLCapital.sol#1289) is too similar to HODLCapital._getTValues(uint256,uint256,uint256).tTransferAmount (../..HODLCapital.sol#1382)\n",
            "name": "similar-names"
        },
        {
            "confidence": "Medium",
            "filename": "/home/kaixuan/sast_study/solidity/smartbugs/samples/poc_shift/source_code_vuln/deliver/HODLCapital_exp/HODLCapital.sol",
            "impact": "Informational",
            "line": 1289,
            "message": "Variable HODLCapital._transferFromExcluded(address,address,uint256).rTransferAmount (../..HODLCapital.sol#1289) is too similar to HODLCapital._transferBothExcluded(address,address,uint256).tTransferAmount (../..HODLCapital.sol#1312)\n",
            "name": "similar-names"
        },
        {
            "confidence": "Medium",
            "filename": "/home/kaixuan/sast_study/solidity/smartbugs/samples/poc_shift/source_code_vuln/deliver/HODLCapital_exp/HODLCapital.sol",
            "impact": "Informational",
            "line": 1268,
            "message": "Variable HODLCapital._transferToExcluded(address,address,uint256).rTransferAmount (../..HODLCapital.sol#1268) is too similar to HODLCapital._getValues(uint256).tTransferAmount (../..HODLCapital.sol#1353)\n",
            "name": "similar-names"
        },
        {
            "confidence": "Medium",
            "filename": "/home/kaixuan/sast_study/solidity/smartbugs/samples/poc_shift/source_code_vuln/deliver/HODLCapital_exp/HODLCapital.sol",
            "impact": "Informational",
            "line": 1401,
            "message": "Variable HODLCapital._getRValues(uint256,uint256,uint256).rTransferAmount (../..HODLCapital.sol#1401) is too similar to HODLCapital._getValues(uint256).tTransferAmount (../..HODLCapital.sol#1353)\n",
            "name": "similar-names"
        },
        {
            "confidence": "Medium",
            "filename": "/home/kaixuan/sast_study/solidity/smartbugs/samples/poc_shift/source_code_vuln/deliver/HODLCapital_exp/HODLCapital.sol",
            "impact": "Informational",
            "line": 654,
            "message": "Variable IUniswapV2Router01.addLiquidity(address,address,uint256,uint256,uint256,uint256,address,uint256).amountADesired (../..HODLCapital.sol#654) is too similar to IUniswapV2Router01.addLiquidity(address,address,uint256,uint256,uint256,uint256,address,uint256).amountBDesired (../..HODLCapital.sol#655)\n",
            "name": "similar-names"
        },
        {
            "confidence": "Medium",
            "filename": "/home/kaixuan/sast_study/solidity/smartbugs/samples/poc_shift/source_code_vuln/deliver/HODLCapital_exp/HODLCapital.sol",
            "impact": "Informational",
            "line": 1401,
            "message": "Variable HODLCapital._getRValues(uint256,uint256,uint256).rTransferAmount (../..HODLCapital.sol#1401) is too similar to HODLCapital._getTValues(uint256,uint256,uint256).tTransferAmount (../..HODLCapital.sol#1382)\n",
            "name": "similar-names"
        },
        {
            "confidence": "Medium",
            "filename": "/home/kaixuan/sast_study/solidity/smartbugs/samples/poc_shift/source_code_vuln/deliver/HODLCapital_exp/HODLCapital.sol",
            "impact": "Informational",
            "line": 1268,
            "message": "Variable HODLCapital._transferToExcluded(address,address,uint256).rTransferAmount (../..HODLCapital.sol#1268) is too similar to HODLCapital._transferFromExcluded(address,address,uint256).tTransferAmount (../..HODLCapital.sol#1291)\n",
            "name": "similar-names"
        },
        {
            "confidence": "Medium",
            "filename": "/home/kaixuan/sast_study/solidity/smartbugs/samples/poc_shift/source_code_vuln/deliver/HODLCapital_exp/HODLCapital.sol",
            "impact": "Informational",
            "line": 1060,
            "message": "Variable HODLCapital.reflectionFromToken(uint256,bool).rTransferAmount (../..HODLCapital.sol#1060) is too similar to HODLCapital._getTValues(uint256,uint256,uint256).tTransferAmount (../..HODLCapital.sol#1382)\n",
            "name": "similar-names"
        },
        {
            "confidence": "Medium",
            "filename": "/home/kaixuan/sast_study/solidity/smartbugs/samples/poc_shift/source_code_vuln/deliver/HODLCapital_exp/HODLCapital.sol",
            "impact": "Informational",
            "line": 1310,
            "message": "Variable HODLCapital._transferBothExcluded(address,address,uint256).rTransferAmount (../..HODLCapital.sol#1310) is too similar to HODLCapital._transferBothExcluded(address,address,uint256).tTransferAmount (../..HODLCapital.sol#1312)\n",
            "name": "similar-names"
        },
        {
            "confidence": "Medium",
            "filename": "/home/kaixuan/sast_study/solidity/smartbugs/samples/poc_shift/source_code_vuln/deliver/HODLCapital_exp/HODLCapital.sol",
            "impact": "Informational",
            "line": 1289,
            "message": "Variable HODLCapital._transferFromExcluded(address,address,uint256).rTransferAmount (../..HODLCapital.sol#1289) is too similar to HODLCapital._transferFromExcluded(address,address,uint256).tTransferAmount (../..HODLCapital.sol#1291)\n",
            "name": "similar-names"
        },
        {
            "confidence": "Medium",
            "filename": "/home/kaixuan/sast_study/solidity/smartbugs/samples/poc_shift/source_code_vuln/deliver/HODLCapital_exp/HODLCapital.sol",
            "impact": "Informational",
            "line": 1268,
            "message": "Variable HODLCapital._transferToExcluded(address,address,uint256).rTransferAmount (../..HODLCapital.sol#1268) is too similar to HODLCapital._transferToExcluded(address,address,uint256).tTransferAmount (../..HODLCapital.sol#1270)\n",
            "name": "similar-names"
        },
        {
            "confidence": "Medium",
            "filename": "/home/kaixuan/sast_study/solidity/smartbugs/samples/poc_shift/source_code_vuln/deliver/HODLCapital_exp/HODLCapital.sol",
            "impact": "Informational",
            "line": 1359,
            "message": "Variable HODLCapital._getValues(uint256).rTransferAmount (../..HODLCapital.sol#1359) is too similar to HODLCapital._transferToExcluded(address,address,uint256).tTransferAmount (../..HODLCapital.sol#1270)\n",
            "name": "similar-names"
        },
        {
            "confidence": "Medium",
            "filename": "/home/kaixuan/sast_study/solidity/smartbugs/samples/poc_shift/source_code_vuln/deliver/HODLCapital_exp/HODLCapital.sol",
            "impact": "Informational",
            "line": 1248,
            "message": "Variable HODLCapital._transferStandard(address,address,uint256).rTransferAmount (../..HODLCapital.sol#1248) is too similar to HODLCapital._transferToExcluded(address,address,uint256).tTransferAmount (../..HODLCapital.sol#1270)\n",
            "name": "similar-names"
        },
        {
            "confidence": "Medium",
            "filename": "/home/kaixuan/sast_study/solidity/smartbugs/samples/poc_shift/source_code_vuln/deliver/HODLCapital_exp/HODLCapital.sol",
            "impact": "Informational",
            "line": 1289,
            "message": "Variable HODLCapital._transferFromExcluded(address,address,uint256).rTransferAmount (../..HODLCapital.sol#1289) is too similar to HODLCapital._transferToExcluded(address,address,uint256).tTransferAmount (../..HODLCapital.sol#1270)\n",
            "name": "similar-names"
        },
        {
            "confidence": "Medium",
            "filename": "/home/kaixuan/sast_study/solidity/smartbugs/samples/poc_shift/source_code_vuln/deliver/HODLCapital_exp/HODLCapital.sol",
            "impact": "Informational",
            "line": 1060,
            "message": "Variable HODLCapital.reflectionFromToken(uint256,bool).rTransferAmount (../..HODLCapital.sol#1060) is too similar to HODLCapital._transferStandard(address,address,uint256).tTransferAmount (../..HODLCapital.sol#1250)\n",
            "name": "similar-names"
        },
        {
            "confidence": "Medium",
            "filename": "/home/kaixuan/sast_study/solidity/smartbugs/samples/poc_shift/source_code_vuln/deliver/HODLCapital_exp/HODLCapital.sol",
            "impact": "Informational",
            "line": 1060,
            "message": "Variable HODLCapital.reflectionFromToken(uint256,bool).rTransferAmount (../..HODLCapital.sol#1060) is too similar to HODLCapital._transferToExcluded(address,address,uint256).tTransferAmount (../..HODLCapital.sol#1270)\n",
            "name": "similar-names"
        },
        {
            "confidence": "Medium",
            "filename": "/home/kaixuan/sast_study/solidity/smartbugs/samples/poc_shift/source_code_vuln/deliver/HODLCapital_exp/HODLCapital.sol",
            "impact": "Informational",
            "line": 1359,
            "message": "Variable HODLCapital._getValues(uint256).rTransferAmount (../..HODLCapital.sol#1359) is too similar to HODLCapital._transferStandard(address,address,uint256).tTransferAmount (../..HODLCapital.sol#1250)\n",
            "name": "similar-names"
        },
        {
            "confidence": "Medium",
            "filename": "/home/kaixuan/sast_study/solidity/smartbugs/samples/poc_shift/source_code_vuln/deliver/HODLCapital_exp/HODLCapital.sol",
            "impact": "Informational",
            "line": 1310,
            "message": "Variable HODLCapital._transferBothExcluded(address,address,uint256).rTransferAmount (../..HODLCapital.sol#1310) is too similar to HODLCapital._transferStandard(address,address,uint256).tTransferAmount (../..HODLCapital.sol#1250)\n",
            "name": "similar-names"
        },
        {
            "confidence": "Medium",
            "filename": "/home/kaixuan/sast_study/solidity/smartbugs/samples/poc_shift/source_code_vuln/deliver/HODLCapital_exp/HODLCapital.sol",
            "impact": "Informational",
            "line": 1310,
            "message": "Variable HODLCapital._transferBothExcluded(address,address,uint256).rTransferAmount (../..HODLCapital.sol#1310) is too similar to HODLCapital._transferToExcluded(address,address,uint256).tTransferAmount (../..HODLCapital.sol#1270)\n",
            "name": "similar-names"
        },
        {
            "confidence": "Medium",
            "filename": "/home/kaixuan/sast_study/solidity/smartbugs/samples/poc_shift/source_code_vuln/deliver/HODLCapital_exp/HODLCapital.sol",
            "impact": "Informational",
            "line": 1268,
            "message": "Variable HODLCapital._transferToExcluded(address,address,uint256).rTransferAmount (../..HODLCapital.sol#1268) is too similar to HODLCapital._getTValues(uint256,uint256,uint256).tTransferAmount (../..HODLCapital.sol#1382)\n",
            "name": "similar-names"
        },
        {
            "confidence": "Medium",
            "contract": "/sb/HODLCapital.sol",
            "filename": "/home/kaixuan/sast_study/solidity/smartbugs/samples/poc_shift/source_code_vuln/deliver/HODLCapital_exp/HODLCapital.sol",
            "function": "_setMaxTxAmount",
            "impact": "Informational",
            "line": 1452,
            "line_end": 1458,
            "message": "HODLCapital._setMaxTxAmount(uint256) (../..HODLCapital.sol#1452-1458) uses literals with too many digits:\n\t- require(bool,string)(maxTxAmount >= 100000000000000e9,maxTxAmount should be greater than 100000000000000e9) (../..HODLCapital.sol#1453-1456)\n",
            "name": "too-many-digits"
        },
        {
            "confidence": "Medium",
            "contract": "/sb/HODLCapital.sol",
            "filename": "/home/kaixuan/sast_study/solidity/smartbugs/samples/poc_shift/source_code_vuln/deliver/HODLCapital_exp/HODLCapital.sol",
            "function": "slitherConstructorVariables",
            "impact": "Informational",
            "line": 853,
            "line_end": 1460,
            "message": "HODLCapital.slitherConstructorVariables() (../..HODLCapital.sol#853-1460) uses literals with too many digits:\n\t- _maxTxAmount = 100000000000000e9 (../..HODLCapital.sol#889)\n",
            "name": "too-many-digits"
        },
        {
            "confidence": "Medium",
            "contract": "/sb/HODLCapital.sol",
            "filename": "/home/kaixuan/sast_study/solidity/smartbugs/samples/poc_shift/source_code_vuln/deliver/HODLCapital_exp/HODLCapital.sol",
            "function": "slitherConstructorVariables",
            "impact": "Informational",
            "line": 853,
            "line_end": 1460,
            "message": "HODLCapital.slitherConstructorVariables() (../..HODLCapital.sol#853-1460) uses literals with too many digits:\n\t- _tTotal = 1000000000000 * 10 ** 9 (../..HODLCapital.sol#867)\n",
            "name": "too-many-digits"
        },
        {
            "confidence": "High",
            "filename": "/home/kaixuan/sast_study/solidity/smartbugs/samples/poc_shift/source_code_vuln/deliver/HODLCapital_exp/HODLCapital.sol",
            "impact": "Optimization",
            "line": 1413,
            "message": "Loop condition i < _excluded.length (../..HODLCapital.sol#1413) should use cached array length instead of referencing `length` member of the storage array.\n ",
            "name": "cache-array-length"
        },
        {
            "confidence": "High",
            "filename": "/home/kaixuan/sast_study/solidity/smartbugs/samples/poc_shift/source_code_vuln/deliver/HODLCapital_exp/HODLCapital.sol",
            "impact": "Optimization",
            "line": 891,
            "message": "HODLCapital._numOfTokensToExchangeForTeam (../..HODLCapital.sol#891) should be constant \n",
            "name": "constable-states"
        },
        {
            "confidence": "High",
            "filename": "/home/kaixuan/sast_study/solidity/smartbugs/samples/poc_shift/source_code_vuln/deliver/HODLCapital_exp/HODLCapital.sol",
            "impact": "Optimization",
            "line": 873,
            "message": "HODLCapital._decimals (../..HODLCapital.sol#873) should be constant \n",
            "name": "constable-states"
        },
        {
            "confidence": "High",
            "filename": "/home/kaixuan/sast_study/solidity/smartbugs/samples/poc_shift/source_code_vuln/deliver/HODLCapital_exp/HODLCapital.sol",
            "impact": "Optimization",
            "line": 871,
            "message": "HODLCapital._name (../..HODLCapital.sol#871) should be constant \n",
            "name": "constable-states"
        },
        {
            "confidence": "High",
            "filename": "/home/kaixuan/sast_study/solidity/smartbugs/samples/poc_shift/source_code_vuln/deliver/HODLCapital_exp/HODLCapital.sol",
            "impact": "Optimization",
            "line": 867,
            "message": "HODLCapital._tTotal (../..HODLCapital.sol#867) should be constant \n",
            "name": "constable-states"
        },
        {
            "confidence": "High",
            "filename": "/home/kaixuan/sast_study/solidity/smartbugs/samples/poc_shift/source_code_vuln/deliver/HODLCapital_exp/HODLCapital.sol",
            "impact": "Optimization",
            "line": 872,
            "message": "HODLCapital._symbol (../..HODLCapital.sol#872) should be constant \n",
            "name": "constable-states"
        },
        {
            "confidence": "High",
            "filename": "/home/kaixuan/sast_study/solidity/smartbugs/samples/poc_shift/source_code_vuln/deliver/HODLCapital_exp/HODLCapital.sol",
            "impact": "Optimization",
            "line": 881,
            "message": "HODLCapital._marketingWalletAddress (../..HODLCapital.sol#881) should be immutable \n",
            "name": "immutable-states"
        }
    ],
    "infos": [],
    "parser": {
        "id": "slither",
        "mode": "solidity",
        "version": "2022/11/14"
    }
}
