{
    "errors": [
        "Cannot compile the contract",
        "Contract \"./Steam.sol\"; does NOT exist",
        "Contract File does NOT exist",
        "Contract ParserError: does NOT exist",
        "Contract Source does NOT exist",
        "Contract ^-------------------^ does NOT exist",
        "Contract found. does NOT exist",
        "Contract not does NOT exist"
    ],
    "fails": [],
    "findings": [],
    "infos": [],
    "parser": {
        "id": "maian",
        "mode": "solidity",
        "version": "2022/11/11"
    }
}
