{
    "docker": {
        "command": null,
        "cpu_quota": 20000,
        "detach": true,
        "entrypoint": "'/sb/bin/do_solidity.sh' '/sb/IERC20.sol.sol' '3600' '/sb/bin' '0'",
        "image": "smartbugs/osiris:d1ecc37",
        "mem_limit": "1g",
        "user": 0,
        "volumes": {
            "/tmp/tmp4wol2u8t": {
                "bind": "/sb",
                "mode": "rw"
            }
        }
    },
    "filename": "/home/kaixuan/sast_study/solidity/smartbugs/samples/poc_shift/source_code_vuln/skim_transfer/Upswing_exp/IERC20.sol.sol",
    "platform": {
        "cpu": "Intel(R) Xeon(R) Gold 6248 CPU @ 2.50GHz",
        "python": "3.8.10.final.0 (64 bit)",
        "release": "5.15.0-91-generic",
        "smartbugs": "2.0.8",
        "system": "Linux",
        "version": "#101~20.04.1-Ubuntu SMP Thu Nov 16 14:22:28 UTC 2023"
    },
    "result": {
        "duration": 8.570719957351685,
        "exit_code": 0,
        "logs": "result.log",
        "output": null,
        "start": 1714315543.455272
    },
    "runid": "20240428_1408",
    "solc": "0.6.12",
    "tool": {
        "bin": "scripts",
        "command": null,
        "cpu_quota": null,
        "entrypoint": "'$BIN/do_solidity.sh' '$FILENAME' '$TIMEOUT' '$BIN' '$MAIN'",
        "id": "osiris",
        "image": "smartbugs/osiris:d1ecc37",
        "info": "Osiris is an analysis tool to detect integer bugs in Ethereum smart contracts. Osiris is based on Oyente.",
        "mem_limit": null,
        "mode": "solidity",
        "name": "Osiris",
        "origin": "https://github.com/christoftorres/Osiris",
        "output": null,
        "parser": "parser.py",
        "solc": true,
        "version": "#d1ecc37"
    }
}
