{
    "errors": [
        "EXIT_CODE_255"
    ],
    "fails": [],
    "findings": [
        {
            "confidence": "High",
            "contract": "/sb/DxBurnToken.sol",
            "filename": "/home/kaixuan/sast_study/solidity/smartbugs/samples/poc_shift/source_code_vuln/burn_sync/BIGFI_exp/DxBurnToken.sol",
            "function": "_getCurrentSupply",
            "impact": "High",
            "line": 645,
            "message": "DxBurnToken._excluded (../..DxBurnToken.sol#645) is never initialized. It is used in:\n\t- DxBurnToken._getCurrentSupply() (../..DxBurnToken.sol#889-899)\n",
            "name": "uninitialized-state"
        },
        {
            "confidence": "High",
            "contract": "/sb/DxBurnToken.sol",
            "filename": "/home/kaixuan/sast_study/solidity/smartbugs/samples/poc_shift/source_code_vuln/burn_sync/BIGFI_exp/DxBurnToken.sol",
            "function": "balanceOf",
            "impact": "High",
            "line": 642,
            "message": "DxBurnToken._isExcluded (../..DxBurnToken.sol#642) is never initialized. It is used in:\n\t- DxBurnToken.balanceOf(address) (../..DxBurnToken.sol#722-725)\n\t- DxBurnToken.isExcludedFromReward(address) (../..DxBurnToken.sol#757-759)\n\t- DxBurnToken.deliver(uint256) (../..DxBurnToken.sol#773-780)\n\t- DxBurnToken._takeDev(uint256) (../..DxBurnToken.sol#901-907)\n\t- DxBurnToken._tokenTransfer(address,address,uint256,bool) (../..DxBurnToken.sol#992-1010)\n",
            "name": "uninitialized-state"
        },
        {
            "confidence": "High",
            "contract": "/sb/DxBurnToken.sol",
            "filename": "/home/kaixuan/sast_study/solidity/smartbugs/samples/poc_shift/source_code_vuln/burn_sync/BIGFI_exp/DxBurnToken.sol",
            "function": "receive",
            "impact": "Medium",
            "line": 626,
            "line_end": 1099,
            "message": "Contract locking ether found:\n\tContract DxBurnToken (../..DxBurnToken.sol#626-1099) has payable functions:\n\t - DxBurnToken.receive() (../..DxBurnToken.sol#859)\n\tBut does not have a function to withdraw the ether\n",
            "name": "locked-ether"
        },
        {
            "confidence": "High",
            "contract": "/sb/DxBurnToken.sol",
            "filename": "/home/kaixuan/sast_study/solidity/smartbugs/samples/poc_shift/source_code_vuln/burn_sync/BIGFI_exp/DxBurnToken.sol",
            "function": "setBurnFeePercent",
            "impact": "Medium",
            "line": 845,
            "line_end": 849,
            "message": "DxBurnToken.setBurnFeePercent(uint256) (../..DxBurnToken.sol#845-849) contains a tautology or contradiction:\n\t- require(bool,string)(burnFee >= 0 && burnFee <= maxBurnFee,teamFee out of range) (../..DxBurnToken.sol#846)\n",
            "name": "tautology"
        },
        {
            "confidence": "High",
            "contract": "/sb/DxBurnToken.sol",
            "filename": "/home/kaixuan/sast_study/solidity/smartbugs/samples/poc_shift/source_code_vuln/burn_sync/BIGFI_exp/DxBurnToken.sol",
            "function": "setTaxFeePercent",
            "impact": "Medium",
            "line": 833,
            "line_end": 837,
            "message": "DxBurnToken.setTaxFeePercent(uint256) (../..DxBurnToken.sol#833-837) contains a tautology or contradiction:\n\t- require(bool,string)(taxFee >= 0 && taxFee <= maxTaxFee,taxFee out of range) (../..DxBurnToken.sol#834)\n",
            "name": "tautology"
        },
        {
            "confidence": "High",
            "contract": "/sb/DxBurnToken.sol",
            "filename": "/home/kaixuan/sast_study/solidity/smartbugs/samples/poc_shift/source_code_vuln/burn_sync/BIGFI_exp/DxBurnToken.sol",
            "function": "setDevFeePercent",
            "impact": "Medium",
            "line": 839,
            "line_end": 843,
            "message": "DxBurnToken.setDevFeePercent(uint256) (../..DxBurnToken.sol#839-843) contains a tautology or contradiction:\n\t- require(bool,string)(devFee >= 0 && devFee <= maxDevFee,teamFee out of range) (../..DxBurnToken.sol#840)\n",
            "name": "tautology"
        },
        {
            "confidence": "High",
            "contract": "/sb/DxBurnToken.sol",
            "filename": "/home/kaixuan/sast_study/solidity/smartbugs/samples/poc_shift/source_code_vuln/burn_sync/BIGFI_exp/DxBurnToken.sol",
            "function": "owner",
            "impact": "Low",
            "line": 732,
            "message": "DxBurnToken.allowance(address,address).owner (../..DxBurnToken.sol#732) shadows:\n\t- Ownable.owner() (../..DxBurnToken.sol#582-584) (function)\n",
            "name": "shadowing-local"
        },
        {
            "confidence": "High",
            "contract": "/sb/DxBurnToken.sol",
            "filename": "/home/kaixuan/sast_study/solidity/smartbugs/samples/poc_shift/source_code_vuln/burn_sync/BIGFI_exp/DxBurnToken.sol",
            "function": "owner",
            "impact": "Low",
            "line": 956,
            "message": "DxBurnToken._approve(address,address,uint256).owner (../..DxBurnToken.sol#956) shadows:\n\t- Ownable.owner() (../..DxBurnToken.sol#582-584) (function)\n",
            "name": "shadowing-local"
        },
        {
            "confidence": "Medium",
            "contract": "/sb/DxBurnToken.sol",
            "filename": "/home/kaixuan/sast_study/solidity/smartbugs/samples/poc_shift/source_code_vuln/burn_sync/BIGFI_exp/DxBurnToken.sol",
            "function": "setBurnFeePercent",
            "impact": "Low",
            "line": 845,
            "line_end": 849,
            "message": "DxBurnToken.setBurnFeePercent(uint256) (../..DxBurnToken.sol#845-849) should emit an event for: \n\t- _burnFee = burnFee (../..DxBurnToken.sol#847) \n\t- _previousBurnFee = _burnFee (../..DxBurnToken.sol#848) \n",
            "name": "events-maths"
        },
        {
            "confidence": "Medium",
            "contract": "/sb/DxBurnToken.sol",
            "filename": "/home/kaixuan/sast_study/solidity/smartbugs/samples/poc_shift/source_code_vuln/burn_sync/BIGFI_exp/DxBurnToken.sol",
            "function": "setMaxTxPercent",
            "impact": "Low",
            "line": 851,
            "line_end": 856,
            "message": "DxBurnToken.setMaxTxPercent(uint256) (../..DxBurnToken.sol#851-856) should emit an event for: \n\t- _maxTxAmount = _tTotal.mul(maxTxPercent).div(10 ** 2) (../..DxBurnToken.sol#853-855) \n",
            "name": "events-maths"
        },
        {
            "confidence": "Medium",
            "contract": "/sb/DxBurnToken.sol",
            "filename": "/home/kaixuan/sast_study/solidity/smartbugs/samples/poc_shift/source_code_vuln/burn_sync/BIGFI_exp/DxBurnToken.sol",
            "function": "setTaxFeePercent",
            "impact": "Low",
            "line": 833,
            "line_end": 837,
            "message": "DxBurnToken.setTaxFeePercent(uint256) (../..DxBurnToken.sol#833-837) should emit an event for: \n\t- _taxFee = taxFee (../..DxBurnToken.sol#835) \n\t- _previousTaxFee = _taxFee (../..DxBurnToken.sol#836) \n",
            "name": "events-maths"
        },
        {
            "confidence": "Medium",
            "contract": "/sb/DxBurnToken.sol",
            "filename": "/home/kaixuan/sast_study/solidity/smartbugs/samples/poc_shift/source_code_vuln/burn_sync/BIGFI_exp/DxBurnToken.sol",
            "function": "setDevFeePercent",
            "impact": "Low",
            "line": 839,
            "line_end": 843,
            "message": "DxBurnToken.setDevFeePercent(uint256) (../..DxBurnToken.sol#839-843) should emit an event for: \n\t- _devFee = devFee (../..DxBurnToken.sol#841) \n\t- _previousDevFee = _devFee (../..DxBurnToken.sol#842) \n",
            "name": "events-maths"
        },
        {
            "confidence": "Medium",
            "filename": "/home/kaixuan/sast_study/solidity/smartbugs/samples/poc_shift/source_code_vuln/burn_sync/BIGFI_exp/DxBurnToken.sol",
            "impact": "Low",
            "line": 672,
            "message": "DxBurnToken.constructor(address,string,string,uint8,uint256,uint8[3],uint256[4],address).devWalletAddress_ (../..DxBurnToken.sol#672) lacks a zero-check on :\n\t\t- _devWalletAddress = devWalletAddress_ (../..DxBurnToken.sol#692)\n",
            "name": "missing-zero-check"
        },
        {
            "confidence": "High",
            "contract": "/sb/DxBurnToken.sol",
            "filename": "/home/kaixuan/sast_study/solidity/smartbugs/samples/poc_shift/source_code_vuln/burn_sync/BIGFI_exp/DxBurnToken.sol",
            "function": "verifyCallResult",
            "impact": "Informational",
            "line": 532,
            "line_end": 552,
            "message": "Address.verifyCallResult(bool,bytes,string) (../..DxBurnToken.sol#532-552) uses assembly\n\t- INLINE ASM (../..DxBurnToken.sol#544-547)\n",
            "name": "assembly"
        },
        {
            "confidence": "Medium",
            "contract": "/sb/DxBurnToken.sol",
            "filename": "/home/kaixuan/sast_study/solidity/smartbugs/samples/poc_shift/source_code_vuln/burn_sync/BIGFI_exp/DxBurnToken.sol",
            "function": "verifyCallResult",
            "impact": "Informational",
            "line": 532,
            "line_end": 552,
            "message": "Address.verifyCallResult(bool,bytes,string) (../..DxBurnToken.sol#532-552) is never used and should be removed\n",
            "name": "dead-code"
        },
        {
            "confidence": "Medium",
            "contract": "/sb/DxBurnToken.sol",
            "filename": "/home/kaixuan/sast_study/solidity/smartbugs/samples/poc_shift/source_code_vuln/burn_sync/BIGFI_exp/DxBurnToken.sol",
            "function": "tryDiv",
            "impact": "Informational",
            "line": 151,
            "line_end": 156,
            "message": "SafeMath.tryDiv(uint256,uint256) (../..DxBurnToken.sol#151-156) is never used and should be removed\n",
            "name": "dead-code"
        },
        {
            "confidence": "Medium",
            "contract": "/sb/DxBurnToken.sol",
            "filename": "/home/kaixuan/sast_study/solidity/smartbugs/samples/poc_shift/source_code_vuln/burn_sync/BIGFI_exp/DxBurnToken.sol",
            "function": "sendValue",
            "impact": "Informational",
            "line": 391,
            "line_end": 396,
            "message": "Address.sendValue(address,uint256) (../..DxBurnToken.sol#391-396) is never used and should be removed\n",
            "name": "dead-code"
        },
        {
            "confidence": "Medium",
            "contract": "/sb/DxBurnToken.sol",
            "filename": "/home/kaixuan/sast_study/solidity/smartbugs/samples/poc_shift/source_code_vuln/burn_sync/BIGFI_exp/DxBurnToken.sol",
            "function": "functionCallWithValue",
            "impact": "Informational",
            "line": 445,
            "line_end": 451,
            "message": "Address.functionCallWithValue(address,bytes,uint256) (../..DxBurnToken.sol#445-451) is never used and should be removed\n",
            "name": "dead-code"
        },
        {
            "confidence": "Medium",
            "contract": "/sb/DxBurnToken.sol",
            "filename": "/home/kaixuan/sast_study/solidity/smartbugs/samples/poc_shift/source_code_vuln/burn_sync/BIGFI_exp/DxBurnToken.sol",
            "function": "tryMod",
            "impact": "Informational",
            "line": 163,
            "line_end": 168,
            "message": "SafeMath.tryMod(uint256,uint256) (../..DxBurnToken.sol#163-168) is never used and should be removed\n",
            "name": "dead-code"
        },
        {
            "confidence": "Medium",
            "contract": "/sb/DxBurnToken.sol",
            "filename": "/home/kaixuan/sast_study/solidity/smartbugs/samples/poc_shift/source_code_vuln/burn_sync/BIGFI_exp/DxBurnToken.sol",
            "function": "functionDelegateCall",
            "impact": "Informational",
            "line": 515,
            "line_end": 524,
            "message": "Address.functionDelegateCall(address,bytes,string) (../..DxBurnToken.sol#515-524) is never used and should be removed\n",
            "name": "dead-code"
        },
        {
            "confidence": "Medium",
            "contract": "/sb/DxBurnToken.sol",
            "filename": "/home/kaixuan/sast_study/solidity/smartbugs/samples/poc_shift/source_code_vuln/burn_sync/BIGFI_exp/DxBurnToken.sol",
            "function": "functionDelegateCall",
            "impact": "Informational",
            "line": 505,
            "line_end": 507,
            "message": "Address.functionDelegateCall(address,bytes) (../..DxBurnToken.sol#505-507) is never used and should be removed\n",
            "name": "dead-code"
        },
        {
            "confidence": "Medium",
            "contract": "/sb/DxBurnToken.sol",
            "filename": "/home/kaixuan/sast_study/solidity/smartbugs/samples/poc_shift/source_code_vuln/burn_sync/BIGFI_exp/DxBurnToken.sol",
            "function": "tryAdd",
            "impact": "Informational",
            "line": 109,
            "line_end": 115,
            "message": "SafeMath.tryAdd(uint256,uint256) (../..DxBurnToken.sol#109-115) is never used and should be removed\n",
            "name": "dead-code"
        },
        {
            "confidence": "Medium",
            "contract": "/sb/DxBurnToken.sol",
            "filename": "/home/kaixuan/sast_study/solidity/smartbugs/samples/poc_shift/source_code_vuln/burn_sync/BIGFI_exp/DxBurnToken.sol",
            "function": "mod",
            "impact": "Informational",
            "line": 304,
            "line_end": 313,
            "message": "SafeMath.mod(uint256,uint256,string) (../..DxBurnToken.sol#304-313) is never used and should be removed\n",
            "name": "dead-code"
        },
        {
            "confidence": "Medium",
            "contract": "/sb/DxBurnToken.sol",
            "filename": "/home/kaixuan/sast_study/solidity/smartbugs/samples/poc_shift/source_code_vuln/burn_sync/BIGFI_exp/DxBurnToken.sol",
            "function": "functionCallWithValue",
            "impact": "Informational",
            "line": 459,
            "line_end": 470,
            "message": "Address.functionCallWithValue(address,bytes,uint256,string) (../..DxBurnToken.sol#459-470) is never used and should be removed\n",
            "name": "dead-code"
        },
        {
            "confidence": "Medium",
            "contract": "/sb/DxBurnToken.sol",
            "filename": "/home/kaixuan/sast_study/solidity/smartbugs/samples/poc_shift/source_code_vuln/burn_sync/BIGFI_exp/DxBurnToken.sol",
            "function": "div",
            "impact": "Informational",
            "line": 278,
            "line_end": 287,
            "message": "SafeMath.div(uint256,uint256,string) (../..DxBurnToken.sol#278-287) is never used and should be removed\n",
            "name": "dead-code"
        },
        {
            "confidence": "Medium",
            "contract": "/sb/DxBurnToken.sol",
            "filename": "/home/kaixuan/sast_study/solidity/smartbugs/samples/poc_shift/source_code_vuln/burn_sync/BIGFI_exp/DxBurnToken.sol",
            "function": "_msgData",
            "impact": "Informational",
            "line": 331,
            "line_end": 333,
            "message": "Context._msgData() (../..DxBurnToken.sol#331-333) is never used and should be removed\n",
            "name": "dead-code"
        },
        {
            "confidence": "Medium",
            "contract": "/sb/DxBurnToken.sol",
            "filename": "/home/kaixuan/sast_study/solidity/smartbugs/samples/poc_shift/source_code_vuln/burn_sync/BIGFI_exp/DxBurnToken.sol",
            "function": "functionStaticCall",
            "impact": "Informational",
            "line": 478,
            "line_end": 480,
            "message": "Address.functionStaticCall(address,bytes) (../..DxBurnToken.sol#478-480) is never used and should be removed\n",
            "name": "dead-code"
        },
        {
            "confidence": "Medium",
            "contract": "/sb/DxBurnToken.sol",
            "filename": "/home/kaixuan/sast_study/solidity/smartbugs/samples/poc_shift/source_code_vuln/burn_sync/BIGFI_exp/DxBurnToken.sol",
            "function": "mod",
            "impact": "Informational",
            "line": 238,
            "line_end": 240,
            "message": "SafeMath.mod(uint256,uint256) (../..DxBurnToken.sol#238-240) is never used and should be removed\n",
            "name": "dead-code"
        },
        {
            "confidence": "Medium",
            "contract": "/sb/DxBurnToken.sol",
            "filename": "/home/kaixuan/sast_study/solidity/smartbugs/samples/poc_shift/source_code_vuln/burn_sync/BIGFI_exp/DxBurnToken.sol",
            "function": "tryMul",
            "impact": "Informational",
            "line": 134,
            "line_end": 144,
            "message": "SafeMath.tryMul(uint256,uint256) (../..DxBurnToken.sol#134-144) is never used and should be removed\n",
            "name": "dead-code"
        },
        {
            "confidence": "Medium",
            "contract": "/sb/DxBurnToken.sol",
            "filename": "/home/kaixuan/sast_study/solidity/smartbugs/samples/poc_shift/source_code_vuln/burn_sync/BIGFI_exp/DxBurnToken.sol",
            "function": "trySub",
            "impact": "Informational",
            "line": 122,
            "line_end": 127,
            "message": "SafeMath.trySub(uint256,uint256) (../..DxBurnToken.sol#122-127) is never used and should be removed\n",
            "name": "dead-code"
        },
        {
            "confidence": "Medium",
            "contract": "/sb/DxBurnToken.sol",
            "filename": "/home/kaixuan/sast_study/solidity/smartbugs/samples/poc_shift/source_code_vuln/burn_sync/BIGFI_exp/DxBurnToken.sol",
            "function": "isContract",
            "impact": "Informational",
            "line": 367,
            "line_end": 373,
            "message": "Address.isContract(address) (../..DxBurnToken.sol#367-373) is never used and should be removed\n",
            "name": "dead-code"
        },
        {
            "confidence": "Medium",
            "contract": "/sb/DxBurnToken.sol",
            "filename": "/home/kaixuan/sast_study/solidity/smartbugs/samples/poc_shift/source_code_vuln/burn_sync/BIGFI_exp/DxBurnToken.sol",
            "function": "functionCall",
            "impact": "Informational",
            "line": 426,
            "line_end": 432,
            "message": "Address.functionCall(address,bytes,string) (../..DxBurnToken.sol#426-432) is never used and should be removed\n",
            "name": "dead-code"
        },
        {
            "confidence": "Medium",
            "contract": "/sb/DxBurnToken.sol",
            "filename": "/home/kaixuan/sast_study/solidity/smartbugs/samples/poc_shift/source_code_vuln/burn_sync/BIGFI_exp/DxBurnToken.sol",
            "function": "functionStaticCall",
            "impact": "Informational",
            "line": 488,
            "line_end": 497,
            "message": "Address.functionStaticCall(address,bytes,string) (../..DxBurnToken.sol#488-497) is never used and should be removed\n",
            "name": "dead-code"
        },
        {
            "confidence": "Medium",
            "contract": "/sb/DxBurnToken.sol",
            "filename": "/home/kaixuan/sast_study/solidity/smartbugs/samples/poc_shift/source_code_vuln/burn_sync/BIGFI_exp/DxBurnToken.sol",
            "function": "functionCall",
            "impact": "Informational",
            "line": 416,
            "line_end": 418,
            "message": "Address.functionCall(address,bytes) (../..DxBurnToken.sol#416-418) is never used and should be removed\n",
            "name": "dead-code"
        },
        {
            "confidence": "High",
            "filename": "/home/kaixuan/sast_study/solidity/smartbugs/samples/poc_shift/source_code_vuln/burn_sync/BIGFI_exp/DxBurnToken.sol",
            "impact": "Informational",
            "line": 665,
            "message": "DxBurnToken._previousBurnFee (../..DxBurnToken.sol#665) is set pre-construction with a non-constant function or state variable:\n\t- _burnFee\n",
            "name": "function-init-state"
        },
        {
            "confidence": "High",
            "filename": "/home/kaixuan/sast_study/solidity/smartbugs/samples/poc_shift/source_code_vuln/burn_sync/BIGFI_exp/DxBurnToken.sol",
            "impact": "Informational",
            "line": 662,
            "message": "DxBurnToken._previousDevFee (../..DxBurnToken.sol#662) is set pre-construction with a non-constant function or state variable:\n\t- _devFee\n",
            "name": "function-init-state"
        },
        {
            "confidence": "High",
            "filename": "/home/kaixuan/sast_study/solidity/smartbugs/samples/poc_shift/source_code_vuln/burn_sync/BIGFI_exp/DxBurnToken.sol",
            "impact": "Informational",
            "line": 11,
            "message": "Pragma version^0.8.7 (../..DxBurnToken.sol#11) allows old versions\n",
            "name": "solc-version"
        },
        {
            "confidence": "High",
            "filename": "/home/kaixuan/sast_study/solidity/smartbugs/samples/poc_shift/source_code_vuln/burn_sync/BIGFI_exp/DxBurnToken.sol",
            "impact": "Informational",
            "message": "solc-0.8.25 is not recommended for deployment\n",
            "name": "solc-version"
        },
        {
            "confidence": "High",
            "contract": "/sb/DxBurnToken.sol",
            "filename": "/home/kaixuan/sast_study/solidity/smartbugs/samples/poc_shift/source_code_vuln/burn_sync/BIGFI_exp/DxBurnToken.sol",
            "function": "functionStaticCall",
            "impact": "Informational",
            "line": 488,
            "line_end": 497,
            "message": "Low level call in Address.functionStaticCall(address,bytes,string) (../..DxBurnToken.sol#488-497):\n\t- (success,returndata) = target.staticcall(data) (../..DxBurnToken.sol#495)\n",
            "name": "low-level-calls"
        },
        {
            "confidence": "High",
            "contract": "/sb/DxBurnToken.sol",
            "filename": "/home/kaixuan/sast_study/solidity/smartbugs/samples/poc_shift/source_code_vuln/burn_sync/BIGFI_exp/DxBurnToken.sol",
            "function": "functionDelegateCall",
            "impact": "Informational",
            "line": 515,
            "line_end": 524,
            "message": "Low level call in Address.functionDelegateCall(address,bytes,string) (../..DxBurnToken.sol#515-524):\n\t- (success,returndata) = target.delegatecall(data) (../..DxBurnToken.sol#522)\n",
            "name": "low-level-calls"
        },
        {
            "confidence": "High",
            "contract": "/sb/DxBurnToken.sol",
            "filename": "/home/kaixuan/sast_study/solidity/smartbugs/samples/poc_shift/source_code_vuln/burn_sync/BIGFI_exp/DxBurnToken.sol",
            "function": "functionCallWithValue",
            "impact": "Informational",
            "line": 459,
            "line_end": 470,
            "message": "Low level call in Address.functionCallWithValue(address,bytes,uint256,string) (../..DxBurnToken.sol#459-470):\n\t- (success,returndata) = target.call{value: value}(data) (../..DxBurnToken.sol#468)\n",
            "name": "low-level-calls"
        },
        {
            "confidence": "High",
            "contract": "/sb/DxBurnToken.sol",
            "filename": "/home/kaixuan/sast_study/solidity/smartbugs/samples/poc_shift/source_code_vuln/burn_sync/BIGFI_exp/DxBurnToken.sol",
            "function": "sendValue",
            "impact": "Informational",
            "line": 391,
            "line_end": 396,
            "message": "Low level call in Address.sendValue(address,uint256) (../..DxBurnToken.sol#391-396):\n\t- (success) = recipient.call{value: amount}() (../..DxBurnToken.sol#394)\n",
            "name": "low-level-calls"
        },
        {
            "confidence": "High",
            "filename": "/home/kaixuan/sast_study/solidity/smartbugs/samples/poc_shift/source_code_vuln/burn_sync/BIGFI_exp/DxBurnToken.sol",
            "impact": "Informational",
            "line": 909,
            "message": "Parameter DxBurnToken.calculateTaxFee(uint256)._amount (../..DxBurnToken.sol#909) is not in mixedCase\n",
            "name": "naming-convention"
        },
        {
            "confidence": "High",
            "filename": "/home/kaixuan/sast_study/solidity/smartbugs/samples/poc_shift/source_code_vuln/burn_sync/BIGFI_exp/DxBurnToken.sol",
            "impact": "Informational",
            "line": 652,
            "message": "Variable DxBurnToken._tBurnTotal (../..DxBurnToken.sol#652) is not in mixedCase\n",
            "name": "naming-convention"
        },
        {
            "confidence": "High",
            "filename": "/home/kaixuan/sast_study/solidity/smartbugs/samples/poc_shift/source_code_vuln/burn_sync/BIGFI_exp/DxBurnToken.sol",
            "impact": "Informational",
            "line": 915,
            "message": "Parameter DxBurnToken.calculateDevFee(uint256)._amount (../..DxBurnToken.sol#915) is not in mixedCase\n",
            "name": "naming-convention"
        },
        {
            "confidence": "High",
            "filename": "/home/kaixuan/sast_study/solidity/smartbugs/samples/poc_shift/source_code_vuln/burn_sync/BIGFI_exp/DxBurnToken.sol",
            "impact": "Informational",
            "line": 921,
            "message": "Parameter DxBurnToken.calculateBurnFee(uint256)._amount (../..DxBurnToken.sol#921) is not in mixedCase\n",
            "name": "naming-convention"
        },
        {
            "confidence": "High",
            "filename": "/home/kaixuan/sast_study/solidity/smartbugs/samples/poc_shift/source_code_vuln/burn_sync/BIGFI_exp/DxBurnToken.sol",
            "impact": "Informational",
            "line": 664,
            "message": "Variable DxBurnToken._burnFee (../..DxBurnToken.sol#664) is not in mixedCase\n",
            "name": "naming-convention"
        },
        {
            "confidence": "High",
            "filename": "/home/kaixuan/sast_study/solidity/smartbugs/samples/poc_shift/source_code_vuln/burn_sync/BIGFI_exp/DxBurnToken.sol",
            "impact": "Informational",
            "line": 661,
            "message": "Variable DxBurnToken._devFee (../..DxBurnToken.sol#661) is not in mixedCase\n",
            "name": "naming-convention"
        },
        {
            "confidence": "High",
            "filename": "/home/kaixuan/sast_study/solidity/smartbugs/samples/poc_shift/source_code_vuln/burn_sync/BIGFI_exp/DxBurnToken.sol",
            "impact": "Informational",
            "line": 818,
            "message": "Parameter DxBurnToken.replaceDevWalletAddress(address,address)._newAddr (../..DxBurnToken.sol#818) is not in mixedCase\n",
            "name": "naming-convention"
        },
        {
            "confidence": "High",
            "filename": "/home/kaixuan/sast_study/solidity/smartbugs/samples/poc_shift/source_code_vuln/burn_sync/BIGFI_exp/DxBurnToken.sol",
            "impact": "Informational",
            "line": 658,
            "message": "Variable DxBurnToken._taxFee (../..DxBurnToken.sol#658) is not in mixedCase\n",
            "name": "naming-convention"
        },
        {
            "confidence": "High",
            "filename": "/home/kaixuan/sast_study/solidity/smartbugs/samples/poc_shift/source_code_vuln/burn_sync/BIGFI_exp/DxBurnToken.sol",
            "impact": "Informational",
            "line": 651,
            "message": "Variable DxBurnToken._tDevTotal (../..DxBurnToken.sol#651) is not in mixedCase\n",
            "name": "naming-convention"
        },
        {
            "confidence": "High",
            "filename": "/home/kaixuan/sast_study/solidity/smartbugs/samples/poc_shift/source_code_vuln/burn_sync/BIGFI_exp/DxBurnToken.sol",
            "impact": "Informational",
            "line": 809,
            "message": "Parameter DxBurnToken.setDevWalletAddress(address)._addr (../..DxBurnToken.sol#809) is not in mixedCase\n",
            "name": "naming-convention"
        },
        {
            "confidence": "High",
            "filename": "/home/kaixuan/sast_study/solidity/smartbugs/samples/poc_shift/source_code_vuln/burn_sync/BIGFI_exp/DxBurnToken.sol",
            "impact": "Informational",
            "line": 646,
            "message": "Variable DxBurnToken._devWalletAddress (../..DxBurnToken.sol#646) is not in mixedCase\n",
            "name": "naming-convention"
        },
        {
            "confidence": "High",
            "filename": "/home/kaixuan/sast_study/solidity/smartbugs/samples/poc_shift/source_code_vuln/burn_sync/BIGFI_exp/DxBurnToken.sol",
            "impact": "Informational",
            "line": 669,
            "message": "Variable DxBurnToken._maxTxAmount (../..DxBurnToken.sol#669) is not in mixedCase\n",
            "name": "naming-convention"
        },
        {
            "confidence": "High",
            "filename": "/home/kaixuan/sast_study/solidity/smartbugs/samples/poc_shift/source_code_vuln/burn_sync/BIGFI_exp/DxBurnToken.sol",
            "impact": "Informational",
            "line": 829,
            "message": "Parameter DxBurnToken.burn(uint256)._value (../..DxBurnToken.sol#829) is not in mixedCase\n",
            "name": "naming-convention"
        },
        {
            "confidence": "High",
            "filename": "/home/kaixuan/sast_study/solidity/smartbugs/samples/poc_shift/source_code_vuln/burn_sync/BIGFI_exp/DxBurnToken.sol",
            "impact": "Informational",
            "line": 818,
            "message": "Parameter DxBurnToken.replaceDevWalletAddress(address,address)._addr (../..DxBurnToken.sol#818) is not in mixedCase\n",
            "name": "naming-convention"
        },
        {
            "confidence": "Medium",
            "filename": "/home/kaixuan/sast_study/solidity/smartbugs/samples/poc_shift/source_code_vuln/burn_sync/BIGFI_exp/DxBurnToken.sol",
            "impact": "Informational",
            "line": 1051,
            "message": "Variable DxBurnToken._transferBothExcluded(address,address,uint256).rTransferAmount (../..DxBurnToken.sol#1051) is too similar to DxBurnToken._getValues(uint256).tTransferAmount (../..DxBurnToken.sol#862)\n",
            "name": "similar-names"
        },
        {
            "confidence": "Medium",
            "filename": "/home/kaixuan/sast_study/solidity/smartbugs/samples/poc_shift/source_code_vuln/burn_sync/BIGFI_exp/DxBurnToken.sol",
            "impact": "Informational",
            "line": 863,
            "message": "Variable DxBurnToken._getValues(uint256).rTransferAmount (../..DxBurnToken.sol#863) is too similar to DxBurnToken._transferBothExcluded(address,address,uint256).tTransferAmount (../..DxBurnToken.sol#1051)\n",
            "name": "similar-names"
        },
        {
            "confidence": "Medium",
            "filename": "/home/kaixuan/sast_study/solidity/smartbugs/samples/poc_shift/source_code_vuln/burn_sync/BIGFI_exp/DxBurnToken.sol",
            "impact": "Informational",
            "line": 788,
            "message": "Variable DxBurnToken.reflectionFromToken(uint256,bool).rTransferAmount (../..DxBurnToken.sol#788) is too similar to DxBurnToken._getValues(uint256).tTransferAmount (../..DxBurnToken.sol#862)\n",
            "name": "similar-names"
        },
        {
            "confidence": "Medium",
            "filename": "/home/kaixuan/sast_study/solidity/smartbugs/samples/poc_shift/source_code_vuln/burn_sync/BIGFI_exp/DxBurnToken.sol",
            "impact": "Informational",
            "line": 1038,
            "message": "Variable DxBurnToken._transferFromExcluded(address,address,uint256).rTransferAmount (../..DxBurnToken.sol#1038) is too similar to DxBurnToken._transferStandard(address,address,uint256).tTransferAmount (../..DxBurnToken.sol#1013)\n",
            "name": "similar-names"
        },
        {
            "confidence": "Medium",
            "filename": "/home/kaixuan/sast_study/solidity/smartbugs/samples/poc_shift/source_code_vuln/burn_sync/BIGFI_exp/DxBurnToken.sol",
            "impact": "Informational",
            "line": 1013,
            "message": "Variable DxBurnToken._transferStandard(address,address,uint256).rTransferAmount (../..DxBurnToken.sol#1013) is too similar to DxBurnToken._getValues(uint256).tTransferAmount (../..DxBurnToken.sol#862)\n",
            "name": "similar-names"
        },
        {
            "confidence": "Medium",
            "filename": "/home/kaixuan/sast_study/solidity/smartbugs/samples/poc_shift/source_code_vuln/burn_sync/BIGFI_exp/DxBurnToken.sol",
            "impact": "Informational",
            "line": 1038,
            "message": "Variable DxBurnToken._transferFromExcluded(address,address,uint256).rTransferAmount (../..DxBurnToken.sol#1038) is too similar to DxBurnToken._getValues(uint256).tTransferAmount (../..DxBurnToken.sol#862)\n",
            "name": "similar-names"
        },
        {
            "confidence": "Medium",
            "filename": "/home/kaixuan/sast_study/solidity/smartbugs/samples/poc_shift/source_code_vuln/burn_sync/BIGFI_exp/DxBurnToken.sol",
            "impact": "Informational",
            "line": 1025,
            "message": "Variable DxBurnToken._transferToExcluded(address,address,uint256).rTransferAmount (../..DxBurnToken.sol#1025) is too similar to DxBurnToken._transferBothExcluded(address,address,uint256).tTransferAmount (../..DxBurnToken.sol#1051)\n",
            "name": "similar-names"
        },
        {
            "confidence": "Medium",
            "filename": "/home/kaixuan/sast_study/solidity/smartbugs/samples/poc_shift/source_code_vuln/burn_sync/BIGFI_exp/DxBurnToken.sol",
            "impact": "Informational",
            "line": 1051,
            "message": "Variable DxBurnToken._transferBothExcluded(address,address,uint256).rTransferAmount (../..DxBurnToken.sol#1051) is too similar to DxBurnToken._transferBothExcluded(address,address,uint256).tTransferAmount (../..DxBurnToken.sol#1051)\n",
            "name": "similar-names"
        },
        {
            "confidence": "Medium",
            "filename": "/home/kaixuan/sast_study/solidity/smartbugs/samples/poc_shift/source_code_vuln/burn_sync/BIGFI_exp/DxBurnToken.sol",
            "impact": "Informational",
            "line": 1051,
            "message": "Variable DxBurnToken._transferBothExcluded(address,address,uint256).rTransferAmount (../..DxBurnToken.sol#1051) is too similar to DxBurnToken._getTValues(uint256).tTransferAmount (../..DxBurnToken.sol#871)\n",
            "name": "similar-names"
        },
        {
            "confidence": "Medium",
            "filename": "/home/kaixuan/sast_study/solidity/smartbugs/samples/poc_shift/source_code_vuln/burn_sync/BIGFI_exp/DxBurnToken.sol",
            "impact": "Informational",
            "line": 1038,
            "message": "Variable DxBurnToken._transferFromExcluded(address,address,uint256).rTransferAmount (../..DxBurnToken.sol#1038) is too similar to DxBurnToken._transferToExcluded(address,address,uint256).tTransferAmount (../..DxBurnToken.sol#1025)\n",
            "name": "similar-names"
        },
        {
            "confidence": "Medium",
            "filename": "/home/kaixuan/sast_study/solidity/smartbugs/samples/poc_shift/source_code_vuln/burn_sync/BIGFI_exp/DxBurnToken.sol",
            "impact": "Informational",
            "line": 880,
            "message": "Variable DxBurnToken._getRValues(uint256,uint256,uint256,uint256,uint256).rTransferAmount (../..DxBurnToken.sol#880) is too similar to DxBurnToken._getValues(uint256).tTransferAmount (../..DxBurnToken.sol#862)\n",
            "name": "similar-names"
        },
        {
            "confidence": "Medium",
            "filename": "/home/kaixuan/sast_study/solidity/smartbugs/samples/poc_shift/source_code_vuln/burn_sync/BIGFI_exp/DxBurnToken.sol",
            "impact": "Informational",
            "line": 1038,
            "message": "Variable DxBurnToken._transferFromExcluded(address,address,uint256).rTransferAmount (../..DxBurnToken.sol#1038) is too similar to DxBurnToken._getTValues(uint256).tTransferAmount (../..DxBurnToken.sol#871)\n",
            "name": "similar-names"
        },
        {
            "confidence": "Medium",
            "filename": "/home/kaixuan/sast_study/solidity/smartbugs/samples/poc_shift/source_code_vuln/burn_sync/BIGFI_exp/DxBurnToken.sol",
            "impact": "Informational",
            "line": 1013,
            "message": "Variable DxBurnToken._transferStandard(address,address,uint256).rTransferAmount (../..DxBurnToken.sol#1013) is too similar to DxBurnToken._transferFromExcluded(address,address,uint256).tTransferAmount (../..DxBurnToken.sol#1038)\n",
            "name": "similar-names"
        },
        {
            "confidence": "Medium",
            "filename": "/home/kaixuan/sast_study/solidity/smartbugs/samples/poc_shift/source_code_vuln/burn_sync/BIGFI_exp/DxBurnToken.sol",
            "impact": "Informational",
            "line": 1025,
            "message": "Variable DxBurnToken._transferToExcluded(address,address,uint256).rTransferAmount (../..DxBurnToken.sol#1025) is too similar to DxBurnToken._transferStandard(address,address,uint256).tTransferAmount (../..DxBurnToken.sol#1013)\n",
            "name": "similar-names"
        },
        {
            "confidence": "Medium",
            "filename": "/home/kaixuan/sast_study/solidity/smartbugs/samples/poc_shift/source_code_vuln/burn_sync/BIGFI_exp/DxBurnToken.sol",
            "impact": "Informational",
            "line": 863,
            "message": "Variable DxBurnToken._getValues(uint256).rTransferAmount (../..DxBurnToken.sol#863) is too similar to DxBurnToken._getValues(uint256).tTransferAmount (../..DxBurnToken.sol#862)\n",
            "name": "similar-names"
        },
        {
            "confidence": "Medium",
            "filename": "/home/kaixuan/sast_study/solidity/smartbugs/samples/poc_shift/source_code_vuln/burn_sync/BIGFI_exp/DxBurnToken.sol",
            "impact": "Informational",
            "line": 646,
            "message": "Variable DxBurnToken._devWalletAddress (../..DxBurnToken.sol#646) is too similar to DxBurnToken.constructor(address,string,string,uint8,uint256,uint8[3],uint256[4],address).devWalletAddress_ (../..DxBurnToken.sol#672)\n",
            "name": "similar-names"
        },
        {
            "confidence": "Medium",
            "filename": "/home/kaixuan/sast_study/solidity/smartbugs/samples/poc_shift/source_code_vuln/burn_sync/BIGFI_exp/DxBurnToken.sol",
            "impact": "Informational",
            "line": 1038,
            "message": "Variable DxBurnToken._transferFromExcluded(address,address,uint256).rTransferAmount (../..DxBurnToken.sol#1038) is too similar to DxBurnToken._transferFromExcluded(address,address,uint256).tTransferAmount (../..DxBurnToken.sol#1038)\n",
            "name": "similar-names"
        },
        {
            "confidence": "Medium",
            "filename": "/home/kaixuan/sast_study/solidity/smartbugs/samples/poc_shift/source_code_vuln/burn_sync/BIGFI_exp/DxBurnToken.sol",
            "impact": "Informational",
            "line": 788,
            "message": "Variable DxBurnToken.reflectionFromToken(uint256,bool).rTransferAmount (../..DxBurnToken.sol#788) is too similar to DxBurnToken._getTValues(uint256).tTransferAmount (../..DxBurnToken.sol#871)\n",
            "name": "similar-names"
        },
        {
            "confidence": "Medium",
            "filename": "/home/kaixuan/sast_study/solidity/smartbugs/samples/poc_shift/source_code_vuln/burn_sync/BIGFI_exp/DxBurnToken.sol",
            "impact": "Informational",
            "line": 880,
            "message": "Variable DxBurnToken._getRValues(uint256,uint256,uint256,uint256,uint256).rTransferAmount (../..DxBurnToken.sol#880) is too similar to DxBurnToken._transferStandard(address,address,uint256).tTransferAmount (../..DxBurnToken.sol#1013)\n",
            "name": "similar-names"
        },
        {
            "confidence": "Medium",
            "filename": "/home/kaixuan/sast_study/solidity/smartbugs/samples/poc_shift/source_code_vuln/burn_sync/BIGFI_exp/DxBurnToken.sol",
            "impact": "Informational",
            "line": 863,
            "message": "Variable DxBurnToken._getValues(uint256).rTransferAmount (../..DxBurnToken.sol#863) is too similar to DxBurnToken._getTValues(uint256).tTransferAmount (../..DxBurnToken.sol#871)\n",
            "name": "similar-names"
        },
        {
            "confidence": "Medium",
            "filename": "/home/kaixuan/sast_study/solidity/smartbugs/samples/poc_shift/source_code_vuln/burn_sync/BIGFI_exp/DxBurnToken.sol",
            "impact": "Informational",
            "line": 1025,
            "message": "Variable DxBurnToken._transferToExcluded(address,address,uint256).rTransferAmount (../..DxBurnToken.sol#1025) is too similar to DxBurnToken._transferToExcluded(address,address,uint256).tTransferAmount (../..DxBurnToken.sol#1025)\n",
            "name": "similar-names"
        },
        {
            "confidence": "Medium",
            "filename": "/home/kaixuan/sast_study/solidity/smartbugs/samples/poc_shift/source_code_vuln/burn_sync/BIGFI_exp/DxBurnToken.sol",
            "impact": "Informational",
            "line": 1038,
            "message": "Variable DxBurnToken._transferFromExcluded(address,address,uint256).rTransferAmount (../..DxBurnToken.sol#1038) is too similar to DxBurnToken._transferBothExcluded(address,address,uint256).tTransferAmount (../..DxBurnToken.sol#1051)\n",
            "name": "similar-names"
        },
        {
            "confidence": "Medium",
            "filename": "/home/kaixuan/sast_study/solidity/smartbugs/samples/poc_shift/source_code_vuln/burn_sync/BIGFI_exp/DxBurnToken.sol",
            "impact": "Informational",
            "line": 1025,
            "message": "Variable DxBurnToken._transferToExcluded(address,address,uint256).rTransferAmount (../..DxBurnToken.sol#1025) is too similar to DxBurnToken._getValues(uint256).tTransferAmount (../..DxBurnToken.sol#862)\n",
            "name": "similar-names"
        },
        {
            "confidence": "Medium",
            "filename": "/home/kaixuan/sast_study/solidity/smartbugs/samples/poc_shift/source_code_vuln/burn_sync/BIGFI_exp/DxBurnToken.sol",
            "impact": "Informational",
            "line": 1025,
            "message": "Variable DxBurnToken._transferToExcluded(address,address,uint256).rTransferAmount (../..DxBurnToken.sol#1025) is too similar to DxBurnToken._transferFromExcluded(address,address,uint256).tTransferAmount (../..DxBurnToken.sol#1038)\n",
            "name": "similar-names"
        },
        {
            "confidence": "Medium",
            "filename": "/home/kaixuan/sast_study/solidity/smartbugs/samples/poc_shift/source_code_vuln/burn_sync/BIGFI_exp/DxBurnToken.sol",
            "impact": "Informational",
            "line": 880,
            "message": "Variable DxBurnToken._getRValues(uint256,uint256,uint256,uint256,uint256).rTransferAmount (../..DxBurnToken.sol#880) is too similar to DxBurnToken._transferFromExcluded(address,address,uint256).tTransferAmount (../..DxBurnToken.sol#1038)\n",
            "name": "similar-names"
        },
        {
            "confidence": "Medium",
            "filename": "/home/kaixuan/sast_study/solidity/smartbugs/samples/poc_shift/source_code_vuln/burn_sync/BIGFI_exp/DxBurnToken.sol",
            "impact": "Informational",
            "line": 863,
            "message": "Variable DxBurnToken._getValues(uint256).rTransferAmount (../..DxBurnToken.sol#863) is too similar to DxBurnToken._transferToExcluded(address,address,uint256).tTransferAmount (../..DxBurnToken.sol#1025)\n",
            "name": "similar-names"
        },
        {
            "confidence": "Medium",
            "filename": "/home/kaixuan/sast_study/solidity/smartbugs/samples/poc_shift/source_code_vuln/burn_sync/BIGFI_exp/DxBurnToken.sol",
            "impact": "Informational",
            "line": 863,
            "message": "Variable DxBurnToken._getValues(uint256).rTransferAmount (../..DxBurnToken.sol#863) is too similar to DxBurnToken._transferFromExcluded(address,address,uint256).tTransferAmount (../..DxBurnToken.sol#1038)\n",
            "name": "similar-names"
        },
        {
            "confidence": "Medium",
            "filename": "/home/kaixuan/sast_study/solidity/smartbugs/samples/poc_shift/source_code_vuln/burn_sync/BIGFI_exp/DxBurnToken.sol",
            "impact": "Informational",
            "line": 788,
            "message": "Variable DxBurnToken.reflectionFromToken(uint256,bool).rTransferAmount (../..DxBurnToken.sol#788) is too similar to DxBurnToken._transferToExcluded(address,address,uint256).tTransferAmount (../..DxBurnToken.sol#1025)\n",
            "name": "similar-names"
        },
        {
            "confidence": "Medium",
            "filename": "/home/kaixuan/sast_study/solidity/smartbugs/samples/poc_shift/source_code_vuln/burn_sync/BIGFI_exp/DxBurnToken.sol",
            "impact": "Informational",
            "line": 880,
            "message": "Variable DxBurnToken._getRValues(uint256,uint256,uint256,uint256,uint256).rTransferAmount (../..DxBurnToken.sol#880) is too similar to DxBurnToken._transferBothExcluded(address,address,uint256).tTransferAmount (../..DxBurnToken.sol#1051)\n",
            "name": "similar-names"
        },
        {
            "confidence": "Medium",
            "filename": "/home/kaixuan/sast_study/solidity/smartbugs/samples/poc_shift/source_code_vuln/burn_sync/BIGFI_exp/DxBurnToken.sol",
            "impact": "Informational",
            "line": 1051,
            "message": "Variable DxBurnToken._transferBothExcluded(address,address,uint256).rTransferAmount (../..DxBurnToken.sol#1051) is too similar to DxBurnToken._transferToExcluded(address,address,uint256).tTransferAmount (../..DxBurnToken.sol#1025)\n",
            "name": "similar-names"
        },
        {
            "confidence": "Medium",
            "filename": "/home/kaixuan/sast_study/solidity/smartbugs/samples/poc_shift/source_code_vuln/burn_sync/BIGFI_exp/DxBurnToken.sol",
            "impact": "Informational",
            "line": 1051,
            "message": "Variable DxBurnToken._transferBothExcluded(address,address,uint256).rTransferAmount (../..DxBurnToken.sol#1051) is too similar to DxBurnToken._transferFromExcluded(address,address,uint256).tTransferAmount (../..DxBurnToken.sol#1038)\n",
            "name": "similar-names"
        },
        {
            "confidence": "Medium",
            "filename": "/home/kaixuan/sast_study/solidity/smartbugs/samples/poc_shift/source_code_vuln/burn_sync/BIGFI_exp/DxBurnToken.sol",
            "impact": "Informational",
            "line": 1013,
            "message": "Variable DxBurnToken._transferStandard(address,address,uint256).rTransferAmount (../..DxBurnToken.sol#1013) is too similar to DxBurnToken._transferBothExcluded(address,address,uint256).tTransferAmount (../..DxBurnToken.sol#1051)\n",
            "name": "similar-names"
        },
        {
            "confidence": "Medium",
            "filename": "/home/kaixuan/sast_study/solidity/smartbugs/samples/poc_shift/source_code_vuln/burn_sync/BIGFI_exp/DxBurnToken.sol",
            "impact": "Informational",
            "line": 880,
            "message": "Variable DxBurnToken._getRValues(uint256,uint256,uint256,uint256,uint256).rTransferAmount (../..DxBurnToken.sol#880) is too similar to DxBurnToken._getTValues(uint256).tTransferAmount (../..DxBurnToken.sol#871)\n",
            "name": "similar-names"
        },
        {
            "confidence": "Medium",
            "filename": "/home/kaixuan/sast_study/solidity/smartbugs/samples/poc_shift/source_code_vuln/burn_sync/BIGFI_exp/DxBurnToken.sol",
            "impact": "Informational",
            "line": 1013,
            "message": "Variable DxBurnToken._transferStandard(address,address,uint256).rTransferAmount (../..DxBurnToken.sol#1013) is too similar to DxBurnToken._transferStandard(address,address,uint256).tTransferAmount (../..DxBurnToken.sol#1013)\n",
            "name": "similar-names"
        },
        {
            "confidence": "Medium",
            "filename": "/home/kaixuan/sast_study/solidity/smartbugs/samples/poc_shift/source_code_vuln/burn_sync/BIGFI_exp/DxBurnToken.sol",
            "impact": "Informational",
            "line": 788,
            "message": "Variable DxBurnToken.reflectionFromToken(uint256,bool).rTransferAmount (../..DxBurnToken.sol#788) is too similar to DxBurnToken._transferStandard(address,address,uint256).tTransferAmount (../..DxBurnToken.sol#1013)\n",
            "name": "similar-names"
        },
        {
            "confidence": "Medium",
            "filename": "/home/kaixuan/sast_study/solidity/smartbugs/samples/poc_shift/source_code_vuln/burn_sync/BIGFI_exp/DxBurnToken.sol",
            "impact": "Informational",
            "line": 1013,
            "message": "Variable DxBurnToken._transferStandard(address,address,uint256).rTransferAmount (../..DxBurnToken.sol#1013) is too similar to DxBurnToken._getTValues(uint256).tTransferAmount (../..DxBurnToken.sol#871)\n",
            "name": "similar-names"
        },
        {
            "confidence": "Medium",
            "filename": "/home/kaixuan/sast_study/solidity/smartbugs/samples/poc_shift/source_code_vuln/burn_sync/BIGFI_exp/DxBurnToken.sol",
            "impact": "Informational",
            "line": 788,
            "message": "Variable DxBurnToken.reflectionFromToken(uint256,bool).rTransferAmount (../..DxBurnToken.sol#788) is too similar to DxBurnToken._transferBothExcluded(address,address,uint256).tTransferAmount (../..DxBurnToken.sol#1051)\n",
            "name": "similar-names"
        },
        {
            "confidence": "Medium",
            "filename": "/home/kaixuan/sast_study/solidity/smartbugs/samples/poc_shift/source_code_vuln/burn_sync/BIGFI_exp/DxBurnToken.sol",
            "impact": "Informational",
            "line": 880,
            "message": "Variable DxBurnToken._getRValues(uint256,uint256,uint256,uint256,uint256).rTransferAmount (../..DxBurnToken.sol#880) is too similar to DxBurnToken._transferToExcluded(address,address,uint256).tTransferAmount (../..DxBurnToken.sol#1025)\n",
            "name": "similar-names"
        },
        {
            "confidence": "Medium",
            "filename": "/home/kaixuan/sast_study/solidity/smartbugs/samples/poc_shift/source_code_vuln/burn_sync/BIGFI_exp/DxBurnToken.sol",
            "impact": "Informational",
            "line": 1013,
            "message": "Variable DxBurnToken._transferStandard(address,address,uint256).rTransferAmount (../..DxBurnToken.sol#1013) is too similar to DxBurnToken._transferToExcluded(address,address,uint256).tTransferAmount (../..DxBurnToken.sol#1025)\n",
            "name": "similar-names"
        },
        {
            "confidence": "Medium",
            "filename": "/home/kaixuan/sast_study/solidity/smartbugs/samples/poc_shift/source_code_vuln/burn_sync/BIGFI_exp/DxBurnToken.sol",
            "impact": "Informational",
            "line": 863,
            "message": "Variable DxBurnToken._getValues(uint256).rTransferAmount (../..DxBurnToken.sol#863) is too similar to DxBurnToken._transferStandard(address,address,uint256).tTransferAmount (../..DxBurnToken.sol#1013)\n",
            "name": "similar-names"
        },
        {
            "confidence": "Medium",
            "filename": "/home/kaixuan/sast_study/solidity/smartbugs/samples/poc_shift/source_code_vuln/burn_sync/BIGFI_exp/DxBurnToken.sol",
            "impact": "Informational",
            "line": 1025,
            "message": "Variable DxBurnToken._transferToExcluded(address,address,uint256).rTransferAmount (../..DxBurnToken.sol#1025) is too similar to DxBurnToken._getTValues(uint256).tTransferAmount (../..DxBurnToken.sol#871)\n",
            "name": "similar-names"
        },
        {
            "confidence": "Medium",
            "filename": "/home/kaixuan/sast_study/solidity/smartbugs/samples/poc_shift/source_code_vuln/burn_sync/BIGFI_exp/DxBurnToken.sol",
            "impact": "Informational",
            "line": 788,
            "message": "Variable DxBurnToken.reflectionFromToken(uint256,bool).rTransferAmount (../..DxBurnToken.sol#788) is too similar to DxBurnToken._transferFromExcluded(address,address,uint256).tTransferAmount (../..DxBurnToken.sol#1038)\n",
            "name": "similar-names"
        },
        {
            "confidence": "Medium",
            "filename": "/home/kaixuan/sast_study/solidity/smartbugs/samples/poc_shift/source_code_vuln/burn_sync/BIGFI_exp/DxBurnToken.sol",
            "impact": "Informational",
            "line": 1051,
            "message": "Variable DxBurnToken._transferBothExcluded(address,address,uint256).rTransferAmount (../..DxBurnToken.sol#1051) is too similar to DxBurnToken._transferStandard(address,address,uint256).tTransferAmount (../..DxBurnToken.sol#1013)\n",
            "name": "similar-names"
        },
        {
            "confidence": "High",
            "filename": "/home/kaixuan/sast_study/solidity/smartbugs/samples/poc_shift/source_code_vuln/burn_sync/BIGFI_exp/DxBurnToken.sol",
            "impact": "Optimization",
            "line": 892,
            "message": "Loop condition i < _excluded.length (../..DxBurnToken.sol#892) should use cached array length instead of referencing `length` member of the storage array.\n ",
            "name": "cache-array-length"
        },
        {
            "confidence": "High",
            "filename": "/home/kaixuan/sast_study/solidity/smartbugs/samples/poc_shift/source_code_vuln/burn_sync/BIGFI_exp/DxBurnToken.sol",
            "impact": "Optimization",
            "line": 629,
            "message": "DxBurnToken.dead (../..DxBurnToken.sol#629) should be constant \n",
            "name": "constable-states"
        },
        {
            "confidence": "High",
            "filename": "/home/kaixuan/sast_study/solidity/smartbugs/samples/poc_shift/source_code_vuln/burn_sync/BIGFI_exp/DxBurnToken.sol",
            "impact": "Optimization",
            "line": 653,
            "message": "DxBurnToken.mintedByDxsale (../..DxBurnToken.sol#653) should be constant \n",
            "name": "constable-states"
        },
        {
            "confidence": "High",
            "filename": "/home/kaixuan/sast_study/solidity/smartbugs/samples/poc_shift/source_code_vuln/burn_sync/BIGFI_exp/DxBurnToken.sol",
            "impact": "Optimization",
            "line": 630,
            "message": "DxBurnToken.maxTaxFee (../..DxBurnToken.sol#630) should be immutable \n",
            "name": "immutable-states"
        },
        {
            "confidence": "High",
            "filename": "/home/kaixuan/sast_study/solidity/smartbugs/samples/poc_shift/source_code_vuln/burn_sync/BIGFI_exp/DxBurnToken.sol",
            "impact": "Optimization",
            "line": 631,
            "message": "DxBurnToken.maxDevFee (../..DxBurnToken.sol#631) should be immutable \n",
            "name": "immutable-states"
        },
        {
            "confidence": "High",
            "filename": "/home/kaixuan/sast_study/solidity/smartbugs/samples/poc_shift/source_code_vuln/burn_sync/BIGFI_exp/DxBurnToken.sol",
            "impact": "Optimization",
            "line": 656,
            "message": "DxBurnToken._decimals (../..DxBurnToken.sol#656) should be immutable \n",
            "name": "immutable-states"
        },
        {
            "confidence": "High",
            "filename": "/home/kaixuan/sast_study/solidity/smartbugs/samples/poc_shift/source_code_vuln/burn_sync/BIGFI_exp/DxBurnToken.sol",
            "impact": "Optimization",
            "line": 633,
            "message": "DxBurnToken.minMxTxPercentage (../..DxBurnToken.sol#633) should be immutable \n",
            "name": "immutable-states"
        },
        {
            "confidence": "High",
            "filename": "/home/kaixuan/sast_study/solidity/smartbugs/samples/poc_shift/source_code_vuln/burn_sync/BIGFI_exp/DxBurnToken.sol",
            "impact": "Optimization",
            "line": 632,
            "message": "DxBurnToken.maxBurnFee (../..DxBurnToken.sol#632) should be immutable \n",
            "name": "immutable-states"
        }
    ],
    "infos": [],
    "parser": {
        "id": "slither",
        "mode": "solidity",
        "version": "2022/11/14"
    }
}
